tag,step,wall_time,value,event_file
Episode_Reward/absolute_anchor_route,92150,1789318323.8835979,-8.005814379430376e-06,events.out.tfevents.1789318322.zzx23457-System-Product-Name.1923089.0
Episode_Reward/absolute_anchor_route,92151,1789318324.9439943,-4.098031422472559e-05,events.out.tfevents.1789318322.zzx23457-System-Product-Name.1923089.0
Episode_Reward/absolute_anchor_route,92152,1789318325.754051,-3.329157698317431e-05,events.out.tfevents.1789318322.zzx23457-System-Product-Name.1923089.0
Episode_Reward/absolute_anchor_route,92153,1789318326.5604656,-0.006424484308809042,events.out.tfevents.1789318322.zzx23457-System-Product-Name.1923089.0
Episode_Reward/absolute_anchor_route,92154,1789318327.3836641,-0.004561969079077244,events.out.tfevents.1789318322.zzx23457-System-Product-Name.1923089.0
Episode_Reward/absolute_anchor_route,92155,1789318328.1981065,-0.005059329327195883,events.out.tfevents.1789318322.zzx23457-System-Product-Name.1923089.0
Episode_Reward/absolute_anchor_route,92156,1789318329.277688,-0.0008033117046579719,events.out.tfevents.1789318322.zzx23457-System-Product-Name.1923089.0
Episode_Reward/absolute_anchor_route,92157,1789318330.0938404,-0.0033089600037783384,events.out.tfevents.1789318322.zzx23457-System-Product-Name.1923089.0
Episode_Reward/absolute_feet_route,92150,1789318323.883751,-4.0254308260045946e-06,events.out.tfevents.1789318322.zzx23457-System-Product-Name.1923089.0
Episode_Reward/absolute_feet_route,92151,1789318324.944123,-3.7689849705202505e-05,events.out.tfevents.1789318322.zzx23457-System-Product-Name.1923089.0
Episode_Reward/absolute_feet_route,92152,1789318325.7541873,-3.951864709961228e-05,events.out.tfevents.1789318322.zzx23457-System-Product-Name.1923089.0
Episode_Reward/absolute_feet_route,92153,1789318326.5606017,-0.005501481704413891,events.out.tfevents.1789318322.zzx23457-System-Product-Name.1923089.0
Episode_Reward/absolute_feet_route,92154,1789318327.3837955,-0.002128372434526682,events.out.tfevents.1789318322.zzx23457-System-Product-Name.1923089.0
Episode_Reward/absolute_feet_route,92155,1789318328.1982448,-0.003630788763985038,events.out.tfevents.1789318322.zzx23457-System-Product-Name.1923089.0
Episode_Reward/absolute_feet_route,92156,1789318329.2778237,-0.0005560916615650058,events.out.tfevents.1789318322.zzx23457-System-Product-Name.1923089.0
Episode_Reward/absolute_feet_route,92157,1789318330.0939705,-0.002217178698629141,events.out.tfevents.1789318322.zzx23457-System-Product-Name.1923089.0
Episode_Reward/action_rate_l2,92150,1789318323.8772671,-8.594936662120745e-05,events.out.tfevents.1789318322.zzx23457-System-Product-Name.1923089.0
Episode_Reward/action_rate_l2,92151,1789318324.9375017,-0.0005890532047487795,events.out.tfevents.1789318322.zzx23457-System-Product-Name.1923089.0
Episode_Reward/action_rate_l2,92152,1789318325.7473679,-0.0005562059814110398,events.out.tfevents.1789318322.zzx23457-System-Product-Name.1923089.0
Episode_Reward/action_rate_l2,92153,1789318326.55489,-0.0043303752318024635,events.out.tfevents.1789318322.zzx23457-System-Product-Name.1923089.0
Episode_Reward/action_rate_l2,92154,1789318327.3779173,-0.0014252227265387774,events.out.tfevents.1789318322.zzx23457-System-Product-Name.1923089.0
Episode_Reward/action_rate_l2,92155,1789318328.1925204,-0.001976381056010723,events.out.tfevents.1789318322.zzx23457-System-Product-Name.1923089.0
Episode_Reward/action_rate_l2,92156,1789318329.2722192,-0.0012891845544800162,events.out.tfevents.1789318322.zzx23457-System-Product-Name.1923089.0
Episode_Reward/action_rate_l2,92157,1789318330.0880666,-0.0017969596665352583,events.out.tfevents.1789318322.zzx23457-System-Product-Name.1923089.0
Episode_Reward/action_smoothness_l2,92150,1789318323.8798752,-0.0002595096593722701,events.out.tfevents.1789318322.zzx23457-System-Product-Name.1923089.0
Episode_Reward/action_smoothness_l2,92151,1789318324.9401886,-0.0015959534794092178,events.out.tfevents.1789318322.zzx23457-System-Product-Name.1923089.0
Episode_Reward/action_smoothness_l2,92152,1789318325.7496414,-0.0014359124470502138,events.out.tfevents.1789318322.zzx23457-System-Product-Name.1923089.0
Episode_Reward/action_smoothness_l2,92153,1789318326.5572145,-0.00830388069152832,events.out.tfevents.1789318322.zzx23457-System-Product-Name.1923089.0
Episode_Reward/action_smoothness_l2,92154,1789318327.3802104,-0.0023818579502403736,events.out.tfevents.1789318322.zzx23457-System-Product-Name.1923089.0
Episode_Reward/action_smoothness_l2,92155,1789318328.1948426,-0.0038299555890262127,events.out.tfevents.1789318322.zzx23457-System-Product-Name.1923089.0
Episode_Reward/action_smoothness_l2,92156,1789318329.2744887,-0.0021371119655668736,events.out.tfevents.1789318322.zzx23457-System-Product-Name.1923089.0
Episode_Reward/action_smoothness_l2,92157,1789318330.0903926,-0.00313089182600379,events.out.tfevents.1789318322.zzx23457-System-Product-Name.1923089.0
Episode_Reward/backward_velocity,92150,1789318323.8812761,-9.103669071919285e-06,events.out.tfevents.1789318322.zzx23457-System-Product-Name.1923089.0
Episode_Reward/backward_velocity,92151,1789318324.9418654,-1.820733814383857e-05,events.out.tfevents.1789318322.zzx23457-System-Product-Name.1923089.0
Episode_Reward/backward_velocity,92152,1789318325.7509935,0.0,events.out.tfevents.1789318322.zzx23457-System-Product-Name.1923089.0
Episode_Reward/backward_velocity,92153,1789318326.5584328,-0.0004930978175252676,events.out.tfevents.1789318322.zzx23457-System-Product-Name.1923089.0
Episode_Reward/backward_velocity,92154,1789318327.3814166,-0.00011609587090788409,events.out.tfevents.1789318322.zzx23457-System-Product-Name.1923089.0
Episode_Reward/backward_velocity,92155,1789318328.196066,-0.00029895000625401735,events.out.tfevents.1789318322.zzx23457-System-Product-Name.1923089.0
Episode_Reward/backward_velocity,92156,1789318329.275686,-0.0002997198607772589,events.out.tfevents.1789318322.zzx23457-System-Product-Name.1923089.0
Episode_Reward/backward_velocity,92157,1789318330.091805,-0.001425216905772686,events.out.tfevents.1789318322.zzx23457-System-Product-Name.1923089.0
Episode_Reward/feet_contact_forces,92150,1789318323.8787978,0.0,events.out.tfevents.1789318322.zzx23457-System-Product-Name.1923089.0
Episode_Reward/feet_contact_forces,92151,1789318324.9390857,0.0,events.out.tfevents.1789318322.zzx23457-System-Product-Name.1923089.0
Episode_Reward/feet_contact_forces,92152,1789318325.7487092,0.0,events.out.tfevents.1789318322.zzx23457-System-Product-Name.1923089.0
Episode_Reward/feet_contact_forces,92153,1789318326.5562644,0.0,events.out.tfevents.1789318322.zzx23457-System-Product-Name.1923089.0
Episode_Reward/feet_contact_forces,92154,1789318327.3792698,0.0,events.out.tfevents.1789318322.zzx23457-System-Product-Name.1923089.0
Episode_Reward/feet_contact_forces,92155,1789318328.1939025,0.0,events.out.tfevents.1789318322.zzx23457-System-Product-Name.1923089.0
Episode_Reward/feet_contact_forces,92156,1789318329.2735488,0.0,events.out.tfevents.1789318322.zzx23457-System-Product-Name.1923089.0
Episode_Reward/feet_contact_forces,92157,1789318330.0894594,0.0,events.out.tfevents.1789318322.zzx23457-System-Product-Name.1923089.0
Episode_Reward/feet_slide_vel,92150,1789318323.878946,-3.904384720954113e-05,events.out.tfevents.1789318322.zzx23457-System-Product-Name.1923089.0
Episode_Reward/feet_slide_vel,92151,1789318324.9392421,-0.00020897630020044744,events.out.tfevents.1789318322.zzx23457-System-Product-Name.1923089.0
Episode_Reward/feet_slide_vel,92152,1789318325.7488375,-0.00017451813619118184,events.out.tfevents.1789318322.zzx23457-System-Product-Name.1923089.0
Episode_Reward/feet_slide_vel,92153,1789318326.5563989,-0.004083910491317511,events.out.tfevents.1789318322.zzx23457-System-Product-Name.1923089.0
Episode_Reward/feet_slide_vel,92154,1789318327.379402,-0.0019951199647039175,events.out.tfevents.1789318322.zzx23457-System-Product-Name.1923089.0
Episode_Reward/feet_slide_vel,92155,1789318328.1940365,-0.001883963355794549,events.out.tfevents.1789318322.zzx23457-System-Product-Name.1923089.0
Episode_Reward/feet_slide_vel,92156,1789318329.273681,-0.0015304610133171082,events.out.tfevents.1789318322.zzx23457-System-Product-Name.1923089.0
Episode_Reward/feet_slide_vel,92157,1789318330.0895908,-0.0027371863834559917,events.out.tfevents.1789318322.zzx23457-System-Product-Name.1923089.0
Episode_Reward/finite_memory_composite_probe,92150,1789318323.887161,0.0,events.out.tfevents.1789318322.zzx23457-System-Product-Name.1923089.0
Episode_Reward/finite_memory_composite_probe,92151,1789318324.946781,0.0,events.out.tfevents.1789318322.zzx23457-System-Product-Name.1923089.0
Episode_Reward/finite_memory_composite_probe,92152,1789318325.756841,0.0,events.out.tfevents.1789318322.zzx23457-System-Product-Name.1923089.0
Episode_Reward/finite_memory_composite_probe,92153,1789318326.563904,-1.0413732376424178e-10,events.out.tfevents.1789318322.zzx23457-System-Product-Name.1923089.0
Episode_Reward/finite_memory_composite_probe,92154,1789318327.3864698,-3.460714353975547e-11,events.out.tfevents.1789318322.zzx23457-System-Product-Name.1923089.0
Episode_Reward/finite_memory_composite_probe,92155,1789318328.2009375,-2.2750877570754113e-11,events.out.tfevents.1789318322.zzx23457-System-Product-Name.1923089.0
Episode_Reward/finite_memory_composite_probe,92156,1789318329.2804751,0.0,events.out.tfevents.1789318322.zzx23457-System-Product-Name.1923089.0
Episode_Reward/finite_memory_composite_probe,92157,1789318330.0966618,-1.3328213532837196e-11,events.out.tfevents.1789318322.zzx23457-System-Product-Name.1923089.0
Episode_Reward/forward_route_overshoot,92150,1789318323.8842185,0.0,events.out.tfevents.1789318322.zzx23457-System-Product-Name.1923089.0
Episode_Reward/forward_route_overshoot,92151,1789318324.9445179,0.0,events.out.tfevents.1789318322.zzx23457-System-Product-Name.1923089.0
Episode_Reward/forward_route_overshoot,92152,1789318325.7545822,0.0,events.out.tfevents.1789318322.zzx23457-System-Product-Name.1923089.0
Episode_Reward/forward_route_overshoot,92153,1789318326.561007,-0.00020258306176401675,events.out.tfevents.1789318322.zzx23457-System-Product-Name.1923089.0
Episode_Reward/forward_route_overshoot,92154,1789318327.3842,-0.00034189780126325786,events.out.tfevents.1789318322.zzx23457-System-Product-Name.1923089.0
Episode_Reward/forward_route_overshoot,92155,1789318328.1986523,-0.0002046917797997594,events.out.tfevents.1789318322.zzx23457-System-Product-Name.1923089.0
Episode_Reward/forward_route_overshoot,92156,1789318329.2782235,0.0,events.out.tfevents.1789318322.zzx23457-System-Product-Name.1923089.0
Episode_Reward/forward_route_overshoot,92157,1789318330.094376,0.0,events.out.tfevents.1789318322.zzx23457-System-Product-Name.1923089.0
Episode_Reward/instant_constraint_probe,92150,1789318323.8859375,0.0,events.out.tfevents.1789318322.zzx23457-System-Product-Name.1923089.0
Episode_Reward/instant_constraint_probe,92151,1789318324.945981,0.0,events.out.tfevents.1789318322.zzx23457-System-Product-Name.1923089.0
Episode_Reward/instant_constraint_probe,92152,1789318325.7560415,0.0,events.out.tfevents.1789318322.zzx23457-System-Product-Name.1923089.0
Episode_Reward/instant_constraint_probe,92153,1789318326.5626805,-2.9069687629279528e-11,events.out.tfevents.1789318322.zzx23457-System-Product-Name.1923089.0
Episode_Reward/instant_constraint_probe,92154,1789318327.3856697,-2.61885196688183e-12,events.out.tfevents.1789318322.zzx23457-System-Product-Name.1923089.0
Episode_Reward/instant_constraint_probe,92155,1789318328.2001257,-1.1430875343498847e-11,events.out.tfevents.1789318322.zzx23457-System-Product-Name.1923089.0
Episode_Reward/instant_constraint_probe,92156,1789318329.2796862,0.0,events.out.tfevents.1789318322.zzx23457-System-Product-Name.1923089.0
Episode_Reward/instant_constraint_probe,92157,1789318330.0958555,-5.267024663635489e-12,events.out.tfevents.1789318322.zzx23457-System-Product-Name.1923089.0
Episode_Reward/joint_acceleration_l2,92150,1789318323.8794155,-4.854951112065464e-05,events.out.tfevents.1789318322.zzx23457-System-Product-Name.1923089.0
Episode_Reward/joint_acceleration_l2,92151,1789318324.9397058,-0.00021363282576203346,events.out.tfevents.1789318322.zzx23457-System-Product-Name.1923089.0
Episode_Reward/joint_acceleration_l2,92152,1789318325.7492373,-0.0001553784095449373,events.out.tfevents.1789318322.zzx23457-System-Product-Name.1923089.0
Episode_Reward/joint_acceleration_l2,92153,1789318326.5568051,-0.002048925496637821,events.out.tfevents.1789318322.zzx23457-System-Product-Name.1923089.0
Episode_Reward/joint_acceleration_l2,92154,1789318327.3798037,-0.00047382613411173224,events.out.tfevents.1789318322.zzx23457-System-Product-Name.1923089.0
Episode_Reward/joint_acceleration_l2,92155,1789318328.1944385,-0.0009871021611616015,events.out.tfevents.1789318322.zzx23457-System-Product-Name.1923089.0
Episode_Reward/joint_acceleration_l2,92156,1789318329.2740808,-0.0007162573747336864,events.out.tfevents.1789318322.zzx23457-System-Product-Name.1923089.0
Episode_Reward/joint_acceleration_l2,92157,1789318330.0899901,-0.00043524018838070333,events.out.tfevents.1789318322.zzx23457-System-Product-Name.1923089.0
Episode_Reward/joint_limit,92150,1789318323.8774211,0.0,events.out.tfevents.1789318322.zzx23457-System-Product-Name.1923089.0
Episode_Reward/joint_limit,92151,1789318324.9376564,0.0,events.out.tfevents.1789318322.zzx23457-System-Product-Name.1923089.0
Episode_Reward/joint_limit,92152,1789318325.7475,0.0,events.out.tfevents.1789318322.zzx23457-System-Product-Name.1923089.0
Episode_Reward/joint_limit,92153,1789318326.5550272,-6.905259397171903e-06,events.out.tfevents.1789318322.zzx23457-System-Product-Name.1923089.0
Episode_Reward/joint_limit,92154,1789318327.3780603,-1.1555982837307965e-06,events.out.tfevents.1789318322.zzx23457-System-Product-Name.1923089.0
Episode_Reward/joint_limit,92155,1789318328.1926727,-3.090241762038204e-06,events.out.tfevents.1789318322.zzx23457-System-Product-Name.1923089.0
Episode_Reward/joint_limit,92156,1789318329.2723544,0.0,events.out.tfevents.1789318322.zzx23457-System-Product-Name.1923089.0
Episode_Reward/joint_limit,92157,1789318330.0882235,-2.138555373676354e-06,events.out.tfevents.1789318322.zzx23457-System-Product-Name.1923089.0
Episode_Reward/joint_power_l1,92150,1789318323.8797228,-2.975996267196024e-06,events.out.tfevents.1789318322.zzx23457-System-Product-Name.1923089.0
Episode_Reward/joint_power_l1,92151,1789318324.9400256,-2.8534042940009385e-05,events.out.tfevents.1789318322.zzx23457-System-Product-Name.1923089.0
Episode_Reward/joint_power_l1,92152,1789318325.7495096,-3.010940235981252e-05,events.out.tfevents.1789318322.zzx23457-System-Product-Name.1923089.0
Episode_Reward/joint_power_l1,92153,1789318326.5570774,-0.00024100864538922906,events.out.tfevents.1789318322.zzx23457-System-Product-Name.1923089.0
Episode_Reward/joint_power_l1,92154,1789318327.3800714,-0.000110447290353477,events.out.tfevents.1789318322.zzx23457-System-Product-Name.1923089.0
Episode_Reward/joint_power_l1,92155,1789318328.1947095,-0.0001699601416476071,events.out.tfevents.1789318322.zzx23457-System-Product-Name.1923089.0
Episode_Reward/joint_power_l1,92156,1789318329.274356,-0.00015156122390180826,events.out.tfevents.1789318322.zzx23457-System-Product-Name.1923089.0
Episode_Reward/joint_power_l1,92157,1789318330.0902581,-0.00022417271975427866,events.out.tfevents.1789318322.zzx23457-System-Product-Name.1923089.0
Episode_Reward/joint_torque_l2,92150,1789318323.8795712,-0.0001916480832733214,events.out.tfevents.1789318322.zzx23457-System-Product-Name.1923089.0
Episode_Reward/joint_torque_l2,92151,1789318324.939876,-0.0018398694228380919,events.out.tfevents.1789318322.zzx23457-System-Product-Name.1923089.0
Episode_Reward/joint_torque_l2,92152,1789318325.749373,-0.0019420975586399436,events.out.tfevents.1789318322.zzx23457-System-Product-Name.1923089.0
Episode_Reward/joint_torque_l2,92153,1789318326.556941,-0.0048179952427744865,events.out.tfevents.1789318322.zzx23457-System-Product-Name.1923089.0
Episode_Reward/joint_torque_l2,92154,1789318327.379936,-0.006412025541067123,events.out.tfevents.1789318322.zzx23457-System-Product-Name.1923089.0
Episode_Reward/joint_torque_l2,92155,1789318328.1945713,-0.007981006056070328,events.out.tfevents.1789318322.zzx23457-System-Product-Name.1923089.0
Episode_Reward/joint_torque_l2,92156,1789318329.2742195,-0.008843403309583664,events.out.tfevents.1789318322.zzx23457-System-Product-Name.1923089.0
Episode_Reward/joint_torque_l2,92157,1789318330.090124,-0.010780973359942436,events.out.tfevents.1789318322.zzx23457-System-Product-Name.1923089.0
Episode_Reward/joint_vel_limits,92150,1789318323.8775737,0.0,events.out.tfevents.1789318322.zzx23457-System-Product-Name.1923089.0
Episode_Reward/joint_vel_limits,92151,1789318324.937821,0.0,events.out.tfevents.1789318322.zzx23457-System-Product-Name.1923089.0
Episode_Reward/joint_vel_limits,92152,1789318325.7476363,0.0,events.out.tfevents.1789318322.zzx23457-System-Product-Name.1923089.0
Episode_Reward/joint_vel_limits,92153,1789318326.555163,0.0,events.out.tfevents.1789318322.zzx23457-System-Product-Name.1923089.0
Episode_Reward/joint_vel_limits,92154,1789318327.378199,0.0,events.out.tfevents.1789318322.zzx23457-System-Product-Name.1923089.0
Episode_Reward/joint_vel_limits,92155,1789318328.192812,0.0,events.out.tfevents.1789318322.zzx23457-System-Product-Name.1923089.0
Episode_Reward/joint_vel_limits,92156,1789318329.2724884,0.0,events.out.tfevents.1789318322.zzx23457-System-Product-Name.1923089.0
Episode_Reward/joint_vel_limits,92157,1789318330.0883772,0.0,events.out.tfevents.1789318322.zzx23457-System-Product-Name.1923089.0
Episode_Reward/joint_velocity_l2,92150,1789318323.8792615,-4.0021965105552226e-05,events.out.tfevents.1789318322.zzx23457-System-Product-Name.1923089.0
Episode_Reward/joint_velocity_l2,92151,1789318324.9395564,-0.00033507333137094975,events.out.tfevents.1789318322.zzx23457-System-Product-Name.1923089.0
Episode_Reward/joint_velocity_l2,92152,1789318325.7491035,-0.00034003923065029085,events.out.tfevents.1789318322.zzx23457-System-Product-Name.1923089.0
Episode_Reward/joint_velocity_l2,92153,1789318326.5566688,-0.0038157999515533447,events.out.tfevents.1789318322.zzx23457-System-Product-Name.1923089.0
Episode_Reward/joint_velocity_l2,92154,1789318327.3796713,-0.0013972697779536247,events.out.tfevents.1789318322.zzx23457-System-Product-Name.1923089.0
Episode_Reward/joint_velocity_l2,92155,1789318328.1943045,-0.0019887115340679884,events.out.tfevents.1789318322.zzx23457-System-Product-Name.1923089.0
Episode_Reward/joint_velocity_l2,92156,1789318329.2739458,-0.0017883668188005686,events.out.tfevents.1789318322.zzx23457-System-Product-Name.1923089.0
Episode_Reward/joint_velocity_l2,92157,1789318330.0898583,-0.0025162792298942804,events.out.tfevents.1789318322.zzx23457-System-Product-Name.1923089.0
Episode_Reward/late_absolute_feet_route,92150,1789318323.8840637,0.0,events.out.tfevents.1789318322.zzx23457-System-Product-Name.1923089.0
Episode_Reward/late_absolute_feet_route,92151,1789318324.944389,0.0,events.out.tfevents.1789318322.zzx23457-System-Product-Name.1923089.0
Episode_Reward/late_absolute_feet_route,92152,1789318325.754449,0.0,events.out.tfevents.1789318322.zzx23457-System-Product-Name.1923089.0
Episode_Reward/late_absolute_feet_route,92153,1789318326.5608747,-0.008131791837513447,events.out.tfevents.1789318322.zzx23457-System-Product-Name.1923089.0
Episode_Reward/late_absolute_feet_route,92154,1789318327.3840613,-0.0031208652071654797,events.out.tfevents.1789318322.zzx23457-System-Product-Name.1923089.0
Episode_Reward/late_absolute_feet_route,92155,1789318328.1985154,-0.0048814318142831326,events.out.tfevents.1789318322.zzx23457-System-Product-Name.1923089.0
Episode_Reward/late_absolute_feet_route,92156,1789318329.2780876,0.0,events.out.tfevents.1789318322.zzx23457-System-Product-Name.1923089.0
Episode_Reward/late_absolute_feet_route,92157,1789318330.094245,-0.0024371035397052765,events.out.tfevents.1789318322.zzx23457-System-Product-Name.1923089.0
Episode_Reward/motion_anchor_lateral_pos,92150,1789318323.8806558,0.0011664567282423377,events.out.tfevents.1789318322.zzx23457-System-Product-Name.1923089.0
Episode_Reward/motion_anchor_lateral_pos,92151,1789318324.9411478,0.01238953322172165,events.out.tfevents.1789318322.zzx23457-System-Product-Name.1923089.0
Episode_Reward/motion_anchor_lateral_pos,92152,1789318325.7504616,0.013408826664090157,events.out.tfevents.1789318322.zzx23457-System-Product-Name.1923089.0
Episode_Reward/motion_anchor_lateral_pos,92153,1789318326.5578892,0.027070365846157074,events.out.tfevents.1789318322.zzx23457-System-Product-Name.1923089.0
Episode_Reward/motion_anchor_lateral_pos,92154,1789318327.3808866,0.036976054310798645,events.out.tfevents.1789318322.zzx23457-System-Product-Name.1923089.0
Episode_Reward/motion_anchor_lateral_pos,92155,1789318328.1955278,0.049085866659879684,events.out.tfevents.1789318322.zzx23457-System-Product-Name.1923089.0
Episode_Reward/motion_anchor_lateral_pos,92156,1789318329.275146,0.06381996721029282,events.out.tfevents.1789318322.zzx23457-System-Product-Name.1923089.0
Episode_Reward/motion_anchor_lateral_pos,92157,1789318330.0912685,0.06292907893657684,events.out.tfevents.1789318322.zzx23457-System-Product-Name.1923089.0
Episode_Reward/motion_body_ang_vel,92150,1789318323.8771055,0.002658730372786522,events.out.tfevents.1789318322.zzx23457-System-Product-Name.1923089.0
Episode_Reward/motion_body_ang_vel,92151,1789318324.9373236,0.029827632009983063,events.out.tfevents.1789318322.zzx23457-System-Product-Name.1923089.0
Episode_Reward/motion_body_ang_vel,92152,1789318325.7472284,0.03268022835254669,events.out.tfevents.1789318322.zzx23457-System-Product-Name.1923089.0
Episode_Reward/motion_body_ang_vel,92153,1789318326.5547528,0.045800670981407166,events.out.tfevents.1789318322.zzx23457-System-Product-Name.1923089.0
Episode_Reward/motion_body_ang_vel,92154,1789318327.377763,0.10689964145421982,events.out.tfevents.1789318322.zzx23457-System-Product-Name.1923089.0
Episode_Reward/motion_body_ang_vel,92155,1789318328.1923668,0.1270451545715332,events.out.tfevents.1789318322.zzx23457-System-Product-Name.1923089.0
Episode_Reward/motion_body_ang_vel,92156,1789318329.2720814,0.15863695740699768,events.out.tfevents.1789318322.zzx23457-System-Product-Name.1923089.0
Episode_Reward/motion_body_ang_vel,92157,1789318330.0879128,0.15013256669044495,events.out.tfevents.1789318322.zzx23457-System-Product-Name.1923089.0
Episode_Reward/motion_body_lin_vel,92150,1789318323.8769543,0.004094035364687443,events.out.tfevents.1789318322.zzx23457-System-Product-Name.1923089.0
Episode_Reward/motion_body_lin_vel,92151,1789318324.9371471,0.04316510260105133,events.out.tfevents.1789318322.zzx23457-System-Product-Name.1923089.0
Episode_Reward/motion_body_lin_vel,92152,1789318325.7470877,0.04663604125380516,events.out.tfevents.1789318322.zzx23457-System-Product-Name.1923089.0
Episode_Reward/motion_body_lin_vel,92153,1789318326.554602,0.06785880774259567,events.out.tfevents.1789318322.zzx23457-System-Product-Name.1923089.0
Episode_Reward/motion_body_lin_vel,92154,1789318327.3776093,0.1424192637205124,events.out.tfevents.1789318322.zzx23457-System-Product-Name.1923089.0
Episode_Reward/motion_body_lin_vel,92155,1789318328.192209,0.16785117983818054,events.out.tfevents.1789318322.zzx23457-System-Product-Name.1923089.0
Episode_Reward/motion_body_lin_vel,92156,1789318329.271944,0.2149868607521057,events.out.tfevents.1789318322.zzx23457-System-Product-Name.1923089.0
Episode_Reward/motion_body_lin_vel,92157,1789318330.0877535,0.20675776898860931,events.out.tfevents.1789318322.zzx23457-System-Product-Name.1923089.0
Episode_Reward/motion_body_ori,92150,1789318323.8767939,0.0008242552867159247,events.out.tfevents.1789318322.zzx23457-System-Product-Name.1923089.0
Episode_Reward/motion_body_ori,92151,1789318324.9369762,0.008397527039051056,events.out.tfevents.1789318322.zzx23457-System-Product-Name.1923089.0
Episode_Reward/motion_body_ori,92152,1789318325.7469401,0.0089986901730299,events.out.tfevents.1789318322.zzx23457-System-Product-Name.1923089.0
Episode_Reward/motion_body_ori,92153,1789318326.5544357,0.015458068810403347,events.out.tfevents.1789318322.zzx23457-System-Product-Name.1923089.0
Episode_Reward/motion_body_ori,92154,1789318327.3774376,0.022946735844016075,events.out.tfevents.1789318322.zzx23457-System-Product-Name.1923089.0
Episode_Reward/motion_body_ori,92155,1789318328.1920264,0.0298667773604393,events.out.tfevents.1789318322.zzx23457-System-Product-Name.1923089.0
Episode_Reward/motion_body_ori,92156,1789318329.2717981,0.03884447365999222,events.out.tfevents.1789318322.zzx23457-System-Product-Name.1923089.0
Episode_Reward/motion_body_ori,92157,1789318330.0875802,0.03774469345808029,events.out.tfevents.1789318322.zzx23457-System-Product-Name.1923089.0
Episode_Reward/motion_body_pos,92150,1789318323.8766296,0.0007355413399636745,events.out.tfevents.1789318322.zzx23457-System-Product-Name.1923089.0
Episode_Reward/motion_body_pos,92151,1789318324.936807,0.007783508859574795,events.out.tfevents.1789318322.zzx23457-System-Product-Name.1923089.0
Episode_Reward/motion_body_pos,92152,1789318325.746777,0.008416568860411644,events.out.tfevents.1789318322.zzx23457-System-Product-Name.1923089.0
Episode_Reward/motion_body_pos,92153,1789318326.554258,0.01940479688346386,events.out.tfevents.1789318322.zzx23457-System-Product-Name.1923089.0
Episode_Reward/motion_body_pos,92154,1789318327.3772652,0.027357613667845726,events.out.tfevents.1789318322.zzx23457-System-Product-Name.1923089.0
Episode_Reward/motion_body_pos,92155,1789318328.191843,0.03368912264704704,events.out.tfevents.1789318322.zzx23457-System-Product-Name.1923089.0
Episode_Reward/motion_body_pos,92156,1789318329.2714274,0.041359856724739075,events.out.tfevents.1789318322.zzx23457-System-Product-Name.1923089.0
Episode_Reward/motion_body_pos,92157,1789318330.087401,0.04108840972185135,events.out.tfevents.1789318322.zzx23457-System-Product-Name.1923089.0
Episode_Reward/motion_feet_ang_vel,92150,1789318323.87865,0.00041537912329658866,events.out.tfevents.1789318322.zzx23457-System-Product-Name.1923089.0
Episode_Reward/motion_feet_ang_vel,92151,1789318324.9389238,0.004390435758978128,events.out.tfevents.1789318322.zzx23457-System-Product-Name.1923089.0
Episode_Reward/motion_feet_ang_vel,92152,1789318325.7485762,0.004746236838400364,events.out.tfevents.1789318322.zzx23457-System-Product-Name.1923089.0
Episode_Reward/motion_feet_ang_vel,92153,1789318326.5561228,0.008013973012566566,events.out.tfevents.1789318322.zzx23457-System-Product-Name.1923089.0
Episode_Reward/motion_feet_ang_vel,92154,1789318327.3791323,0.014729524962604046,events.out.tfevents.1789318322.zzx23457-System-Product-Name.1923089.0
Episode_Reward/motion_feet_ang_vel,92155,1789318328.1937673,0.017961718142032623,events.out.tfevents.1789318322.zzx23457-System-Product-Name.1923089.0
Episode_Reward/motion_feet_ang_vel,92156,1789318329.2734153,0.02200663462281227,events.out.tfevents.1789318322.zzx23457-System-Product-Name.1923089.0
Episode_Reward/motion_feet_ang_vel,92157,1789318330.0893269,0.02172122523188591,events.out.tfevents.1789318322.zzx23457-System-Product-Name.1923089.0
Episode_Reward/motion_feet_pos,92150,1789318323.879099,0.0038815997540950775,events.out.tfevents.1789318322.zzx23457-System-Product-Name.1923089.0
Episode_Reward/motion_feet_pos,92151,1789318324.9393942,0.04197116941213608,events.out.tfevents.1789318322.zzx23457-System-Product-Name.1923089.0
Episode_Reward/motion_feet_pos,92152,1789318325.7489705,0.04561062157154083,events.out.tfevents.1789318322.zzx23457-System-Product-Name.1923089.0
Episode_Reward/motion_feet_pos,92153,1789318326.5565352,0.04649491235613823,events.out.tfevents.1789318322.zzx23457-System-Product-Name.1923089.0
Episode_Reward/motion_feet_pos,92154,1789318327.3795366,0.12638506293296814,events.out.tfevents.1789318322.zzx23457-System-Product-Name.1923089.0
Episode_Reward/motion_feet_pos,92155,1789318328.1941688,0.15038985013961792,events.out.tfevents.1789318322.zzx23457-System-Product-Name.1923089.0
Episode_Reward/motion_feet_pos,92156,1789318329.273814,0.2060886025428772,events.out.tfevents.1789318322.zzx23457-System-Product-Name.1923089.0
Episode_Reward/motion_feet_pos,92157,1789318330.0897255,0.19186656177043915,events.out.tfevents.1789318322.zzx23457-System-Product-Name.1923089.0
Episode_Reward/motion_feet_vel,92150,1789318323.8785012,0.0008500310941599309,events.out.tfevents.1789318322.zzx23457-System-Product-Name.1923089.0
Episode_Reward/motion_feet_vel,92151,1789318324.9387743,0.008956195786595345,events.out.tfevents.1789318322.zzx23457-System-Product-Name.1923089.0
Episode_Reward/motion_feet_vel,92152,1789318325.748444,0.00967484526336193,events.out.tfevents.1789318322.zzx23457-System-Product-Name.1923089.0
Episode_Reward/motion_feet_vel,92153,1789318326.5559893,0.017686422914266586,events.out.tfevents.1789318322.zzx23457-System-Product-Name.1923089.0
Episode_Reward/motion_feet_vel,92154,1789318327.3789995,0.03027331456542015,events.out.tfevents.1789318322.zzx23457-System-Product-Name.1923089.0
Episode_Reward/motion_feet_vel,92155,1789318328.1936336,0.03694024309515953,events.out.tfevents.1789318322.zzx23457-System-Product-Name.1923089.0
Episode_Reward/motion_feet_vel,92156,1789318329.2732818,0.04475574940443039,events.out.tfevents.1789318322.zzx23457-System-Product-Name.1923089.0
Episode_Reward/motion_feet_vel,92157,1789318330.089193,0.04439302533864975,events.out.tfevents.1789318322.zzx23457-System-Product-Name.1923089.0
Episode_Reward/motion_feet_xy,92150,1789318323.881432,0.0023408052511513233,events.out.tfevents.1789318322.zzx23457-System-Product-Name.1923089.0
Episode_Reward/motion_feet_xy,92151,1789318324.9420319,0.02546088397502899,events.out.tfevents.1789318322.zzx23457-System-Product-Name.1923089.0
Episode_Reward/motion_feet_xy,92152,1789318325.751129,0.02770569548010826,events.out.tfevents.1789318322.zzx23457-System-Product-Name.1923089.0
Episode_Reward/motion_feet_xy,92153,1789318326.5585644,0.0371486097574234,events.out.tfevents.1789318322.zzx23457-System-Product-Name.1923089.0
Episode_Reward/motion_feet_xy,92154,1789318327.3815477,0.077512226998806,events.out.tfevents.1789318322.zzx23457-System-Product-Name.1923089.0
Episode_Reward/motion_feet_xy,92155,1789318328.1962028,0.0935497134923935,events.out.tfevents.1789318322.zzx23457-System-Product-Name.1923089.0
Episode_Reward/motion_feet_xy,92156,1789318329.2758152,0.12474419921636581,events.out.tfevents.1789318322.zzx23457-System-Product-Name.1923089.0
Episode_Reward/motion_feet_xy,92157,1789318330.0919375,0.11765288561582565,events.out.tfevents.1789318322.zzx23457-System-Product-Name.1923089.0
Episode_Reward/motion_forward_pos,92150,1789318323.880812,0.0017126960447058082,events.out.tfevents.1789318322.zzx23457-System-Product-Name.1923089.0
Episode_Reward/motion_forward_pos,92151,1789318324.941338,0.017925387248396873,events.out.tfevents.1789318322.zzx23457-System-Product-Name.1923089.0
Episode_Reward/motion_forward_pos,92152,1789318325.7505963,0.019333329051733017,events.out.tfevents.1789318322.zzx23457-System-Product-Name.1923089.0
Episode_Reward/motion_forward_pos,92153,1789318326.558026,0.03504050150513649,events.out.tfevents.1789318322.zzx23457-System-Product-Name.1923089.0
Episode_Reward/motion_forward_pos,92154,1789318327.3810174,0.05856650695204735,events.out.tfevents.1789318322.zzx23457-System-Product-Name.1923089.0
Episode_Reward/motion_forward_pos,92155,1789318328.1956632,0.07420030236244202,events.out.tfevents.1789318322.zzx23457-System-Product-Name.1923089.0
Episode_Reward/motion_forward_pos,92156,1789318329.275286,0.09098502993583679,events.out.tfevents.1789318322.zzx23457-System-Product-Name.1923089.0
Episode_Reward/motion_forward_pos,92157,1789318330.0914078,0.08953475207090378,events.out.tfevents.1789318322.zzx23457-System-Product-Name.1923089.0
Episode_Reward/motion_forward_velocity,92150,1789318323.88112,0.0008022158872336149,events.out.tfevents.1789318322.zzx23457-System-Product-Name.1923089.0
Episode_Reward/motion_forward_velocity,92151,1789318324.9416962,0.008318306878209114,events.out.tfevents.1789318322.zzx23457-System-Product-Name.1923089.0
Episode_Reward/motion_forward_velocity,92152,1789318325.7508595,0.008951833471655846,events.out.tfevents.1789318322.zzx23457-System-Product-Name.1923089.0
Episode_Reward/motion_forward_velocity,92153,1789318326.5583,0.010228579863905907,events.out.tfevents.1789318322.zzx23457-System-Product-Name.1923089.0
Episode_Reward/motion_forward_velocity,92154,1789318327.3812838,0.02577453851699829,events.out.tfevents.1789318322.zzx23457-System-Product-Name.1923089.0
Episode_Reward/motion_forward_velocity,92155,1789318328.1959307,0.031789630651474,events.out.tfevents.1789318322.zzx23457-System-Product-Name.1923089.0
Episode_Reward/motion_forward_velocity,92156,1789318329.2755527,0.04071582853794098,events.out.tfevents.1789318322.zzx23457-System-Product-Name.1923089.0
Episode_Reward/motion_forward_velocity,92157,1789318330.0916722,0.03907778486609459,events.out.tfevents.1789318322.zzx23457-System-Product-Name.1923089.0
Episode_Reward/motion_global_anchor_ori,92150,1789318323.8764384,0.0012784984428435564,events.out.tfevents.1789318322.zzx23457-System-Product-Name.1923089.0
Episode_Reward/motion_global_anchor_ori,92151,1789318324.9366262,0.013323734514415264,events.out.tfevents.1789318322.zzx23457-System-Product-Name.1923089.0
Episode_Reward/motion_global_anchor_ori,92152,1789318325.7465897,0.014355650171637535,events.out.tfevents.1789318322.zzx23457-System-Product-Name.1923089.0
Episode_Reward/motion_global_anchor_ori,92153,1789318326.554063,0.02845221757888794,events.out.tfevents.1789318322.zzx23457-System-Product-Name.1923089.0
Episode_Reward/motion_global_anchor_ori,92154,1789318327.3770707,0.04555189609527588,events.out.tfevents.1789318322.zzx23457-System-Product-Name.1923089.0
Episode_Reward/motion_global_anchor_ori,92155,1789318328.1916537,0.056406110525131226,events.out.tfevents.1789318322.zzx23457-System-Product-Name.1923089.0
Episode_Reward/motion_global_anchor_ori,92156,1789318329.2712443,0.0685286745429039,events.out.tfevents.1789318322.zzx23457-System-Product-Name.1923089.0
Episode_Reward/motion_global_anchor_ori,92157,1789318330.087212,0.06745930016040802,events.out.tfevents.1789318322.zzx23457-System-Product-Name.1923089.0
Episode_Reward/motion_global_anchor_pos,92150,1789318323.8760686,0.0011089134495705366,events.out.tfevents.1789318322.zzx23457-System-Product-Name.1923089.0
Episode_Reward/motion_global_anchor_pos,92151,1789318324.9363294,0.011634055525064468,events.out.tfevents.1789318322.zzx23457-System-Product-Name.1923089.0
Episode_Reward/motion_global_anchor_pos,92152,1789318325.746289,0.012554971501231194,events.out.tfevents.1789318322.zzx23457-System-Product-Name.1923089.0
Episode_Reward/motion_global_anchor_pos,92153,1789318326.553753,0.022658124566078186,events.out.tfevents.1789318322.zzx23457-System-Product-Name.1923089.0
Episode_Reward/motion_global_anchor_pos,92154,1789318327.3767664,0.037044428288936615,events.out.tfevents.1789318322.zzx23457-System-Product-Name.1923089.0
Episode_Reward/motion_global_anchor_pos,92155,1789318328.1913347,0.04671000689268112,events.out.tfevents.1789318322.zzx23457-System-Product-Name.1923089.0
Episode_Reward/motion_global_anchor_pos,92156,1789318329.2709315,0.05935546010732651,events.out.tfevents.1789318322.zzx23457-System-Product-Name.1923089.0
Episode_Reward/motion_global_anchor_pos,92157,1789318330.0869062,0.058210209012031555,events.out.tfevents.1789318322.zzx23457-System-Product-Name.1923089.0
Episode_Reward/motion_hand_pos,92150,1789318323.8778791,0.0,events.out.tfevents.1789318322.zzx23457-System-Product-Name.1923089.0
Episode_Reward/motion_hand_pos,92151,1789318324.9381337,0.0,events.out.tfevents.1789318322.zzx23457-System-Product-Name.1923089.0
Episode_Reward/motion_hand_pos,92152,1789318325.7479055,0.0,events.out.tfevents.1789318322.zzx23457-System-Product-Name.1923089.0
Episode_Reward/motion_hand_pos,92153,1789318326.5554476,0.0,events.out.tfevents.1789318322.zzx23457-System-Product-Name.1923089.0
Episode_Reward/motion_hand_pos,92154,1789318327.3784692,0.0,events.out.tfevents.1789318322.zzx23457-System-Product-Name.1923089.0
Episode_Reward/motion_hand_pos,92155,1789318328.1930852,0.0,events.out.tfevents.1789318322.zzx23457-System-Product-Name.1923089.0
Episode_Reward/motion_hand_pos,92156,1789318329.2727504,0.0,events.out.tfevents.1789318322.zzx23457-System-Product-Name.1923089.0
Episode_Reward/motion_hand_pos,92157,1789318330.0886517,0.0,events.out.tfevents.1789318322.zzx23457-System-Product-Name.1923089.0
Episode_Reward/motion_hand_vel,92150,1789318323.8780375,0.0,events.out.tfevents.1789318322.zzx23457-System-Product-Name.1923089.0
Episode_Reward/motion_hand_vel,92151,1789318324.9382885,0.0,events.out.tfevents.1789318322.zzx23457-System-Product-Name.1923089.0
Episode_Reward/motion_hand_vel,92152,1789318325.7480419,0.0,events.out.tfevents.1789318322.zzx23457-System-Product-Name.1923089.0
Episode_Reward/motion_hand_vel,92153,1789318326.5555832,0.0,events.out.tfevents.1789318322.zzx23457-System-Product-Name.1923089.0
Episode_Reward/motion_hand_vel,92154,1789318327.3786047,0.0,events.out.tfevents.1789318322.zzx23457-System-Product-Name.1923089.0
Episode_Reward/motion_hand_vel,92155,1789318328.193226,0.0,events.out.tfevents.1789318322.zzx23457-System-Product-Name.1923089.0
Episode_Reward/motion_hand_vel,92156,1789318329.2728825,0.0,events.out.tfevents.1789318322.zzx23457-System-Product-Name.1923089.0
Episode_Reward/motion_hand_vel,92157,1789318330.088788,0.0,events.out.tfevents.1789318322.zzx23457-System-Product-Name.1923089.0
Episode_Reward/motion_height,92150,1789318323.8809674,0.004996868781745434,events.out.tfevents.1789318322.zzx23457-System-Product-Name.1923089.0
Episode_Reward/motion_height,92151,1789318324.9415238,0.05324200913310051,events.out.tfevents.1789318322.zzx23457-System-Product-Name.1923089.0
Episode_Reward/motion_height,92152,1789318325.750727,0.05766436457633972,events.out.tfevents.1789318322.zzx23457-System-Product-Name.1923089.0
Episode_Reward/motion_height,92153,1789318326.5581627,0.07787685841321945,events.out.tfevents.1789318322.zzx23457-System-Product-Name.1923089.0
Episode_Reward/motion_height,92154,1789318327.3811498,0.16601313650608063,events.out.tfevents.1789318322.zzx23457-System-Product-Name.1923089.0
Episode_Reward/motion_height,92155,1789318328.1957963,0.19179081916809082,events.out.tfevents.1789318322.zzx23457-System-Product-Name.1923089.0
Episode_Reward/motion_height,92156,1789318329.2754211,0.2669549882411957,events.out.tfevents.1789318322.zzx23457-System-Product-Name.1923089.0
Episode_Reward/motion_height,92157,1789318330.0915425,0.25287434458732605,events.out.tfevents.1789318322.zzx23457-System-Product-Name.1923089.0
Episode_Reward/motion_knee_pos,92150,1789318323.8781967,0.0,events.out.tfevents.1789318322.zzx23457-System-Product-Name.1923089.0
Episode_Reward/motion_knee_pos,92151,1789318324.938453,0.0,events.out.tfevents.1789318322.zzx23457-System-Product-Name.1923089.0
Episode_Reward/motion_knee_pos,92152,1789318325.748177,0.0,events.out.tfevents.1789318322.zzx23457-System-Product-Name.1923089.0
Episode_Reward/motion_knee_pos,92153,1789318326.5557196,0.0,events.out.tfevents.1789318322.zzx23457-System-Product-Name.1923089.0
Episode_Reward/motion_knee_pos,92154,1789318327.378734,0.0,events.out.tfevents.1789318322.zzx23457-System-Product-Name.1923089.0
Episode_Reward/motion_knee_pos,92155,1789318328.1933618,0.0,events.out.tfevents.1789318322.zzx23457-System-Product-Name.1923089.0
Episode_Reward/motion_knee_pos,92156,1789318329.2730134,0.0,events.out.tfevents.1789318322.zzx23457-System-Product-Name.1923089.0
Episode_Reward/motion_knee_pos,92157,1789318330.0889199,0.0,events.out.tfevents.1789318322.zzx23457-System-Product-Name.1923089.0
Episode_Reward/motion_knee_vel,92150,1789318323.878349,0.0,events.out.tfevents.1789318322.zzx23457-System-Product-Name.1923089.0
Episode_Reward/motion_knee_vel,92151,1789318324.9386055,0.0,events.out.tfevents.1789318322.zzx23457-System-Product-Name.1923089.0
Episode_Reward/motion_knee_vel,92152,1789318325.7483115,0.0,events.out.tfevents.1789318322.zzx23457-System-Product-Name.1923089.0
Episode_Reward/motion_knee_vel,92153,1789318326.5558565,0.0,events.out.tfevents.1789318322.zzx23457-System-Product-Name.1923089.0
Episode_Reward/motion_knee_vel,92154,1789318327.378867,0.0,events.out.tfevents.1789318322.zzx23457-System-Product-Name.1923089.0
Episode_Reward/motion_knee_vel,92155,1789318328.1934974,0.0,events.out.tfevents.1789318322.zzx23457-System-Product-Name.1923089.0
Episode_Reward/motion_knee_vel,92156,1789318329.2731483,0.0,events.out.tfevents.1789318322.zzx23457-System-Product-Name.1923089.0
Episode_Reward/motion_knee_vel,92157,1789318330.0890574,0.0,events.out.tfevents.1789318322.zzx23457-System-Product-Name.1923089.0
Episode_Reward/platform_absolute_feet,92150,1789318323.8839056,0.0,events.out.tfevents.1789318322.zzx23457-System-Product-Name.1923089.0
Episode_Reward/platform_absolute_feet,92151,1789318324.9442563,0.0,events.out.tfevents.1789318322.zzx23457-System-Product-Name.1923089.0
Episode_Reward/platform_absolute_feet,92152,1789318325.754316,0.0,events.out.tfevents.1789318322.zzx23457-System-Product-Name.1923089.0
Episode_Reward/platform_absolute_feet,92153,1789318326.560738,0.0,events.out.tfevents.1789318322.zzx23457-System-Product-Name.1923089.0
Episode_Reward/platform_absolute_feet,92154,1789318327.3839285,0.0,events.out.tfevents.1789318322.zzx23457-System-Product-Name.1923089.0
Episode_Reward/platform_absolute_feet,92155,1789318328.1983829,0.0,events.out.tfevents.1789318322.zzx23457-System-Product-Name.1923089.0
Episode_Reward/platform_absolute_feet,92156,1789318329.2779558,0.0,events.out.tfevents.1789318322.zzx23457-System-Product-Name.1923089.0
Episode_Reward/platform_absolute_feet,92157,1789318330.0941074,0.0,events.out.tfevents.1789318322.zzx23457-System-Product-Name.1923089.0
Episode_Reward/platform_anchor_orientation,92150,1789318323.8818877,0.0,events.out.tfevents.1789318322.zzx23457-System-Product-Name.1923089.0
Episode_Reward/platform_anchor_orientation,92151,1789318324.9425,0.0,events.out.tfevents.1789318322.zzx23457-System-Product-Name.1923089.0
Episode_Reward/platform_anchor_orientation,92152,1789318325.7515357,0.0,events.out.tfevents.1789318322.zzx23457-System-Product-Name.1923089.0
Episode_Reward/platform_anchor_orientation,92153,1789318326.5589707,0.0,events.out.tfevents.1789318322.zzx23457-System-Product-Name.1923089.0
Episode_Reward/platform_anchor_orientation,92154,1789318327.382189,0.0,events.out.tfevents.1789318322.zzx23457-System-Product-Name.1923089.0
Episode_Reward/platform_anchor_orientation,92155,1789318328.1966114,0.0,events.out.tfevents.1789318322.zzx23457-System-Product-Name.1923089.0
Episode_Reward/platform_anchor_orientation,92156,1789318329.2762225,0.0,events.out.tfevents.1789318322.zzx23457-System-Product-Name.1923089.0
Episode_Reward/platform_anchor_orientation,92157,1789318330.0923438,0.0,events.out.tfevents.1789318322.zzx23457-System-Product-Name.1923089.0
Episode_Reward/platform_anchor_pose,92150,1789318323.8815804,0.0,events.out.tfevents.1789318322.zzx23457-System-Product-Name.1923089.0
Episode_Reward/platform_anchor_pose,92151,1789318324.942197,0.0,events.out.tfevents.1789318322.zzx23457-System-Product-Name.1923089.0
Episode_Reward/platform_anchor_pose,92152,1789318325.751266,0.0,events.out.tfevents.1789318322.zzx23457-System-Product-Name.1923089.0
Episode_Reward/platform_anchor_pose,92153,1789318326.5586998,0.0,events.out.tfevents.1789318322.zzx23457-System-Product-Name.1923089.0
Episode_Reward/platform_anchor_pose,92154,1789318327.381681,0.0,events.out.tfevents.1789318322.zzx23457-System-Product-Name.1923089.0
Episode_Reward/platform_anchor_pose,92155,1789318328.1963384,0.0,events.out.tfevents.1789318322.zzx23457-System-Product-Name.1923089.0
Episode_Reward/platform_anchor_pose,92156,1789318329.275956,0.0,events.out.tfevents.1789318322.zzx23457-System-Product-Name.1923089.0
Episode_Reward/platform_anchor_pose,92157,1789318330.092075,0.0,events.out.tfevents.1789318322.zzx23457-System-Product-Name.1923089.0
Episode_Reward/platform_anchor_stability,92150,1789318323.8817363,0.0,events.out.tfevents.1789318322.zzx23457-System-Product-Name.1923089.0
Episode_Reward/platform_anchor_stability,92151,1789318324.9423485,0.0,events.out.tfevents.1789318322.zzx23457-System-Product-Name.1923089.0
Episode_Reward/platform_anchor_stability,92152,1789318325.7514017,0.0,events.out.tfevents.1789318322.zzx23457-System-Product-Name.1923089.0
Episode_Reward/platform_anchor_stability,92153,1789318326.5588374,0.0,events.out.tfevents.1789318322.zzx23457-System-Product-Name.1923089.0
Episode_Reward/platform_anchor_stability,92154,1789318327.382047,0.0,events.out.tfevents.1789318322.zzx23457-System-Product-Name.1923089.0
Episode_Reward/platform_anchor_stability,92155,1789318328.1964722,0.0,events.out.tfevents.1789318322.zzx23457-System-Product-Name.1923089.0
Episode_Reward/platform_anchor_stability,92156,1789318329.276088,0.0,events.out.tfevents.1789318322.zzx23457-System-Product-Name.1923089.0
Episode_Reward/platform_anchor_stability,92157,1789318330.0922093,0.0,events.out.tfevents.1789318322.zzx23457-System-Product-Name.1923089.0
Episode_Reward/platform_double_support_hold,92150,1789318323.8848376,0.0,events.out.tfevents.1789318322.zzx23457-System-Product-Name.1923089.0
Episode_Reward/platform_double_support_hold,92151,1789318324.9450521,0.0,events.out.tfevents.1789318322.zzx23457-System-Product-Name.1923089.0
Episode_Reward/platform_double_support_hold,92152,1789318325.7551088,0.0,events.out.tfevents.1789318322.zzx23457-System-Product-Name.1923089.0
Episode_Reward/platform_double_support_hold,92153,1789318326.5615473,0.0,events.out.tfevents.1789318322.zzx23457-System-Product-Name.1923089.0
Episode_Reward/platform_double_support_hold,92154,1789318327.3847363,0.0,events.out.tfevents.1789318322.zzx23457-System-Product-Name.1923089.0
Episode_Reward/platform_double_support_hold,92155,1789318328.1991858,0.0,events.out.tfevents.1789318322.zzx23457-System-Product-Name.1923089.0
Episode_Reward/platform_double_support_hold,92156,1789318329.2787576,0.0,events.out.tfevents.1789318322.zzx23457-System-Product-Name.1923089.0
Episode_Reward/platform_double_support_hold,92157,1789318330.0949135,0.0,events.out.tfevents.1789318322.zzx23457-System-Product-Name.1923089.0
Episode_Reward/platform_feet_position,92150,1789318323.8822072,0.0,events.out.tfevents.1789318322.zzx23457-System-Product-Name.1923089.0
Episode_Reward/platform_feet_position,92151,1789318324.9427736,0.0,events.out.tfevents.1789318322.zzx23457-System-Product-Name.1923089.0
Episode_Reward/platform_feet_position,92152,1789318325.7518117,0.0,events.out.tfevents.1789318322.zzx23457-System-Product-Name.1923089.0
Episode_Reward/platform_feet_position,92153,1789318326.559247,0.0,events.out.tfevents.1789318322.zzx23457-System-Product-Name.1923089.0
Episode_Reward/platform_feet_position,92154,1789318327.382457,0.0,events.out.tfevents.1789318322.zzx23457-System-Product-Name.1923089.0
Episode_Reward/platform_feet_position,92155,1789318328.1968782,0.0,events.out.tfevents.1789318322.zzx23457-System-Product-Name.1923089.0
Episode_Reward/platform_feet_position,92156,1789318329.2764893,0.0,events.out.tfevents.1789318322.zzx23457-System-Product-Name.1923089.0
Episode_Reward/platform_feet_position,92157,1789318330.0926142,0.0,events.out.tfevents.1789318322.zzx23457-System-Product-Name.1923089.0
Episode_Reward/platform_pelvis_under_height,92150,1789318323.8820493,0.0,events.out.tfevents.1789318322.zzx23457-System-Product-Name.1923089.0
Episode_Reward/platform_pelvis_under_height,92151,1789318324.942636,0.0,events.out.tfevents.1789318322.zzx23457-System-Product-Name.1923089.0
Episode_Reward/platform_pelvis_under_height,92152,1789318325.751675,0.0,events.out.tfevents.1789318322.zzx23457-System-Product-Name.1923089.0
Episode_Reward/platform_pelvis_under_height,92153,1789318326.559107,0.0,events.out.tfevents.1789318322.zzx23457-System-Product-Name.1923089.0
Episode_Reward/platform_pelvis_under_height,92154,1789318327.3823247,0.0,events.out.tfevents.1789318322.zzx23457-System-Product-Name.1923089.0
Episode_Reward/platform_pelvis_under_height,92155,1789318328.196745,0.0,events.out.tfevents.1789318322.zzx23457-System-Product-Name.1923089.0
Episode_Reward/platform_pelvis_under_height,92156,1789318329.2763567,0.0,events.out.tfevents.1789318322.zzx23457-System-Product-Name.1923089.0
Episode_Reward/platform_pelvis_under_height,92157,1789318330.0924768,0.0,events.out.tfevents.1789318322.zzx23457-System-Product-Name.1923089.0
Episode_Reward/platform_stationary_feet,92150,1789318323.8846824,0.0,events.out.tfevents.1789318322.zzx23457-System-Product-Name.1923089.0
Episode_Reward/platform_stationary_feet,92151,1789318324.9449193,0.0,events.out.tfevents.1789318322.zzx23457-System-Product-Name.1923089.0
Episode_Reward/platform_stationary_feet,92152,1789318325.7549763,0.0,events.out.tfevents.1789318322.zzx23457-System-Product-Name.1923089.0
Episode_Reward/platform_stationary_feet,92153,1789318326.5614102,0.0,events.out.tfevents.1789318322.zzx23457-System-Product-Name.1923089.0
Episode_Reward/platform_stationary_feet,92154,1789318327.3846014,0.0,events.out.tfevents.1789318322.zzx23457-System-Product-Name.1923089.0
Episode_Reward/platform_stationary_feet,92155,1789318328.1990495,0.0,events.out.tfevents.1789318322.zzx23457-System-Product-Name.1923089.0
Episode_Reward/platform_stationary_feet,92156,1789318329.2786245,0.0,events.out.tfevents.1789318322.zzx23457-System-Product-Name.1923089.0
Episode_Reward/platform_stationary_feet,92157,1789318330.094778,0.0,events.out.tfevents.1789318322.zzx23457-System-Product-Name.1923089.0
Episode_Reward/platform_stop_speed,92150,1789318323.884526,0.0,events.out.tfevents.1789318322.zzx23457-System-Product-Name.1923089.0
Episode_Reward/platform_stop_speed,92151,1789318324.9447842,0.0,events.out.tfevents.1789318322.zzx23457-System-Product-Name.1923089.0
Episode_Reward/platform_stop_speed,92152,1789318325.7548432,0.0,events.out.tfevents.1789318322.zzx23457-System-Product-Name.1923089.0
Episode_Reward/platform_stop_speed,92153,1789318326.5612774,0.0,events.out.tfevents.1789318322.zzx23457-System-Product-Name.1923089.0
Episode_Reward/platform_stop_speed,92154,1789318327.3844688,0.0,events.out.tfevents.1789318322.zzx23457-System-Product-Name.1923089.0
Episode_Reward/platform_stop_speed,92155,1789318328.1989174,0.0,events.out.tfevents.1789318322.zzx23457-System-Product-Name.1923089.0
Episode_Reward/platform_stop_speed,92156,1789318329.278492,0.0,events.out.tfevents.1789318322.zzx23457-System-Product-Name.1923089.0
Episode_Reward/platform_stop_speed,92157,1789318330.0946398,0.0,events.out.tfevents.1789318322.zzx23457-System-Product-Name.1923089.0
Episode_Reward/route_safety_composite_probe,92150,1789318323.88673,0.0,events.out.tfevents.1789318322.zzx23457-System-Product-Name.1923089.0
Episode_Reward/route_safety_composite_probe,92151,1789318324.9466481,0.0,events.out.tfevents.1789318322.zzx23457-System-Product-Name.1923089.0
Episode_Reward/route_safety_composite_probe,92152,1789318325.7567084,0.0,events.out.tfevents.1789318322.zzx23457-System-Product-Name.1923089.0
Episode_Reward/route_safety_composite_probe,92153,1789318326.5637355,-3.0618865082265856e-11,events.out.tfevents.1789318322.zzx23457-System-Product-Name.1923089.0
Episode_Reward/route_safety_composite_probe,92154,1789318327.386336,-3.166317902314475e-12,events.out.tfevents.1789318322.zzx23457-System-Product-Name.1923089.0
Episode_Reward/route_safety_composite_probe,92155,1789318328.2008023,-1.151014266537187e-11,events.out.tfevents.1789318322.zzx23457-System-Product-Name.1923089.0
Episode_Reward/route_safety_composite_probe,92156,1789318329.280343,0.0,events.out.tfevents.1789318322.zzx23457-System-Product-Name.1923089.0
Episode_Reward/route_safety_composite_probe,92157,1789318330.0965273,-5.267024663635489e-12,events.out.tfevents.1789318322.zzx23457-System-Product-Name.1923089.0
Episode_Reward/route_velocity_feedback,92150,1789318323.884371,-8.84436522028409e-05,events.out.tfevents.1789318322.zzx23457-System-Product-Name.1923089.0
Episode_Reward/route_velocity_feedback,92151,1789318324.944654,-0.000720535812433809,events.out.tfevents.1789318322.zzx23457-System-Product-Name.1923089.0
Episode_Reward/route_velocity_feedback,92152,1789318325.7547143,-0.0007248646579682827,events.out.tfevents.1789318322.zzx23457-System-Product-Name.1923089.0
Episode_Reward/route_velocity_feedback,92153,1789318326.5611403,-0.03416108340024948,events.out.tfevents.1789318322.zzx23457-System-Product-Name.1923089.0
Episode_Reward/route_velocity_feedback,92154,1789318327.384334,-0.020525937899947166,events.out.tfevents.1789318322.zzx23457-System-Product-Name.1923089.0
Episode_Reward/route_velocity_feedback,92155,1789318328.1987846,-0.02416287735104561,events.out.tfevents.1789318322.zzx23457-System-Product-Name.1923089.0
Episode_Reward/route_velocity_feedback,92156,1789318329.2783577,-0.006404265761375427,events.out.tfevents.1789318322.zzx23457-System-Product-Name.1923089.0
Episode_Reward/route_velocity_feedback,92157,1789318330.094509,-0.01985429972410202,events.out.tfevents.1789318322.zzx23457-System-Product-Name.1923089.0
Episode_Reward/scheduled_future_foothold_xy,92150,1789318323.8825128,0.0,events.out.tfevents.1789318322.zzx23457-System-Product-Name.1923089.0
Episode_Reward/scheduled_future_foothold_xy,92151,1789318324.943046,0.0,events.out.tfevents.1789318322.zzx23457-System-Product-Name.1923089.0
Episode_Reward/scheduled_future_foothold_xy,92152,1789318325.7523336,0.0,events.out.tfevents.1789318322.zzx23457-System-Product-Name.1923089.0
Episode_Reward/scheduled_future_foothold_xy,92153,1789318326.5595174,0.0010915403254330158,events.out.tfevents.1789318322.zzx23457-System-Product-Name.1923089.0
Episode_Reward/scheduled_future_foothold_xy,92154,1789318327.3827264,0.00860765390098095,events.out.tfevents.1789318322.zzx23457-System-Product-Name.1923089.0
Episode_Reward/scheduled_future_foothold_xy,92155,1789318328.19715,2.943938426369641e-08,events.out.tfevents.1789318322.zzx23457-System-Product-Name.1923089.0
Episode_Reward/scheduled_future_foothold_xy,92156,1789318329.2767556,0.0,events.out.tfevents.1789318322.zzx23457-System-Product-Name.1923089.0
Episode_Reward/scheduled_future_foothold_xy,92157,1789318330.0928779,6.030493511874379e-22,events.out.tfevents.1789318322.zzx23457-System-Product-Name.1923089.0
Episode_Reward/scheduled_opposite_stance_contact_loss,92150,1789318323.8834422,0.0,events.out.tfevents.1789318322.zzx23457-System-Product-Name.1923089.0
Episode_Reward/scheduled_opposite_stance_contact_loss,92151,1789318324.9438615,0.0,events.out.tfevents.1789318322.zzx23457-System-Product-Name.1923089.0
Episode_Reward/scheduled_opposite_stance_contact_loss,92152,1789318325.7539177,0.0,events.out.tfevents.1789318322.zzx23457-System-Product-Name.1923089.0
Episode_Reward/scheduled_opposite_stance_contact_loss,92153,1789318326.560328,-0.002975135575979948,events.out.tfevents.1789318322.zzx23457-System-Product-Name.1923089.0
Episode_Reward/scheduled_opposite_stance_contact_loss,92154,1789318327.3835313,-0.0006066156784072518,events.out.tfevents.1789318322.zzx23457-System-Product-Name.1923089.0
Episode_Reward/scheduled_opposite_stance_contact_loss,92155,1789318328.1979692,-0.001730259507894516,events.out.tfevents.1789318322.zzx23457-System-Product-Name.1923089.0
Episode_Reward/scheduled_opposite_stance_contact_loss,92156,1789318329.2775562,0.0,events.out.tfevents.1789318322.zzx23457-System-Product-Name.1923089.0
Episode_Reward/scheduled_opposite_stance_contact_loss,92157,1789318330.093705,0.0,events.out.tfevents.1789318322.zzx23457-System-Product-Name.1923089.0
Episode_Reward/scheduled_opposite_stance_velocity,92150,1789318323.8832822,0.0,events.out.tfevents.1789318322.zzx23457-System-Product-Name.1923089.0
Episode_Reward/scheduled_opposite_stance_velocity,92151,1789318324.943725,0.0,events.out.tfevents.1789318322.zzx23457-System-Product-Name.1923089.0
Episode_Reward/scheduled_opposite_stance_velocity,92152,1789318325.7537348,0.0,events.out.tfevents.1789318322.zzx23457-System-Product-Name.1923089.0
Episode_Reward/scheduled_opposite_stance_velocity,92153,1789318326.5601938,-0.06439484655857086,events.out.tfevents.1789318322.zzx23457-System-Product-Name.1923089.0
Episode_Reward/scheduled_opposite_stance_velocity,92154,1789318327.3833973,-0.012001508846879005,events.out.tfevents.1789318322.zzx23457-System-Product-Name.1923089.0
Episode_Reward/scheduled_opposite_stance_velocity,92155,1789318328.1978328,-0.026403531432151794,events.out.tfevents.1789318322.zzx23457-System-Product-Name.1923089.0
Episode_Reward/scheduled_opposite_stance_velocity,92156,1789318329.2774227,0.0,events.out.tfevents.1789318322.zzx23457-System-Product-Name.1923089.0
Episode_Reward/scheduled_opposite_stance_velocity,92157,1789318330.0935695,-0.007384377531707287,events.out.tfevents.1789318322.zzx23457-System-Product-Name.1923089.0
Episode_Reward/scheduled_swing_early_contact,92150,1789318323.882817,0.0,events.out.tfevents.1789318322.zzx23457-System-Product-Name.1923089.0
Episode_Reward/scheduled_swing_early_contact,92151,1789318324.9433155,0.0,events.out.tfevents.1789318322.zzx23457-System-Product-Name.1923089.0
Episode_Reward/scheduled_swing_early_contact,92152,1789318325.7529292,0.0,events.out.tfevents.1789318322.zzx23457-System-Product-Name.1923089.0
Episode_Reward/scheduled_swing_early_contact,92153,1789318326.5597868,-0.4010103642940521,events.out.tfevents.1789318322.zzx23457-System-Product-Name.1923089.0
Episode_Reward/scheduled_swing_early_contact,92154,1789318327.3829916,-0.11014851927757263,events.out.tfevents.1789318322.zzx23457-System-Product-Name.1923089.0
Episode_Reward/scheduled_swing_early_contact,92155,1789318328.1974254,-0.21052297949790955,events.out.tfevents.1789318322.zzx23457-System-Product-Name.1923089.0
Episode_Reward/scheduled_swing_early_contact,92156,1789318329.2770212,0.0,events.out.tfevents.1789318322.zzx23457-System-Product-Name.1923089.0
Episode_Reward/scheduled_swing_early_contact,92157,1789318330.0931478,-0.024029511958360672,events.out.tfevents.1789318322.zzx23457-System-Product-Name.1923089.0
Episode_Reward/scheduled_swing_height_shortage,92150,1789318323.8826652,0.0,events.out.tfevents.1789318322.zzx23457-System-Product-Name.1923089.0
Episode_Reward/scheduled_swing_height_shortage,92151,1789318324.9431832,0.0,events.out.tfevents.1789318322.zzx23457-System-Product-Name.1923089.0
Episode_Reward/scheduled_swing_height_shortage,92152,1789318325.752625,0.0,events.out.tfevents.1789318322.zzx23457-System-Product-Name.1923089.0
Episode_Reward/scheduled_swing_height_shortage,92153,1789318326.5596504,-0.1898929327726364,events.out.tfevents.1789318322.zzx23457-System-Product-Name.1923089.0
Episode_Reward/scheduled_swing_height_shortage,92154,1789318327.3828592,-0.022472336888313293,events.out.tfevents.1789318322.zzx23457-System-Product-Name.1923089.0
Episode_Reward/scheduled_swing_height_shortage,92155,1789318328.1972914,-0.07584868371486664,events.out.tfevents.1789318322.zzx23457-System-Product-Name.1923089.0
Episode_Reward/scheduled_swing_height_shortage,92156,1789318329.276888,0.0,events.out.tfevents.1789318322.zzx23457-System-Product-Name.1923089.0
Episode_Reward/scheduled_swing_height_shortage,92157,1789318330.093013,-0.14834579825401306,events.out.tfevents.1789318322.zzx23457-System-Product-Name.1923089.0
Episode_Reward/scheduled_swing_path,92150,1789318323.8823564,0.0,events.out.tfevents.1789318322.zzx23457-System-Product-Name.1923089.0
Episode_Reward/scheduled_swing_path,92151,1789318324.9429102,0.0,events.out.tfevents.1789318322.zzx23457-System-Product-Name.1923089.0
Episode_Reward/scheduled_swing_path,92152,1789318325.7520454,0.0,events.out.tfevents.1789318322.zzx23457-System-Product-Name.1923089.0
Episode_Reward/scheduled_swing_path,92153,1789318326.559384,0.014075912535190582,events.out.tfevents.1789318322.zzx23457-System-Product-Name.1923089.0
Episode_Reward/scheduled_swing_path,92154,1789318327.382591,0.011322757229208946,events.out.tfevents.1789318322.zzx23457-System-Product-Name.1923089.0
Episode_Reward/scheduled_swing_path,92155,1789318328.1970155,0.00374160660430789,events.out.tfevents.1789318322.zzx23457-System-Product-Name.1923089.0
Episode_Reward/scheduled_swing_path,92156,1789318329.276619,0.0,events.out.tfevents.1789318322.zzx23457-System-Product-Name.1923089.0
Episode_Reward/scheduled_swing_path,92157,1789318330.0927453,0.00011949738109251484,events.out.tfevents.1789318322.zzx23457-System-Product-Name.1923089.0
Episode_Reward/scheduled_touchdown_contact_loss,92150,1789318323.8831253,0.0,events.out.tfevents.1789318322.zzx23457-System-Product-Name.1923089.0
Episode_Reward/scheduled_touchdown_contact_loss,92151,1789318324.9435885,0.0,events.out.tfevents.1789318322.zzx23457-System-Product-Name.1923089.0
Episode_Reward/scheduled_touchdown_contact_loss,92152,1789318325.753407,0.0,events.out.tfevents.1789318322.zzx23457-System-Product-Name.1923089.0
Episode_Reward/scheduled_touchdown_contact_loss,92153,1789318326.5600555,-3.9405381357937586e-06,events.out.tfevents.1789318322.zzx23457-System-Product-Name.1923089.0
Episode_Reward/scheduled_touchdown_contact_loss,92154,1789318327.3832612,0.0,events.out.tfevents.1789318322.zzx23457-System-Product-Name.1923089.0
Episode_Reward/scheduled_touchdown_contact_loss,92155,1789318328.1976972,0.0,events.out.tfevents.1789318322.zzx23457-System-Product-Name.1923089.0
Episode_Reward/scheduled_touchdown_contact_loss,92156,1789318329.2772877,0.0,events.out.tfevents.1789318322.zzx23457-System-Product-Name.1923089.0
Episode_Reward/scheduled_touchdown_contact_loss,92157,1789318330.0934348,0.0,events.out.tfevents.1789318322.zzx23457-System-Product-Name.1923089.0
Episode_Reward/scheduled_touchdown_position,92150,1789318323.8829696,0.0,events.out.tfevents.1789318322.zzx23457-System-Product-Name.1923089.0
Episode_Reward/scheduled_touchdown_position,92151,1789318324.943452,0.0,events.out.tfevents.1789318322.zzx23457-System-Product-Name.1923089.0
Episode_Reward/scheduled_touchdown_position,92152,1789318325.7532315,0.0,events.out.tfevents.1789318322.zzx23457-System-Product-Name.1923089.0
Episode_Reward/scheduled_touchdown_position,92153,1789318326.5599196,1.1618004691626993e-07,events.out.tfevents.1789318322.zzx23457-System-Product-Name.1923089.0
Episode_Reward/scheduled_touchdown_position,92154,1789318327.383125,0.002516545355319977,events.out.tfevents.1789318322.zzx23457-System-Product-Name.1923089.0
Episode_Reward/scheduled_touchdown_position,92155,1789318328.1975596,8.020175273982878e-23,events.out.tfevents.1789318322.zzx23457-System-Product-Name.1923089.0
Episode_Reward/scheduled_touchdown_position,92156,1789318329.2771528,0.0,events.out.tfevents.1789318322.zzx23457-System-Product-Name.1923089.0
Episode_Reward/scheduled_touchdown_position,92157,1789318330.0932965,0.0,events.out.tfevents.1789318322.zzx23457-System-Product-Name.1923089.0
Episode_Reward/shared_riser_clearance_audit,92150,1789318323.8865805,0.0,events.out.tfevents.1789318322.zzx23457-System-Product-Name.1923089.0
Episode_Reward/shared_riser_clearance_audit,92151,1789318324.9465156,0.0,events.out.tfevents.1789318322.zzx23457-System-Product-Name.1923089.0
Episode_Reward/shared_riser_clearance_audit,92152,1789318325.7565756,0.0,events.out.tfevents.1789318322.zzx23457-System-Product-Name.1923089.0
Episode_Reward/shared_riser_clearance_audit,92153,1789318326.5635755,-6.196709378264442e-12,events.out.tfevents.1789318322.zzx23457-System-Product-Name.1923089.0
Episode_Reward/shared_riser_clearance_audit,92154,1789318327.386202,-2.1898630912092765e-12,events.out.tfevents.1789318322.zzx23457-System-Product-Name.1923089.0
Episode_Reward/shared_riser_clearance_audit,92155,1789318328.2006664,-3.170700464336096e-13,events.out.tfevents.1789318322.zzx23457-System-Product-Name.1923089.0
Episode_Reward/shared_riser_clearance_audit,92156,1789318329.2802129,0.0,events.out.tfevents.1789318322.zzx23457-System-Product-Name.1923089.0
Episode_Reward/shared_riser_clearance_audit,92157,1789318330.0963924,0.0,events.out.tfevents.1789318322.zzx23457-System-Product-Name.1923089.0
Episode_Reward/support_foothold_planar_persistence,92150,1789318323.8875735,0.0,events.out.tfevents.1789318322.zzx23457-System-Product-Name.1923089.0
Episode_Reward/support_foothold_planar_persistence,92151,1789318324.947046,0.0,events.out.tfevents.1789318322.zzx23457-System-Product-Name.1923089.0
Episode_Reward/support_foothold_planar_persistence,92152,1789318325.757106,0.0,events.out.tfevents.1789318322.zzx23457-System-Product-Name.1923089.0
Episode_Reward/support_foothold_planar_persistence,92153,1789318326.5642436,-0.0012209088308736682,events.out.tfevents.1789318322.zzx23457-System-Product-Name.1923089.0
Episode_Reward/support_foothold_planar_persistence,92154,1789318327.3867388,-0.0002736654714681208,events.out.tfevents.1789318322.zzx23457-System-Product-Name.1923089.0
Episode_Reward/support_foothold_planar_persistence,92155,1789318328.2012098,-0.0006461685989052057,events.out.tfevents.1789318322.zzx23457-System-Product-Name.1923089.0
Episode_Reward/support_foothold_planar_persistence,92156,1789318329.2807412,0.0,events.out.tfevents.1789318322.zzx23457-System-Product-Name.1923089.0
Episode_Reward/support_foothold_planar_persistence,92157,1789318330.0969276,-0.00023831315047573298,events.out.tfevents.1789318322.zzx23457-System-Product-Name.1923089.0
Episode_Reward/terminal_contact_lateral_residual,92150,1789318323.8862555,0.0,events.out.tfevents.1789318322.zzx23457-System-Product-Name.1923089.0
Episode_Reward/terminal_contact_lateral_residual,92151,1789318324.9462519,0.0,events.out.tfevents.1789318322.zzx23457-System-Product-Name.1923089.0
Episode_Reward/terminal_contact_lateral_residual,92152,1789318325.7563105,0.0,events.out.tfevents.1789318322.zzx23457-System-Product-Name.1923089.0
Episode_Reward/terminal_contact_lateral_residual,92153,1789318326.5632257,-0.002715432085096836,events.out.tfevents.1789318322.zzx23457-System-Product-Name.1923089.0
Episode_Reward/terminal_contact_lateral_residual,92154,1789318327.3859339,-0.004731162916868925,events.out.tfevents.1789318322.zzx23457-System-Product-Name.1923089.0
Episode_Reward/terminal_contact_lateral_residual,92155,1789318328.200399,-0.00419657863676548,events.out.tfevents.1789318322.zzx23457-System-Product-Name.1923089.0
Episode_Reward/terminal_contact_lateral_residual,92156,1789318329.279948,0.0,events.out.tfevents.1789318322.zzx23457-System-Product-Name.1923089.0
Episode_Reward/terminal_contact_lateral_residual,92157,1789318330.0961213,0.0,events.out.tfevents.1789318322.zzx23457-System-Product-Name.1923089.0
Episode_Reward/terminal_contact_time_soft_progress,92150,1789318323.8873684,0.0,events.out.tfevents.1789318322.zzx23457-System-Product-Name.1923089.0
Episode_Reward/terminal_contact_time_soft_progress,92151,1789318324.9469137,0.0,events.out.tfevents.1789318322.zzx23457-System-Product-Name.1923089.0
Episode_Reward/terminal_contact_time_soft_progress,92152,1789318325.7569735,0.0,events.out.tfevents.1789318322.zzx23457-System-Product-Name.1923089.0
Episode_Reward/terminal_contact_time_soft_progress,92153,1789318326.5640728,9.192909055855125e-05,events.out.tfevents.1789318322.zzx23457-System-Product-Name.1923089.0
Episode_Reward/terminal_contact_time_soft_progress,92154,1789318327.3866053,0.0019233960192650557,events.out.tfevents.1789318322.zzx23457-System-Product-Name.1923089.0
Episode_Reward/terminal_contact_time_soft_progress,92155,1789318328.2010725,0.00010407124500488862,events.out.tfevents.1789318322.zzx23457-System-Product-Name.1923089.0
Episode_Reward/terminal_contact_time_soft_progress,92156,1789318329.2806082,0.0,events.out.tfevents.1789318322.zzx23457-System-Product-Name.1923089.0
Episode_Reward/terminal_contact_time_soft_progress,92157,1789318330.0967944,0.0,events.out.tfevents.1789318322.zzx23457-System-Product-Name.1923089.0
Episode_Reward/terminal_double_support_route,92150,1789318323.884994,0.0,events.out.tfevents.1789318322.zzx23457-System-Product-Name.1923089.0
Episode_Reward/terminal_double_support_route,92151,1789318324.945185,0.0,events.out.tfevents.1789318322.zzx23457-System-Product-Name.1923089.0
Episode_Reward/terminal_double_support_route,92152,1789318325.7552443,0.0,events.out.tfevents.1789318322.zzx23457-System-Product-Name.1923089.0
Episode_Reward/terminal_double_support_route,92153,1789318326.5616827,0.0,events.out.tfevents.1789318322.zzx23457-System-Product-Name.1923089.0
Episode_Reward/terminal_double_support_route,92154,1789318327.3848722,0.0,events.out.tfevents.1789318322.zzx23457-System-Product-Name.1923089.0
Episode_Reward/terminal_double_support_route,92155,1789318328.1993203,0.0,events.out.tfevents.1789318322.zzx23457-System-Product-Name.1923089.0
Episode_Reward/terminal_double_support_route,92156,1789318329.2788906,0.0,events.out.tfevents.1789318322.zzx23457-System-Product-Name.1923089.0
Episode_Reward/terminal_double_support_route,92157,1789318330.0950477,0.0,events.out.tfevents.1789318322.zzx23457-System-Product-Name.1923089.0
Episode_Reward/terminal_lateral_early_corridor,92150,1789318323.8864133,0.0,events.out.tfevents.1789318322.zzx23457-System-Product-Name.1923089.0
Episode_Reward/terminal_lateral_early_corridor,92151,1789318324.946383,0.0,events.out.tfevents.1789318322.zzx23457-System-Product-Name.1923089.0
Episode_Reward/terminal_lateral_early_corridor,92152,1789318325.7564428,0.0,events.out.tfevents.1789318322.zzx23457-System-Product-Name.1923089.0
Episode_Reward/terminal_lateral_early_corridor,92153,1789318326.5634053,-0.0002900094841606915,events.out.tfevents.1789318322.zzx23457-System-Product-Name.1923089.0
Episode_Reward/terminal_lateral_early_corridor,92154,1789318327.3860667,-0.00041856698226183653,events.out.tfevents.1789318322.zzx23457-System-Product-Name.1923089.0
Episode_Reward/terminal_lateral_early_corridor,92155,1789318328.200533,-0.0005203564651310444,events.out.tfevents.1789318322.zzx23457-System-Product-Name.1923089.0
Episode_Reward/terminal_lateral_early_corridor,92156,1789318329.2800798,0.0,events.out.tfevents.1789318322.zzx23457-System-Product-Name.1923089.0
Episode_Reward/terminal_lateral_early_corridor,92157,1789318330.0962596,0.0,events.out.tfevents.1789318322.zzx23457-System-Product-Name.1923089.0
Episode_Reward/terminal_missing_double_support,92150,1789318323.8856246,0.0,events.out.tfevents.1789318322.zzx23457-System-Product-Name.1923089.0
Episode_Reward/terminal_missing_double_support,92151,1789318324.9457154,0.0,events.out.tfevents.1789318322.zzx23457-System-Product-Name.1923089.0
Episode_Reward/terminal_missing_double_support,92152,1789318325.7557793,0.0,events.out.tfevents.1789318322.zzx23457-System-Product-Name.1923089.0
Episode_Reward/terminal_missing_double_support,92153,1789318326.5622268,0.0,events.out.tfevents.1789318322.zzx23457-System-Product-Name.1923089.0
Episode_Reward/terminal_missing_double_support,92154,1789318327.3854072,0.0,events.out.tfevents.1789318322.zzx23457-System-Product-Name.1923089.0
Episode_Reward/terminal_missing_double_support,92155,1789318328.199858,0.0,events.out.tfevents.1789318322.zzx23457-System-Product-Name.1923089.0
Episode_Reward/terminal_missing_double_support,92156,1789318329.2794204,0.0,events.out.tfevents.1789318322.zzx23457-System-Product-Name.1923089.0
Episode_Reward/terminal_missing_double_support,92157,1789318330.0955896,0.0,events.out.tfevents.1789318322.zzx23457-System-Product-Name.1923089.0
Episode_Reward/terminal_phase_capture,92150,1789318323.886095,0.0,events.out.tfevents.1789318322.zzx23457-System-Product-Name.1923089.0
Episode_Reward/terminal_phase_capture,92151,1789318324.946115,0.0,events.out.tfevents.1789318322.zzx23457-System-Product-Name.1923089.0
Episode_Reward/terminal_phase_capture,92152,1789318325.7561767,0.0,events.out.tfevents.1789318322.zzx23457-System-Product-Name.1923089.0
Episode_Reward/terminal_phase_capture,92153,1789318326.5630064,0.0,events.out.tfevents.1789318322.zzx23457-System-Product-Name.1923089.0
Episode_Reward/terminal_phase_capture,92154,1789318327.3858018,0.0,events.out.tfevents.1789318322.zzx23457-System-Product-Name.1923089.0
Episode_Reward/terminal_phase_capture,92155,1789318328.200264,0.0,events.out.tfevents.1789318322.zzx23457-System-Product-Name.1923089.0
Episode_Reward/terminal_phase_capture,92156,1789318329.2798185,0.0,events.out.tfevents.1789318322.zzx23457-System-Product-Name.1923089.0
Episode_Reward/terminal_phase_capture,92157,1789318330.0959876,0.0,events.out.tfevents.1789318322.zzx23457-System-Product-Name.1923089.0
Episode_Reward/terminal_route_brake,92150,1789318323.885151,0.0,events.out.tfevents.1789318322.zzx23457-System-Product-Name.1923089.0
Episode_Reward/terminal_route_brake,92151,1789318324.9453182,0.0,events.out.tfevents.1789318322.zzx23457-System-Product-Name.1923089.0
Episode_Reward/terminal_route_brake,92152,1789318325.755378,0.0,events.out.tfevents.1789318322.zzx23457-System-Product-Name.1923089.0
Episode_Reward/terminal_route_brake,92153,1789318326.5618186,0.0,events.out.tfevents.1789318322.zzx23457-System-Product-Name.1923089.0
Episode_Reward/terminal_route_brake,92154,1789318327.3850057,0.0,events.out.tfevents.1789318322.zzx23457-System-Product-Name.1923089.0
Episode_Reward/terminal_route_brake,92155,1789318328.1994555,0.0,events.out.tfevents.1789318322.zzx23457-System-Product-Name.1923089.0
Episode_Reward/terminal_route_brake,92156,1789318329.279023,0.0,events.out.tfevents.1789318322.zzx23457-System-Product-Name.1923089.0
Episode_Reward/terminal_route_brake,92157,1789318330.095187,0.0,events.out.tfevents.1789318322.zzx23457-System-Product-Name.1923089.0
Episode_Reward/terminal_route_progress,92150,1789318323.8854706,0.0,events.out.tfevents.1789318322.zzx23457-System-Product-Name.1923089.0
Episode_Reward/terminal_route_progress,92151,1789318324.945583,0.0,events.out.tfevents.1789318322.zzx23457-System-Product-Name.1923089.0
Episode_Reward/terminal_route_progress,92152,1789318325.7556453,0.0,events.out.tfevents.1789318322.zzx23457-System-Product-Name.1923089.0
Episode_Reward/terminal_route_progress,92153,1789318326.5620883,0.0,events.out.tfevents.1789318322.zzx23457-System-Product-Name.1923089.0
Episode_Reward/terminal_route_progress,92154,1789318327.3852751,0.0,events.out.tfevents.1789318322.zzx23457-System-Product-Name.1923089.0
Episode_Reward/terminal_route_progress,92155,1789318328.1997259,0.0,events.out.tfevents.1789318322.zzx23457-System-Product-Name.1923089.0
Episode_Reward/terminal_route_progress,92156,1789318329.2792883,0.0,events.out.tfevents.1789318322.zzx23457-System-Product-Name.1923089.0
Episode_Reward/terminal_route_progress,92157,1789318330.095456,0.0,events.out.tfevents.1789318322.zzx23457-System-Product-Name.1923089.0
Episode_Reward/terminal_route_tail,92150,1789318323.8857784,0.0,events.out.tfevents.1789318322.zzx23457-System-Product-Name.1923089.0
Episode_Reward/terminal_route_tail,92151,1789318324.9458485,0.0,events.out.tfevents.1789318322.zzx23457-System-Product-Name.1923089.0
Episode_Reward/terminal_route_tail,92152,1789318325.7559125,0.0,events.out.tfevents.1789318322.zzx23457-System-Product-Name.1923089.0
Episode_Reward/terminal_route_tail,92153,1789318326.562362,0.0,events.out.tfevents.1789318322.zzx23457-System-Product-Name.1923089.0
Episode_Reward/terminal_route_tail,92154,1789318327.3855398,0.0,events.out.tfevents.1789318322.zzx23457-System-Product-Name.1923089.0
Episode_Reward/terminal_route_tail,92155,1789318328.199993,0.0,events.out.tfevents.1789318322.zzx23457-System-Product-Name.1923089.0
Episode_Reward/terminal_route_tail,92156,1789318329.279553,0.0,events.out.tfevents.1789318322.zzx23457-System-Product-Name.1923089.0
Episode_Reward/terminal_route_tail,92157,1789318330.0957212,0.0,events.out.tfevents.1789318322.zzx23457-System-Product-Name.1923089.0
Episode_Reward/terminal_support_floor_route_brake,92150,1789318323.8853137,0.0,events.out.tfevents.1789318322.zzx23457-System-Product-Name.1923089.0
Episode_Reward/terminal_support_floor_route_brake,92151,1789318324.94545,0.0,events.out.tfevents.1789318322.zzx23457-System-Product-Name.1923089.0
Episode_Reward/terminal_support_floor_route_brake,92152,1789318325.7555103,0.0,events.out.tfevents.1789318322.zzx23457-System-Product-Name.1923089.0
Episode_Reward/terminal_support_floor_route_brake,92153,1789318326.561952,0.0,events.out.tfevents.1789318322.zzx23457-System-Product-Name.1923089.0
Episode_Reward/terminal_support_floor_route_brake,92154,1789318327.385138,0.0,events.out.tfevents.1789318322.zzx23457-System-Product-Name.1923089.0
Episode_Reward/terminal_support_floor_route_brake,92155,1789318328.1995895,0.0,events.out.tfevents.1789318322.zzx23457-System-Product-Name.1923089.0
Episode_Reward/terminal_support_floor_route_brake,92156,1789318329.279155,0.0,events.out.tfevents.1789318322.zzx23457-System-Product-Name.1923089.0
Episode_Reward/terminal_support_floor_route_brake,92157,1789318330.095322,0.0,events.out.tfevents.1789318322.zzx23457-System-Product-Name.1923089.0
Episode_Reward/termination,92150,1789318323.8804975,0.0,events.out.tfevents.1789318322.zzx23457-System-Product-Name.1923089.0
Episode_Reward/termination,92151,1789318324.9409974,0.0,events.out.tfevents.1789318322.zzx23457-System-Product-Name.1923089.0
Episode_Reward/termination,92152,1789318325.750329,0.0,events.out.tfevents.1789318322.zzx23457-System-Product-Name.1923089.0
Episode_Reward/termination,92153,1789318326.5577524,-0.01302083395421505,events.out.tfevents.1789318322.zzx23457-System-Product-Name.1923089.0
Episode_Reward/termination,92154,1789318327.3807518,-0.0182291679084301,events.out.tfevents.1789318322.zzx23457-System-Product-Name.1923089.0
Episode_Reward/termination,92155,1789318328.1953945,-0.0260416679084301,events.out.tfevents.1789318322.zzx23457-System-Product-Name.1923089.0
Episode_Reward/termination,92156,1789318329.275015,0.0,events.out.tfevents.1789318322.zzx23457-System-Product-Name.1923089.0
Episode_Reward/termination,92157,1789318330.0909226,-0.02083333395421505,events.out.tfevents.1789318322.zzx23457-System-Product-Name.1923089.0
Episode_Reward/tgmp_contact_force,92150,1789318323.8800268,-0.00029814528534188867,events.out.tfevents.1789318322.zzx23457-System-Product-Name.1923089.0
Episode_Reward/tgmp_contact_force,92151,1789318324.9403431,-0.0019672238267958164,events.out.tfevents.1789318322.zzx23457-System-Product-Name.1923089.0
Episode_Reward/tgmp_contact_force,92152,1789318325.7498374,-0.0018279108917340636,events.out.tfevents.1789318322.zzx23457-System-Product-Name.1923089.0
Episode_Reward/tgmp_contact_force,92153,1789318326.5573483,-0.02023829147219658,events.out.tfevents.1789318322.zzx23457-System-Product-Name.1923089.0
Episode_Reward/tgmp_contact_force,92154,1789318327.3803463,-0.008671742863953114,events.out.tfevents.1789318322.zzx23457-System-Product-Name.1923089.0
Episode_Reward/tgmp_contact_force,92155,1789318328.1949737,-0.009920569136738777,events.out.tfevents.1789318322.zzx23457-System-Product-Name.1923089.0
Episode_Reward/tgmp_contact_force,92156,1789318329.274621,-0.006591052748262882,events.out.tfevents.1789318322.zzx23457-System-Product-Name.1923089.0
Episode_Reward/tgmp_contact_force,92157,1789318330.090525,-0.009146337397396564,events.out.tfevents.1789318322.zzx23457-System-Product-Name.1923089.0
Episode_Reward/tgmp_sole_support,92150,1789318323.880344,-4.245503504307635e-08,events.out.tfevents.1789318322.zzx23457-System-Product-Name.1923089.0
Episode_Reward/tgmp_sole_support,92151,1789318324.940823,-1.6074619679784519e-07,events.out.tfevents.1789318322.zzx23457-System-Product-Name.1923089.0
Episode_Reward/tgmp_sole_support,92152,1789318325.7501915,-1.0111482140473527e-07,events.out.tfevents.1789318322.zzx23457-System-Product-Name.1923089.0
Episode_Reward/tgmp_sole_support,92153,1789318326.5576174,-0.3621947765350342,events.out.tfevents.1789318322.zzx23457-System-Product-Name.1923089.0
Episode_Reward/tgmp_sole_support,92154,1789318327.3806157,-0.2527173161506653,events.out.tfevents.1789318322.zzx23457-System-Product-Name.1923089.0
Episode_Reward/tgmp_sole_support,92155,1789318328.1952589,-0.15375298261642456,events.out.tfevents.1789318322.zzx23457-System-Product-Name.1923089.0
Episode_Reward/tgmp_sole_support,92156,1789318329.274884,-0.012494045309722424,events.out.tfevents.1789318322.zzx23457-System-Product-Name.1923089.0
Episode_Reward/tgmp_sole_support,92157,1789318330.0907886,-0.060803115367889404,events.out.tfevents.1789318322.zzx23457-System-Product-Name.1923089.0
Episode_Reward/tgmp_toe_clearance,92150,1789318323.8801866,0.0,events.out.tfevents.1789318322.zzx23457-System-Product-Name.1923089.0
Episode_Reward/tgmp_toe_clearance,92151,1789318324.9406614,0.0,events.out.tfevents.1789318322.zzx23457-System-Product-Name.1923089.0
Episode_Reward/tgmp_toe_clearance,92152,1789318325.7500336,0.0,events.out.tfevents.1789318322.zzx23457-System-Product-Name.1923089.0
Episode_Reward/tgmp_toe_clearance,92153,1789318326.5574794,-0.0063821072690188885,events.out.tfevents.1789318322.zzx23457-System-Product-Name.1923089.0
Episode_Reward/tgmp_toe_clearance,92154,1789318327.3804832,-0.0005628003855235875,events.out.tfevents.1789318322.zzx23457-System-Product-Name.1923089.0
Episode_Reward/tgmp_toe_clearance,92155,1789318328.1951187,-0.001427729963324964,events.out.tfevents.1789318322.zzx23457-System-Product-Name.1923089.0
Episode_Reward/tgmp_toe_clearance,92156,1789318329.2747538,-0.0047028702683746815,events.out.tfevents.1789318322.zzx23457-System-Product-Name.1923089.0
Episode_Reward/tgmp_toe_clearance,92157,1789318330.0906577,-0.003156664315611124,events.out.tfevents.1789318322.zzx23457-System-Product-Name.1923089.0
Episode_Reward/undesired_contacts,92150,1789318323.8777244,0.0,events.out.tfevents.1789318322.zzx23457-System-Product-Name.1923089.0
Episode_Reward/undesired_contacts,92151,1789318324.9379776,0.0,events.out.tfevents.1789318322.zzx23457-System-Product-Name.1923089.0
Episode_Reward/undesired_contacts,92152,1789318325.7477694,0.0,events.out.tfevents.1789318322.zzx23457-System-Product-Name.1923089.0
Episode_Reward/undesired_contacts,92153,1789318326.5553095,0.0,events.out.tfevents.1789318322.zzx23457-System-Product-Name.1923089.0
Episode_Reward/undesired_contacts,92154,1789318327.378334,0.0,events.out.tfevents.1789318322.zzx23457-System-Product-Name.1923089.0
Episode_Reward/undesired_contacts,92155,1789318328.1929471,0.0,events.out.tfevents.1789318322.zzx23457-System-Product-Name.1923089.0
Episode_Reward/undesired_contacts,92156,1789318329.2726188,0.0,events.out.tfevents.1789318322.zzx23457-System-Product-Name.1923089.0
Episode_Reward/undesired_contacts,92157,1789318330.0885167,-0.0008333332370966673,events.out.tfevents.1789318322.zzx23457-System-Product-Name.1923089.0
Episode_Termination/anchor_ori,92150,1789318323.893019,0.0,events.out.tfevents.1789318322.zzx23457-System-Product-Name.1923089.0
Episode_Termination/anchor_ori,92151,1789318324.968115,0.0,events.out.tfevents.1789318322.zzx23457-System-Product-Name.1923089.0
Episode_Termination/anchor_ori,92152,1789318325.7784152,0.0,events.out.tfevents.1789318322.zzx23457-System-Product-Name.1923089.0
Episode_Termination/anchor_ori,92153,1789318326.5878632,0.1666666716337204,events.out.tfevents.1789318322.zzx23457-System-Product-Name.1923089.0
Episode_Termination/anchor_ori,92154,1789318327.4079907,0.2916666865348816,events.out.tfevents.1789318322.zzx23457-System-Product-Name.1923089.0
Episode_Termination/anchor_ori,92155,1789318328.222831,0.2083333432674408,events.out.tfevents.1789318322.zzx23457-System-Product-Name.1923089.0
Episode_Termination/anchor_ori,92156,1789318329.301714,0.0,events.out.tfevents.1789318322.zzx23457-System-Product-Name.1923089.0
Episode_Termination/anchor_ori,92157,1789318330.118369,0.0,events.out.tfevents.1789318322.zzx23457-System-Product-Name.1923089.0
Episode_Termination/anchor_pos,92150,1789318323.892756,0.0,events.out.tfevents.1789318322.zzx23457-System-Product-Name.1923089.0
Episode_Termination/anchor_pos,92151,1789318324.9678476,0.0,events.out.tfevents.1789318322.zzx23457-System-Product-Name.1923089.0
Episode_Termination/anchor_pos,92152,1789318325.7781425,0.0,events.out.tfevents.1789318322.zzx23457-System-Product-Name.1923089.0
Episode_Termination/anchor_pos,92153,1789318326.5875957,0.0,events.out.tfevents.1789318322.zzx23457-System-Product-Name.1923089.0
Episode_Termination/anchor_pos,92154,1789318327.4077165,0.0,events.out.tfevents.1789318322.zzx23457-System-Product-Name.1923089.0
Episode_Termination/anchor_pos,92155,1789318328.2225595,0.0,events.out.tfevents.1789318322.zzx23457-System-Product-Name.1923089.0
Episode_Termination/anchor_pos,92156,1789318329.301441,0.0,events.out.tfevents.1789318322.zzx23457-System-Product-Name.1923089.0
Episode_Termination/anchor_pos,92157,1789318330.1180952,0.1666666716337204,events.out.tfevents.1789318322.zzx23457-System-Product-Name.1923089.0
Episode_Termination/ee_body_pos,92150,1789318323.893292,0.0,events.out.tfevents.1789318322.zzx23457-System-Product-Name.1923089.0
Episode_Termination/ee_body_pos,92151,1789318324.9683912,0.0,events.out.tfevents.1789318322.zzx23457-System-Product-Name.1923089.0
Episode_Termination/ee_body_pos,92152,1789318325.7786794,0.0,events.out.tfevents.1789318322.zzx23457-System-Product-Name.1923089.0
Episode_Termination/ee_body_pos,92153,1789318326.5881302,0.0,events.out.tfevents.1789318322.zzx23457-System-Product-Name.1923089.0
Episode_Termination/ee_body_pos,92154,1789318327.408271,0.0,events.out.tfevents.1789318322.zzx23457-System-Product-Name.1923089.0
Episode_Termination/ee_body_pos,92155,1789318328.223108,0.0,events.out.tfevents.1789318322.zzx23457-System-Product-Name.1923089.0
Episode_Termination/ee_body_pos,92156,1789318329.3019917,0.0,events.out.tfevents.1789318322.zzx23457-System-Product-Name.1923089.0
Episode_Termination/ee_body_pos,92157,1789318330.1186407,0.0,events.out.tfevents.1789318322.zzx23457-System-Product-Name.1923089.0
Episode_Termination/time_out,92150,1789318323.8924983,0.125,events.out.tfevents.1789318322.zzx23457-System-Product-Name.1923089.0
Episode_Termination/time_out,92151,1789318324.9675715,1.0,events.out.tfevents.1789318322.zzx23457-System-Product-Name.1923089.0
Episode_Termination/time_out,92152,1789318325.7778654,1.0,events.out.tfevents.1789318322.zzx23457-System-Product-Name.1923089.0
Episode_Termination/time_out,92153,1789318326.5873287,0.9583333730697632,events.out.tfevents.1789318322.zzx23457-System-Product-Name.1923089.0
Episode_Termination/time_out,92154,1789318327.407443,1.0,events.out.tfevents.1789318322.zzx23457-System-Product-Name.1923089.0
Episode_Termination/time_out,92155,1789318328.2222853,0.7916666865348816,events.out.tfevents.1789318322.zzx23457-System-Product-Name.1923089.0
Episode_Termination/time_out,92156,1789318329.301166,1.0,events.out.tfevents.1789318322.zzx23457-System-Product-Name.1923089.0
Episode_Termination/time_out,92157,1789318330.117834,0.8333333730697632,events.out.tfevents.1789318322.zzx23457-System-Product-Name.1923089.0
Loss/constraint_cost_budget,92150,1789318323.8936498,0.019999999552965164,events.out.tfevents.1789318322.zzx23457-System-Product-Name.1923089.0
Loss/constraint_cost_budget,92151,1789318324.9687374,0.019999999552965164,events.out.tfevents.1789318322.zzx23457-System-Product-Name.1923089.0
Loss/constraint_cost_budget,92152,1789318325.7790365,0.019999999552965164,events.out.tfevents.1789318322.zzx23457-System-Product-Name.1923089.0
Loss/constraint_cost_budget,92153,1789318326.5884836,0.019999999552965164,events.out.tfevents.1789318322.zzx23457-System-Product-Name.1923089.0
Loss/constraint_cost_budget,92154,1789318327.4086585,0.019999999552965164,events.out.tfevents.1789318322.zzx23457-System-Product-Name.1923089.0
Loss/constraint_cost_budget,92155,1789318328.2234757,0.019999999552965164,events.out.tfevents.1789318322.zzx23457-System-Product-Name.1923089.0
Loss/constraint_cost_budget,92156,1789318329.3023381,0.019999999552965164,events.out.tfevents.1789318322.zzx23457-System-Product-Name.1923089.0
Loss/constraint_cost_budget,92157,1789318330.1189837,0.019999999552965164,events.out.tfevents.1789318322.zzx23457-System-Product-Name.1923089.0
Loss/constraint_cost_error,92150,1789318323.8936317,0.04586086794734001,events.out.tfevents.1789318322.zzx23457-System-Product-Name.1923089.0
Loss/constraint_cost_error,92151,1789318324.968719,0.03808094933629036,events.out.tfevents.1789318322.zzx23457-System-Product-Name.1923089.0
Loss/constraint_cost_error,92152,1789318325.7790174,0.016474325209856033,events.out.tfevents.1789318322.zzx23457-System-Product-Name.1923089.0
Loss/constraint_cost_error,92153,1789318326.5884657,0.00044563040137290955,events.out.tfevents.1789318322.zzx23457-System-Product-Name.1923089.0
Loss/constraint_cost_error,92154,1789318327.4086359,-0.003373239189386368,events.out.tfevents.1789318322.zzx23457-System-Product-Name.1923089.0
Loss/constraint_cost_error,92155,1789318328.2234569,-0.0002764202654361725,events.out.tfevents.1789318322.zzx23457-System-Product-Name.1923089.0
Loss/constraint_cost_error,92156,1789318329.3023214,-0.016819164156913757,events.out.tfevents.1789318322.zzx23457-System-Product-Name.1923089.0
Loss/constraint_cost_error,92157,1789318330.118967,0.013971921056509018,events.out.tfevents.1789318322.zzx23457-System-Product-Name.1923089.0
Loss/constraint_cost_value,92150,1789318323.8935175,3.177088499069214,events.out.tfevents.1789318322.zzx23457-System-Product-Name.1923089.0
Loss/constraint_cost_value,92151,1789318324.9686124,2.9271817207336426,events.out.tfevents.1789318322.zzx23457-System-Product-Name.1923089.0
Loss/constraint_cost_value,92152,1789318325.7789028,1.362308144569397,events.out.tfevents.1789318322.zzx23457-System-Product-Name.1923089.0
Loss/constraint_cost_value,92153,1789318326.588353,0.6936225295066833,events.out.tfevents.1789318322.zzx23457-System-Product-Name.1923089.0
Loss/constraint_cost_value,92154,1789318327.408507,0.7205389738082886,events.out.tfevents.1789318322.zzx23457-System-Product-Name.1923089.0
Loss/constraint_cost_value,92155,1789318328.2233346,0.5664926171302795,events.out.tfevents.1789318322.zzx23457-System-Product-Name.1923089.0
Loss/constraint_cost_value,92156,1789318329.3022163,0.051873959600925446,events.out.tfevents.1789318322.zzx23457-System-Product-Name.1923089.0
Loss/constraint_cost_value,92157,1789318330.1188583,1.4352424144744873,events.out.tfevents.1789318322.zzx23457-System-Product-Name.1923089.0
Loss/constraint_dual_integral,92150,1789318323.8936136,0.05091721937060356,events.out.tfevents.1789318322.zzx23457-System-Product-Name.1923089.0
Loss/constraint_dual_integral,92151,1789318324.9687023,0.051678840070962906,events.out.tfevents.1789318322.zzx23457-System-Product-Name.1923089.0
Loss/constraint_dual_integral,92152,1789318325.778999,0.05200832709670067,events.out.tfevents.1789318322.zzx23457-System-Product-Name.1923089.0
Loss/constraint_dual_integral,92153,1789318326.5884478,0.05201723799109459,events.out.tfevents.1789318322.zzx23457-System-Product-Name.1923089.0
Loss/constraint_dual_integral,92154,1789318327.4086154,0.051949772983789444,events.out.tfevents.1789318322.zzx23457-System-Product-Name.1923089.0
Loss/constraint_dual_integral,92155,1789318328.2234364,0.051944244652986526,events.out.tfevents.1789318322.zzx23457-System-Product-Name.1923089.0
Loss/constraint_dual_integral,92156,1789318329.3023045,0.05160786211490631,events.out.tfevents.1789318322.zzx23457-System-Product-Name.1923089.0
Loss/constraint_dual_integral,92157,1789318330.1189458,0.05188729986548424,events.out.tfevents.1789318322.zzx23457-System-Product-Name.1923089.0
Loss/constraint_dual_multiplier,92150,1789318323.893595,0.10136417299509048,events.out.tfevents.1789318322.zzx23457-System-Product-Name.1923089.0
Loss/constraint_dual_multiplier,92151,1789318324.9686844,0.08898179978132248,events.out.tfevents.1789318322.zzx23457-System-Product-Name.1923089.0
Loss/constraint_dual_multiplier,92152,1789318325.7789803,0.06632199138402939,events.out.tfevents.1789318322.zzx23457-System-Product-Name.1923089.0
Loss/constraint_dual_multiplier,92153,1789318326.5884292,0.050859998911619186,events.out.tfevents.1789318322.zzx23457-System-Product-Name.1923089.0
Loss/constraint_dual_multiplier,92154,1789318327.4085944,0.04819464683532715,events.out.tfevents.1789318322.zzx23457-System-Product-Name.1923089.0
Loss/constraint_dual_multiplier,92155,1789318328.223412,0.05197750777006149,events.out.tfevents.1789318322.zzx23457-System-Product-Name.1923089.0
Loss/constraint_dual_multiplier,92156,1789318329.3022873,0.033134423196315765,events.out.tfevents.1789318322.zzx23457-System-Product-Name.1923089.0
Loss/constraint_dual_multiplier,92157,1789318330.118929,0.06893832981586456,events.out.tfevents.1789318322.zzx23457-System-Product-Name.1923089.0
Loss/constraint_mean_raw_step_cost,92150,1789318323.8935368,0.04904210567474365,events.out.tfevents.1789318322.zzx23457-System-Product-Name.1923089.0
Loss/constraint_mean_raw_step_cost,92151,1789318324.96863,0.044687360525131226,events.out.tfevents.1789318322.zzx23457-System-Product-Name.1923089.0
Loss/constraint_mean_raw_step_cost,92152,1789318325.7789223,0.024789130315184593,events.out.tfevents.1789318322.zzx23457-System-Product-Name.1923089.0
Loss/constraint_mean_raw_step_cost,92153,1789318326.5883722,0.014026319608092308,events.out.tfevents.1789318322.zzx23457-System-Product-Name.1923089.0
Loss/constraint_mean_raw_step_cost,92154,1789318327.4085279,0.011164404451847076,events.out.tfevents.1789318322.zzx23457-System-Product-Name.1923089.0
Loss/constraint_mean_raw_step_cost,92155,1789318328.2233539,0.013134775683283806,events.out.tfevents.1789318322.zzx23457-System-Product-Name.1923089.0
Loss/constraint_mean_raw_step_cost,92156,1789318329.3022342,0.0019866840448230505,events.out.tfevents.1789318322.zzx23457-System-Product-Name.1923089.0
Loss/constraint_mean_raw_step_cost,92157,1789318330.1188767,0.022474635392427444,events.out.tfevents.1789318322.zzx23457-System-Product-Name.1923089.0
Loss/constraint_mean_return,92150,1789318323.8935752,0.5379645824432373,events.out.tfevents.1789318322.zzx23457-System-Product-Name.1923089.0
Loss/constraint_mean_return,92151,1789318324.9686663,0.4723486304283142,events.out.tfevents.1789318322.zzx23457-System-Product-Name.1923089.0
Loss/constraint_mean_return,92152,1789318325.7789607,0.29016467928886414,events.out.tfevents.1789318322.zzx23457-System-Product-Name.1923089.0
Loss/constraint_mean_return,92153,1789318326.5884101,0.17345213890075684,events.out.tfevents.1789318322.zzx23457-System-Product-Name.1923089.0
Loss/constraint_mean_return,92154,1789318327.4085727,0.17863577604293823,events.out.tfevents.1789318322.zzx23457-System-Product-Name.1923089.0
Loss/constraint_mean_return,92155,1789318328.2233915,0.18340061604976654,events.out.tfevents.1789318322.zzx23457-System-Product-Name.1923089.0
Loss/constraint_mean_return,92156,1789318329.3022695,0.1091114804148674,events.out.tfevents.1789318322.zzx23457-System-Product-Name.1923089.0
Loss/constraint_mean_return,92157,1789318330.1189115,0.3971501290798187,events.out.tfevents.1789318322.zzx23457-System-Product-Name.1923089.0
Loss/constraint_mean_step_cost,92150,1789318323.8935559,0.06586086750030518,events.out.tfevents.1789318322.zzx23457-System-Product-Name.1923089.0
Loss/constraint_mean_step_cost,92151,1789318324.968648,0.058080948889255524,events.out.tfevents.1789318322.zzx23457-System-Product-Name.1923089.0
Loss/constraint_mean_step_cost,92152,1789318325.7789414,0.0364743247628212,events.out.tfevents.1789318322.zzx23457-System-Product-Name.1923089.0
Loss/constraint_mean_step_cost,92153,1789318326.5883908,0.020445629954338074,events.out.tfevents.1789318322.zzx23457-System-Product-Name.1923089.0
Loss/constraint_mean_step_cost,92154,1789318327.4085512,0.016626760363578796,events.out.tfevents.1789318322.zzx23457-System-Product-Name.1923089.0
Loss/constraint_mean_step_cost,92155,1789318328.2233725,0.01972357928752899,events.out.tfevents.1789318322.zzx23457-System-Product-Name.1923089.0
Loss/constraint_mean_step_cost,92156,1789318329.3022518,0.003180835396051407,events.out.tfevents.1789318322.zzx23457-System-Product-Name.1923089.0
Loss/constraint_mean_step_cost,92157,1789318330.1188939,0.03397192060947418,events.out.tfevents.1789318322.zzx23457-System-Product-Name.1923089.0
Loss/constraint_segment_replay_scale,92150,1789318323.8936694,0.25,events.out.tfevents.1789318322.zzx23457-System-Product-Name.1923089.0
Loss/constraint_segment_replay_scale,92151,1789318324.9687555,0.25,events.out.tfevents.1789318322.zzx23457-System-Product-Name.1923089.0
Loss/constraint_segment_replay_scale,92152,1789318325.7790565,0.25,events.out.tfevents.1789318322.zzx23457-System-Product-Name.1923089.0
Loss/constraint_segment_replay_scale,92153,1789318326.5885031,0.25,events.out.tfevents.1789318322.zzx23457-System-Product-Name.1923089.0
Loss/constraint_segment_replay_scale,92154,1789318327.4086804,0.25,events.out.tfevents.1789318322.zzx23457-System-Product-Name.1923089.0
Loss/constraint_segment_replay_scale,92155,1789318328.2234957,0.25,events.out.tfevents.1789318322.zzx23457-System-Product-Name.1923089.0
Loss/constraint_segment_replay_scale,92156,1789318329.3023567,0.25,events.out.tfevents.1789318322.zzx23457-System-Product-Name.1923089.0
Loss/constraint_segment_replay_scale,92157,1789318330.1190014,0.25,events.out.tfevents.1789318322.zzx23457-System-Product-Name.1923089.0
Loss/entropy,92150,1789318323.8933573,-67.31336975097656,events.out.tfevents.1789318322.zzx23457-System-Product-Name.1923089.0
Loss/entropy,92151,1789318324.9684541,-67.31379699707031,events.out.tfevents.1789318322.zzx23457-System-Product-Name.1923089.0
Loss/entropy,92152,1789318325.778741,-67.31393432617188,events.out.tfevents.1789318322.zzx23457-System-Product-Name.1923089.0
Loss/entropy,92153,1789318326.5881944,-67.31429290771484,events.out.tfevents.1789318322.zzx23457-System-Product-Name.1923089.0
Loss/entropy,92154,1789318327.4083347,-67.31461334228516,events.out.tfevents.1789318322.zzx23457-System-Product-Name.1923089.0
Loss/entropy,92155,1789318328.2231715,-67.31444549560547,events.out.tfevents.1789318322.zzx23457-System-Product-Name.1923089.0
Loss/entropy,92156,1789318329.3020568,-67.31413269042969,events.out.tfevents.1789318322.zzx23457-System-Product-Name.1923089.0
Loss/entropy,92157,1789318330.118702,-67.31385803222656,events.out.tfevents.1789318322.zzx23457-System-Product-Name.1923089.0
Loss/learning_rate,92150,1789318323.893689,9.999999974752427e-07,events.out.tfevents.1789318322.zzx23457-System-Product-Name.1923089.0
Loss/learning_rate,92151,1789318324.9687736,9.999999974752427e-07,events.out.tfevents.1789318322.zzx23457-System-Product-Name.1923089.0
Loss/learning_rate,92152,1789318325.7790766,9.999999974752427e-07,events.out.tfevents.1789318322.zzx23457-System-Product-Name.1923089.0
Loss/learning_rate,92153,1789318326.5885222,9.999999974752427e-07,events.out.tfevents.1789318322.zzx23457-System-Product-Name.1923089.0
Loss/learning_rate,92154,1789318327.4087021,9.999999974752427e-07,events.out.tfevents.1789318322.zzx23457-System-Product-Name.1923089.0
Loss/learning_rate,92155,1789318328.223515,9.999999974752427e-07,events.out.tfevents.1789318322.zzx23457-System-Product-Name.1923089.0
Loss/learning_rate,92156,1789318329.3023741,9.999999974752427e-07,events.out.tfevents.1789318322.zzx23457-System-Product-Name.1923089.0
Loss/learning_rate,92157,1789318330.1190188,9.999999974752427e-07,events.out.tfevents.1789318322.zzx23457-System-Product-Name.1923089.0
Loss/policy_kl,92150,1789318323.8934417,0.0004016281454823911,events.out.tfevents.1789318322.zzx23457-System-Product-Name.1923089.0
Loss/policy_kl,92151,1789318324.9685407,0.0004279265704099089,events.out.tfevents.1789318322.zzx23457-System-Product-Name.1923089.0
Loss/policy_kl,92152,1789318325.7788253,0.00042365369154140353,events.out.tfevents.1789318322.zzx23457-System-Product-Name.1923089.0
Loss/policy_kl,92153,1789318326.5882778,0.0004456905007828027,events.out.tfevents.1789318322.zzx23457-System-Product-Name.1923089.0
Loss/policy_kl,92154,1789318327.4084363,0.00043210125295445323,events.out.tfevents.1789318322.zzx23457-System-Product-Name.1923089.0
Loss/policy_kl,92155,1789318328.223259,0.0005336915492080152,events.out.tfevents.1789318322.zzx23457-System-Product-Name.1923089.0
Loss/policy_kl,92156,1789318329.3021402,0.0004528799618128687,events.out.tfevents.1789318322.zzx23457-System-Product-Name.1923089.0
Loss/policy_kl,92157,1789318330.1187842,0.0004792836552951485,events.out.tfevents.1789318322.zzx23457-System-Product-Name.1923089.0
Loss/student_std_anchor,92150,1789318323.8934016,1.4326724485577702e-12,events.out.tfevents.1789318322.zzx23457-System-Product-Name.1923089.0
Loss/student_std_anchor,92151,1789318324.9685001,5.613376517082935e-12,events.out.tfevents.1789318322.zzx23457-System-Product-Name.1923089.0
Loss/student_std_anchor,92152,1789318325.7787852,1.0729382660112918e-11,events.out.tfevents.1789318322.zzx23457-System-Product-Name.1923089.0
Loss/student_std_anchor,92153,1789318326.5882375,1.7455644568675766e-11,events.out.tfevents.1789318322.zzx23457-System-Product-Name.1923089.0
Loss/student_std_anchor,92154,1789318327.408379,2.4238278051313955e-11,events.out.tfevents.1789318322.zzx23457-System-Product-Name.1923089.0
Loss/student_std_anchor,92155,1789318328.2232153,2.961946313218e-11,events.out.tfevents.1789318322.zzx23457-System-Product-Name.1923089.0
Loss/student_std_anchor,92156,1789318329.3021,3.641035389856384e-11,events.out.tfevents.1789318322.zzx23457-System-Product-Name.1923089.0
Loss/student_std_anchor,92157,1789318330.1187453,4.2637830766079077e-11,events.out.tfevents.1789318322.zzx23457-System-Product-Name.1923089.0
Loss/surrogate,92150,1789318323.8933508,0.0008571961079724133,events.out.tfevents.1789318322.zzx23457-System-Product-Name.1923089.0
Loss/surrogate,92151,1789318324.9684474,0.0013669715262949467,events.out.tfevents.1789318322.zzx23457-System-Product-Name.1923089.0
Loss/surrogate,92152,1789318325.7787344,0.002298919251188636,events.out.tfevents.1789318322.zzx23457-System-Product-Name.1923089.0
Loss/surrogate,92153,1789318326.588188,0.003907851874828339,events.out.tfevents.1789318322.zzx23457-System-Product-Name.1923089.0
Loss/surrogate,92154,1789318327.4083285,0.0017740761395543814,events.out.tfevents.1789318322.zzx23457-System-Product-Name.1923089.0
Loss/surrogate,92155,1789318328.223164,0.0018160492181777954,events.out.tfevents.1789318322.zzx23457-System-Product-Name.1923089.0
Loss/surrogate,92156,1789318329.3020506,0.0009914778638631105,events.out.tfevents.1789318322.zzx23457-System-Product-Name.1923089.0
Loss/surrogate,92157,1789318330.1186957,0.0007062673103064299,events.out.tfevents.1789318322.zzx23457-System-Product-Name.1923089.0
Loss/teacher_action,92150,1789318323.8933632,7.456194712487322e-15,events.out.tfevents.1789318322.zzx23457-System-Product-Name.1923089.0
Loss/teacher_action,92151,1789318324.96846,3.503512584213109e-14,events.out.tfevents.1789318322.zzx23457-System-Product-Name.1923089.0
Loss/teacher_action,92152,1789318325.7787466,6.115859094114537e-14,events.out.tfevents.1789318322.zzx23457-System-Product-Name.1923089.0
Loss/teacher_action,92153,1789318326.5881999,1.0786467205536887e-13,events.out.tfevents.1789318322.zzx23457-System-Product-Name.1923089.0
Loss/teacher_action,92154,1789318327.4083405,1.571542646450902e-13,events.out.tfevents.1789318322.zzx23457-System-Product-Name.1923089.0
Loss/teacher_action,92155,1789318328.2231772,1.6375595812082727e-13,events.out.tfevents.1789318322.zzx23457-System-Product-Name.1923089.0
Loss/teacher_action,92156,1789318329.3020623,2.018202093076113e-13,events.out.tfevents.1789318322.zzx23457-System-Product-Name.1923089.0
Loss/teacher_action,92157,1789318330.1187072,2.3000546779672337e-13,events.out.tfevents.1789318322.zzx23457-System-Product-Name.1923089.0
Loss/teacher_action_max_rmse,92150,1789318323.89338,1.4100773171321634e-07,events.out.tfevents.1789318322.zzx23457-System-Product-Name.1923089.0
Loss/teacher_action_max_rmse,92151,1789318324.9684777,3.363456642091478e-07,events.out.tfevents.1789318322.zzx23457-System-Product-Name.1923089.0
Loss/teacher_action_max_rmse,92152,1789318325.7787635,4.3709590613616456e-07,events.out.tfevents.1789318322.zzx23457-System-Product-Name.1923089.0
Loss/teacher_action_max_rmse,92153,1789318326.5882163,5.434833383333171e-07,events.out.tfevents.1789318322.zzx23457-System-Product-Name.1923089.0
Loss/teacher_action_max_rmse,92154,1789318327.4083571,6.864624424451904e-07,events.out.tfevents.1789318322.zzx23457-System-Product-Name.1923089.0
Loss/teacher_action_max_rmse,92155,1789318328.223194,7.949944915708329e-07,events.out.tfevents.1789318322.zzx23457-System-Product-Name.1923089.0
Loss/teacher_action_max_rmse,92156,1789318329.3020787,7.486567028536228e-07,events.out.tfevents.1789318322.zzx23457-System-Product-Name.1923089.0
Loss/teacher_action_max_rmse,92157,1789318330.1187234,8.843452405926655e-07,events.out.tfevents.1789318322.zzx23457-System-Product-Name.1923089.0
Loss/teacher_action_rmse,92150,1789318323.8933854,7.172769755925401e-08,events.out.tfevents.1789318322.zzx23457-System-Product-Name.1923089.0
Loss/teacher_action_rmse,92151,1789318324.968483,1.8550417735241354e-07,events.out.tfevents.1789318322.zzx23457-System-Product-Name.1923089.0
Loss/teacher_action_rmse,92152,1789318325.7787688,2.464699377924262e-07,events.out.tfevents.1789318322.zzx23457-System-Product-Name.1923089.0
Loss/teacher_action_rmse,92153,1789318326.5882218,3.2760056001279736e-07,events.out.tfevents.1789318322.zzx23457-System-Product-Name.1923089.0
Loss/teacher_action_rmse,92154,1789318327.4083624,3.9607465396329644e-07,events.out.tfevents.1789318322.zzx23457-System-Product-Name.1923089.0
Loss/teacher_action_rmse,92155,1789318328.2231991,4.0451496374771523e-07,events.out.tfevents.1789318322.zzx23457-System-Product-Name.1923089.0
Loss/teacher_action_rmse,92156,1789318329.3020842,4.491286063057487e-07,events.out.tfevents.1789318322.zzx23457-System-Product-Name.1923089.0
Loss/teacher_action_rmse,92157,1789318330.1187286,4.795217023456644e-07,events.out.tfevents.1789318322.zzx23457-System-Product-Name.1923089.0
Loss/teacher_action_tail,92150,1789318323.8933692,2.403718906860905e-14,events.out.tfevents.1789318322.zzx23457-System-Product-Name.1923089.0
Loss/teacher_action_tail,92151,1789318324.9684663,7.738228731835745e-14,events.out.tfevents.1789318322.zzx23457-System-Product-Name.1923089.0
Loss/teacher_action_tail,92152,1789318325.7787526,1.626432414312054e-13,events.out.tfevents.1789318322.zzx23457-System-Product-Name.1923089.0
Loss/teacher_action_tail,92153,1789318326.5882056,2.618970849650043e-13,events.out.tfevents.1789318322.zzx23457-System-Product-Name.1923089.0
Loss/teacher_action_tail,92154,1789318327.4083462,4.011421728643272e-13,events.out.tfevents.1789318322.zzx23457-System-Product-Name.1923089.0
Loss/teacher_action_tail,92155,1789318328.2231832,4.4773605938248917e-13,events.out.tfevents.1789318322.zzx23457-System-Product-Name.1923089.0
Loss/teacher_action_tail,92156,1789318329.302068,4.5248462095248687e-13,events.out.tfevents.1789318322.zzx23457-System-Product-Name.1923089.0
Loss/teacher_action_tail,92157,1789318330.118713,6.002118832330872e-13,events.out.tfevents.1789318322.zzx23457-System-Product-Name.1923089.0
Loss/teacher_action_tail_rmse,92150,1789318323.8933744,1.3086460626254848e-07,events.out.tfevents.1789318322.zzx23457-System-Product-Name.1923089.0
Loss/teacher_action_tail_rmse,92151,1789318324.968472,2.7582919415181095e-07,events.out.tfevents.1789318322.zzx23457-System-Product-Name.1923089.0
Loss/teacher_action_tail_rmse,92152,1789318325.778758,4.009132510418567e-07,events.out.tfevents.1789318322.zzx23457-System-Product-Name.1923089.0
Loss/teacher_action_tail_rmse,92153,1789318326.588211,5.107513061375357e-07,events.out.tfevents.1789318322.zzx23457-System-Product-Name.1923089.0
Loss/teacher_action_tail_rmse,92154,1789318327.4083514,6.328011750156293e-07,events.out.tfevents.1789318322.zzx23457-System-Product-Name.1923089.0
Loss/teacher_action_tail_rmse,92155,1789318328.2231884,6.688799771836784e-07,events.out.tfevents.1789318322.zzx23457-System-Product-Name.1923089.0
Loss/teacher_action_tail_rmse,92156,1789318329.3020732,6.725678076691111e-07,events.out.tfevents.1789318322.zzx23457-System-Product-Name.1923089.0
Loss/teacher_action_tail_rmse,92157,1789318330.1187181,7.742247021269577e-07,events.out.tfevents.1789318322.zzx23457-System-Product-Name.1923089.0
Loss/teacher_kl,92150,1789318323.893422,2.516465646973387e-10,events.out.tfevents.1789318322.zzx23457-System-Product-Name.1923089.0
Loss/teacher_kl,92151,1789318324.9685204,1.182435593882758e-09,events.out.tfevents.1789318322.zzx23457-System-Product-Name.1923089.0
Loss/teacher_kl,92152,1789318325.778805,2.0641022224765493e-09,events.out.tfevents.1789318322.zzx23457-System-Product-Name.1923089.0
Loss/teacher_kl,92153,1789318326.5882573,3.6404328440653444e-09,events.out.tfevents.1789318322.zzx23457-System-Product-Name.1923089.0
Loss/teacher_kl,92154,1789318327.4084,5.303956385205311e-09,events.out.tfevents.1789318322.zzx23457-System-Product-Name.1923089.0
Loss/teacher_kl,92155,1789318328.223235,5.526763047214445e-09,events.out.tfevents.1789318322.zzx23457-System-Product-Name.1923089.0
Loss/teacher_kl,92156,1789318329.30212,6.811431862985273e-09,events.out.tfevents.1789318322.zzx23457-System-Product-Name.1923089.0
Loss/teacher_kl,92157,1789318330.1187644,7.762683829071193e-09,events.out.tfevents.1789318322.zzx23457-System-Product-Name.1923089.0
Loss/teacher_preserved_action_rmse,92150,1789318323.8933961,7.172769755925401e-08,events.out.tfevents.1789318322.zzx23457-System-Product-Name.1923089.0
Loss/teacher_preserved_action_rmse,92151,1789318324.9684947,1.8550417735241354e-07,events.out.tfevents.1789318322.zzx23457-System-Product-Name.1923089.0
Loss/teacher_preserved_action_rmse,92152,1789318325.7787802,2.464699377924262e-07,events.out.tfevents.1789318322.zzx23457-System-Product-Name.1923089.0
Loss/teacher_preserved_action_rmse,92153,1789318326.5882323,3.2760056001279736e-07,events.out.tfevents.1789318322.zzx23457-System-Product-Name.1923089.0
Loss/teacher_preserved_action_rmse,92154,1789318327.4083736,3.9607465396329644e-07,events.out.tfevents.1789318322.zzx23457-System-Product-Name.1923089.0
Loss/teacher_preserved_action_rmse,92155,1789318328.22321,4.0451496374771523e-07,events.out.tfevents.1789318322.zzx23457-System-Product-Name.1923089.0
Loss/teacher_preserved_action_rmse,92156,1789318329.3020947,4.491286063057487e-07,events.out.tfevents.1789318322.zzx23457-System-Product-Name.1923089.0
Loss/teacher_preserved_action_rmse,92157,1789318330.1187394,4.795217023456644e-07,events.out.tfevents.1789318322.zzx23457-System-Product-Name.1923089.0
Loss/teacher_projected_action_rmse,92150,1789318323.8934603,1.06805877919669e-07,events.out.tfevents.1789318322.zzx23457-System-Product-Name.1923089.0
Loss/teacher_projected_action_rmse,92151,1789318324.968558,2.0704696623852215e-07,events.out.tfevents.1789318322.zzx23457-System-Product-Name.1923089.0
Loss/teacher_projected_action_rmse,92152,1789318325.778844,2.6423140297993086e-07,events.out.tfevents.1789318322.zzx23457-System-Product-Name.1923089.0
Loss/teacher_projected_action_rmse,92153,1789318326.5882967,3.459041124642681e-07,events.out.tfevents.1789318322.zzx23457-System-Product-Name.1923089.0
Loss/teacher_projected_action_rmse,92154,1789318327.408442,4.1022954633263e-07,events.out.tfevents.1789318322.zzx23457-System-Product-Name.1923089.0
Loss/teacher_projected_action_rmse,92155,1789318328.2232776,4.146571654928266e-07,events.out.tfevents.1789318322.zzx23457-System-Product-Name.1923089.0
Loss/teacher_projected_action_rmse,92156,1789318329.3021579,4.568288431983092e-07,events.out.tfevents.1789318322.zzx23457-System-Product-Name.1923089.0
Loss/teacher_projected_action_rmse,92157,1789318330.1188035,4.856372584072233e-07,events.out.tfevents.1789318322.zzx23457-System-Product-Name.1923089.0
Loss/teacher_projection_active,92150,1789318323.8934984,0.0,events.out.tfevents.1789318322.zzx23457-System-Product-Name.1923089.0
Loss/teacher_projection_active,92151,1789318324.968594,0.0,events.out.tfevents.1789318322.zzx23457-System-Product-Name.1923089.0
Loss/teacher_projection_active,92152,1789318325.7788827,0.0,events.out.tfevents.1789318322.zzx23457-System-Product-Name.1923089.0
Loss/teacher_projection_active,92153,1789318326.5883343,0.0,events.out.tfevents.1789318322.zzx23457-System-Product-Name.1923089.0
Loss/teacher_projection_active,92154,1789318327.4084854,0.0,events.out.tfevents.1789318322.zzx23457-System-Product-Name.1923089.0
Loss/teacher_projection_active,92155,1789318328.223316,0.0,events.out.tfevents.1789318322.zzx23457-System-Product-Name.1923089.0
Loss/teacher_projection_active,92156,1789318329.3021982,0.0,events.out.tfevents.1789318322.zzx23457-System-Product-Name.1923089.0
Loss/teacher_projection_active,92157,1789318330.1188416,0.0,events.out.tfevents.1789318322.zzx23457-System-Product-Name.1923089.0
Loss/teacher_projection_scale,92150,1789318323.8934793,1.0,events.out.tfevents.1789318322.zzx23457-System-Product-Name.1923089.0
Loss/teacher_projection_scale,92151,1789318324.968576,1.0,events.out.tfevents.1789318322.zzx23457-System-Product-Name.1923089.0
Loss/teacher_projection_scale,92152,1789318325.7788634,1.0,events.out.tfevents.1789318322.zzx23457-System-Product-Name.1923089.0
Loss/teacher_projection_scale,92153,1789318326.5883157,1.0,events.out.tfevents.1789318322.zzx23457-System-Product-Name.1923089.0
Loss/teacher_projection_scale,92154,1789318327.4084635,1.0,events.out.tfevents.1789318322.zzx23457-System-Product-Name.1923089.0
Loss/teacher_projection_scale,92155,1789318328.223296,1.0,events.out.tfevents.1789318322.zzx23457-System-Product-Name.1923089.0
Loss/teacher_projection_scale,92156,1789318329.3021808,1.0,events.out.tfevents.1789318322.zzx23457-System-Product-Name.1923089.0
Loss/teacher_projection_scale,92157,1789318330.1188219,1.0,events.out.tfevents.1789318322.zzx23457-System-Product-Name.1923089.0
Loss/teacher_relaxed_action_rmse,92150,1789318323.893391,0.0,events.out.tfevents.1789318322.zzx23457-System-Product-Name.1923089.0
Loss/teacher_relaxed_action_rmse,92151,1789318324.9684887,0.0,events.out.tfevents.1789318322.zzx23457-System-Product-Name.1923089.0
Loss/teacher_relaxed_action_rmse,92152,1789318325.7787745,0.0,events.out.tfevents.1789318322.zzx23457-System-Product-Name.1923089.0
Loss/teacher_relaxed_action_rmse,92153,1789318326.5882268,0.0,events.out.tfevents.1789318322.zzx23457-System-Product-Name.1923089.0
Loss/teacher_relaxed_action_rmse,92154,1789318327.4083679,0.0,events.out.tfevents.1789318322.zzx23457-System-Product-Name.1923089.0
Loss/teacher_relaxed_action_rmse,92155,1789318328.2232046,0.0,events.out.tfevents.1789318322.zzx23457-System-Product-Name.1923089.0
Loss/teacher_relaxed_action_rmse,92156,1789318329.3020892,0.0,events.out.tfevents.1789318322.zzx23457-System-Product-Name.1923089.0
Loss/teacher_relaxed_action_rmse,92157,1789318330.1187341,0.0,events.out.tfevents.1789318322.zzx23457-System-Product-Name.1923089.0
Loss/value_function,92150,1789318323.8933425,12.387787818908691,events.out.tfevents.1789318322.zzx23457-System-Product-Name.1923089.0
Loss/value_function,92151,1789318324.968439,2.958433151245117,events.out.tfevents.1789318322.zzx23457-System-Product-Name.1923089.0
Loss/value_function,92152,1789318325.7787266,1.8643980026245117,events.out.tfevents.1789318322.zzx23457-System-Product-Name.1923089.0
Loss/value_function,92153,1789318326.5881803,1.3239853382110596,events.out.tfevents.1789318322.zzx23457-System-Product-Name.1923089.0
Loss/value_function,92154,1789318327.4083197,1.8389625549316406,events.out.tfevents.1789318322.zzx23457-System-Product-Name.1923089.0
Loss/value_function,92155,1789318328.223156,1.9105874300003052,events.out.tfevents.1789318322.zzx23457-System-Product-Name.1923089.0
Loss/value_function,92156,1789318329.302042,12.250056266784668,events.out.tfevents.1789318322.zzx23457-System-Product-Name.1923089.0
Loss/value_function,92157,1789318330.1186876,3.2575936317443848,events.out.tfevents.1789318322.zzx23457-System-Product-Name.1923089.0
Metrics/motion/error_anchor_ang_vel,92150,1789318323.8887033,0.031338177621364594,events.out.tfevents.1789318322.zzx23457-System-Product-Name.1923089.0
Metrics/motion/error_anchor_ang_vel,92151,1789318324.9481375,0.1545298844575882,events.out.tfevents.1789318322.zzx23457-System-Product-Name.1923089.0
Metrics/motion/error_anchor_ang_vel,92152,1789318325.7582111,0.12247135490179062,events.out.tfevents.1789318322.zzx23457-System-Product-Name.1923089.0
Metrics/motion/error_anchor_ang_vel,92153,1789318326.5655205,0.9453012347221375,events.out.tfevents.1789318322.zzx23457-System-Product-Name.1923089.0
Metrics/motion/error_anchor_ang_vel,92154,1789318327.3878372,1.0913017988204956,events.out.tfevents.1789318322.zzx23457-System-Product-Name.1923089.0
Metrics/motion/error_anchor_ang_vel,92155,1789318328.2026012,1.6119275093078613,events.out.tfevents.1789318322.zzx23457-System-Product-Name.1923089.0
Metrics/motion/error_anchor_ang_vel,92156,1789318329.2818403,0.910822868347168,events.out.tfevents.1789318322.zzx23457-System-Product-Name.1923089.0
Metrics/motion/error_anchor_ang_vel,92157,1789318330.0980537,1.203101634979248,events.out.tfevents.1789318322.zzx23457-System-Product-Name.1923089.0
Metrics/motion/error_anchor_lin_vel,92150,1789318323.8884273,0.0078040240332484245,events.out.tfevents.1789318322.zzx23457-System-Product-Name.1923089.0
Metrics/motion/error_anchor_lin_vel,92151,1789318324.9478664,0.07190960645675659,events.out.tfevents.1789318322.zzx23457-System-Product-Name.1923089.0
Metrics/motion/error_anchor_lin_vel,92152,1789318325.7579272,0.07506874203681946,events.out.tfevents.1789318322.zzx23457-System-Product-Name.1923089.0
Metrics/motion/error_anchor_lin_vel,92153,1789318326.5652063,0.3524424731731415,events.out.tfevents.1789318322.zzx23457-System-Product-Name.1923089.0
Metrics/motion/error_anchor_lin_vel,92154,1789318327.3875635,0.3281875550746918,events.out.tfevents.1789318322.zzx23457-System-Product-Name.1923089.0
Metrics/motion/error_anchor_lin_vel,92155,1789318328.2023218,0.4445096254348755,events.out.tfevents.1789318322.zzx23457-System-Product-Name.1923089.0
Metrics/motion/error_anchor_lin_vel,92156,1789318329.2815633,0.21550625562667847,events.out.tfevents.1789318322.zzx23457-System-Product-Name.1923089.0
Metrics/motion/error_anchor_lin_vel,92157,1789318330.097787,0.33182066679000854,events.out.tfevents.1789318322.zzx23457-System-Product-Name.1923089.0
Metrics/motion/error_anchor_pos,92150,1789318323.8878765,0.004256248474121094,events.out.tfevents.1789318322.zzx23457-System-Product-Name.1923089.0
Metrics/motion/error_anchor_pos,92151,1789318324.9473248,0.030429072678089142,events.out.tfevents.1789318322.zzx23457-System-Product-Name.1923089.0
Metrics/motion/error_anchor_pos,92152,1789318325.757387,0.02922210469841957,events.out.tfevents.1789318322.zzx23457-System-Product-Name.1923089.0
Metrics/motion/error_anchor_pos,92153,1789318326.564571,0.30330097675323486,events.out.tfevents.1789318322.zzx23457-System-Product-Name.1923089.0
Metrics/motion/error_anchor_pos,92154,1789318327.3870227,0.18618176877498627,events.out.tfevents.1789318322.zzx23457-System-Product-Name.1923089.0
Metrics/motion/error_anchor_pos,92155,1789318328.201762,0.17070043087005615,events.out.tfevents.1789318322.zzx23457-System-Product-Name.1923089.0
Metrics/motion/error_anchor_pos,92156,1789318329.2810233,0.09693239629268646,events.out.tfevents.1789318322.zzx23457-System-Product-Name.1923089.0
Metrics/motion/error_anchor_pos,92157,1789318330.0972254,0.1855486035346985,events.out.tfevents.1789318322.zzx23457-System-Product-Name.1923089.0
Metrics/motion/error_anchor_rot,92150,1789318323.8881555,0.004929599352180958,events.out.tfevents.1789318322.zzx23457-System-Product-Name.1923089.0
Metrics/motion/error_anchor_rot,92151,1789318324.947598,0.03401465713977814,events.out.tfevents.1789318322.zzx23457-System-Product-Name.1923089.0
Metrics/motion/error_anchor_rot,92152,1789318325.7576642,0.03220727667212486,events.out.tfevents.1789318322.zzx23457-System-Product-Name.1923089.0
Metrics/motion/error_anchor_rot,92153,1789318326.5648847,0.3192579746246338,events.out.tfevents.1789318322.zzx23457-System-Product-Name.1923089.0
Metrics/motion/error_anchor_rot,92154,1789318327.3872898,0.2793450355529785,events.out.tfevents.1789318322.zzx23457-System-Product-Name.1923089.0
Metrics/motion/error_anchor_rot,92155,1789318328.202035,0.33726805448532104,events.out.tfevents.1789318322.zzx23457-System-Product-Name.1923089.0
Metrics/motion/error_anchor_rot,92156,1789318329.2812939,0.12067970633506775,events.out.tfevents.1789318322.zzx23457-System-Product-Name.1923089.0
Metrics/motion/error_anchor_rot,92157,1789318330.0975013,0.3085840046405792,events.out.tfevents.1789318322.zzx23457-System-Product-Name.1923089.0
Metrics/motion/error_body_ang_vel,92151,1789318324.9673011,0.2972792983055115,events.out.tfevents.1789318322.zzx23457-System-Product-Name.1923089.0
Metrics/motion/error_body_ang_vel,92152,1789318325.777595,0.30063432455062866,events.out.tfevents.1789318322.zzx23457-System-Product-Name.1923089.0
Metrics/motion/error_body_ang_vel,92153,1789318326.587054,1.4688581228256226,events.out.tfevents.1789318322.zzx23457-System-Product-Name.1923089.0
Metrics/motion/error_body_ang_vel,92154,1789318327.4071572,1.1925008296966553,events.out.tfevents.1789318322.zzx23457-System-Product-Name.1923089.0
Metrics/motion/error_body_ang_vel,92155,1789318328.2220066,1.7646427154541016,events.out.tfevents.1789318322.zzx23457-System-Product-Name.1923089.0
Metrics/motion/error_body_ang_vel,92156,1789318329.3008993,1.257935881614685,events.out.tfevents.1789318322.zzx23457-System-Product-Name.1923089.0
Metrics/motion/error_body_ang_vel,92157,1789318330.1175606,1.5829687118530273,events.out.tfevents.1789318322.zzx23457-System-Product-Name.1923089.0
Metrics/motion/error_body_lin_vel,92151,1789318324.9670258,0.0757984146475792,events.out.tfevents.1789318322.zzx23457-System-Product-Name.1923089.0
Metrics/motion/error_body_lin_vel,92152,1789318325.777331,0.07978282868862152,events.out.tfevents.1789318322.zzx23457-System-Product-Name.1923089.0
Metrics/motion/error_body_lin_vel,92153,1789318326.58678,0.36201879382133484,events.out.tfevents.1789318322.zzx23457-System-Product-Name.1923089.0
Metrics/motion/error_body_lin_vel,92154,1789318327.4068866,0.3335573673248291,events.out.tfevents.1789318322.zzx23457-System-Product-Name.1923089.0
Metrics/motion/error_body_lin_vel,92155,1789318328.221727,0.5168154239654541,events.out.tfevents.1789318322.zzx23457-System-Product-Name.1923089.0
Metrics/motion/error_body_lin_vel,92156,1789318329.3006284,0.34027156233787537,events.out.tfevents.1789318322.zzx23457-System-Product-Name.1923089.0
Metrics/motion/error_body_lin_vel,92157,1789318330.1172814,0.4517863392829895,events.out.tfevents.1789318322.zzx23457-System-Product-Name.1923089.0
Metrics/motion/error_body_pos,92150,1789318323.888971,0.0029493537731468678,events.out.tfevents.1789318322.zzx23457-System-Product-Name.1923089.0
Metrics/motion/error_body_pos,92151,1789318324.948407,0.021460548043251038,events.out.tfevents.1789318322.zzx23457-System-Product-Name.1923089.0
Metrics/motion/error_body_pos,92152,1789318325.7584865,0.02074912190437317,events.out.tfevents.1789318322.zzx23457-System-Product-Name.1923089.0
Metrics/motion/error_body_pos,92153,1789318326.565842,0.090767040848732,events.out.tfevents.1789318322.zzx23457-System-Product-Name.1923089.0
Metrics/motion/error_body_pos,92154,1789318327.3881197,0.08798311650753021,events.out.tfevents.1789318322.zzx23457-System-Product-Name.1923089.0
Metrics/motion/error_body_pos,92155,1789318328.2028778,0.11539258807897568,events.out.tfevents.1789318322.zzx23457-System-Product-Name.1923089.0
Metrics/motion/error_body_pos,92156,1789318329.2821143,0.04740224406123161,events.out.tfevents.1789318322.zzx23457-System-Product-Name.1923089.0
Metrics/motion/error_body_pos,92157,1789318330.0983255,0.10200397670269012,events.out.tfevents.1789318322.zzx23457-System-Product-Name.1923089.0
Metrics/motion/error_body_rot,92150,1789318323.889242,0.015662385150790215,events.out.tfevents.1789318322.zzx23457-System-Product-Name.1923089.0
Metrics/motion/error_body_rot,92151,1789318324.9486783,0.12562879920005798,events.out.tfevents.1789318322.zzx23457-System-Product-Name.1923089.0
Metrics/motion/error_body_rot,92152,1789318325.7587488,0.1257387101650238,events.out.tfevents.1789318322.zzx23457-System-Product-Name.1923089.0
Metrics/motion/error_body_rot,92153,1789318326.5661561,0.3815322816371918,events.out.tfevents.1789318322.zzx23457-System-Product-Name.1923089.0
Metrics/motion/error_body_rot,92154,1789318327.3883948,0.3611156940460205,events.out.tfevents.1789318322.zzx23457-System-Product-Name.1923089.0
Metrics/motion/error_body_rot,92155,1789318328.203149,0.39995869994163513,events.out.tfevents.1789318322.zzx23457-System-Product-Name.1923089.0
Metrics/motion/error_body_rot,92156,1789318329.282382,0.19193372130393982,events.out.tfevents.1789318322.zzx23457-System-Product-Name.1923089.0
Metrics/motion/error_body_rot,92157,1789318330.0986025,0.33868104219436646,events.out.tfevents.1789318322.zzx23457-System-Product-Name.1923089.0
Metrics/motion/error_joint_pos,92150,1789318323.8895109,0.12316691875457764,events.out.tfevents.1789318322.zzx23457-System-Product-Name.1923089.0
Metrics/motion/error_joint_pos,92151,1789318324.9489512,1.0068883895874023,events.out.tfevents.1789318322.zzx23457-System-Product-Name.1923089.0
Metrics/motion/error_joint_pos,92152,1789318325.7590165,1.0140726566314697,events.out.tfevents.1789318322.zzx23457-System-Product-Name.1923089.0
Metrics/motion/error_joint_pos,92153,1789318326.566467,1.5460556745529175,events.out.tfevents.1789318322.zzx23457-System-Product-Name.1923089.0
Metrics/motion/error_joint_pos,92154,1789318327.3886638,1.5282373428344727,events.out.tfevents.1789318322.zzx23457-System-Product-Name.1923089.0
Metrics/motion/error_joint_pos,92155,1789318328.2034357,1.4849660396575928,events.out.tfevents.1789318322.zzx23457-System-Product-Name.1923089.0
Metrics/motion/error_joint_pos,92156,1789318329.2826433,1.0147417783737183,events.out.tfevents.1789318322.zzx23457-System-Product-Name.1923089.0
Metrics/motion/error_joint_pos,92157,1789318330.0988758,1.4926507472991943,events.out.tfevents.1789318322.zzx23457-System-Product-Name.1923089.0
Metrics/motion/error_joint_vel,92150,1789318323.88978,0.22583507001399994,events.out.tfevents.1789318322.zzx23457-System-Product-Name.1923089.0
Metrics/motion/error_joint_vel,92151,1789318324.9492285,2.0632357597351074,events.out.tfevents.1789318322.zzx23457-System-Product-Name.1923089.0
Metrics/motion/error_joint_vel,92152,1789318325.7592914,2.1487538814544678,events.out.tfevents.1789318322.zzx23457-System-Product-Name.1923089.0
Metrics/motion/error_joint_vel,92153,1789318326.566788,3.9276864528656006,events.out.tfevents.1789318322.zzx23457-System-Product-Name.1923089.0
Metrics/motion/error_joint_vel,92154,1789318327.3889284,3.6081292629241943,events.out.tfevents.1789318322.zzx23457-System-Product-Name.1923089.0
Metrics/motion/error_joint_vel,92155,1789318328.2037213,5.044585227966309,events.out.tfevents.1789318322.zzx23457-System-Product-Name.1923089.0
Metrics/motion/error_joint_vel,92156,1789318329.2829113,6.787223815917969,events.out.tfevents.1789318322.zzx23457-System-Product-Name.1923089.0
Metrics/motion/error_joint_vel,92157,1789318330.0991397,4.839597702026367,events.out.tfevents.1789318322.zzx23457-System-Product-Name.1923089.0
Metrics/motion/left_shared_clearance_distance,92151,1789318324.9604497,0.003000000026077032,events.out.tfevents.1789318322.zzx23457-System-Product-Name.1923089.0
Metrics/motion/left_shared_clearance_distance,92152,1789318325.7706332,0.003000000026077032,events.out.tfevents.1789318322.zzx23457-System-Product-Name.1923089.0
Metrics/motion/left_shared_clearance_distance,92153,1789318326.5797405,0.0712740570306778,events.out.tfevents.1789318322.zzx23457-System-Product-Name.1923089.0
Metrics/motion/left_shared_clearance_distance,92154,1789318327.4002903,0.008718070574104786,events.out.tfevents.1789318322.zzx23457-System-Product-Name.1923089.0
Metrics/motion/left_shared_clearance_distance,92155,1789318328.2147772,0.010982228443026543,events.out.tfevents.1789318322.zzx23457-System-Product-Name.1923089.0
Metrics/motion/left_shared_clearance_distance,92156,1789318329.2940845,0.003000000026077032,events.out.tfevents.1789318322.zzx23457-System-Product-Name.1923089.0
Metrics/motion/left_shared_clearance_distance,92157,1789318330.1104362,0.026042675599455833,events.out.tfevents.1789318322.zzx23457-System-Product-Name.1923089.0
Metrics/motion/phase_sync_active,92150,1789318323.8922353,0.0,events.out.tfevents.1789318322.zzx23457-System-Product-Name.1923089.0
Metrics/motion/phase_sync_active,92151,1789318324.9516487,0.0,events.out.tfevents.1789318322.zzx23457-System-Product-Name.1923089.0
Metrics/motion/phase_sync_active,92152,1789318325.7619894,0.0,events.out.tfevents.1789318322.zzx23457-System-Product-Name.1923089.0
Metrics/motion/phase_sync_active,92153,1789318326.569625,0.0,events.out.tfevents.1789318322.zzx23457-System-Product-Name.1923089.0
Metrics/motion/phase_sync_active,92154,1789318327.3914032,0.0,events.out.tfevents.1789318322.zzx23457-System-Product-Name.1923089.0
Metrics/motion/phase_sync_active,92155,1789318328.2062218,0.0,events.out.tfevents.1789318322.zzx23457-System-Product-Name.1923089.0
Metrics/motion/phase_sync_active,92156,1789318329.2853727,0.0,events.out.tfevents.1789318322.zzx23457-System-Product-Name.1923089.0
Metrics/motion/phase_sync_active,92157,1789318330.1016195,0.0,events.out.tfevents.1789318322.zzx23457-System-Product-Name.1923089.0
Metrics/motion/phase_sync_advance,92150,1789318323.8919637,0.0,events.out.tfevents.1789318322.zzx23457-System-Product-Name.1923089.0
Metrics/motion/phase_sync_advance,92151,1789318324.9513907,0.0,events.out.tfevents.1789318322.zzx23457-System-Product-Name.1923089.0
Metrics/motion/phase_sync_advance,92152,1789318325.7617228,0.0,events.out.tfevents.1789318322.zzx23457-System-Product-Name.1923089.0
Metrics/motion/phase_sync_advance,92153,1789318326.5693057,0.0,events.out.tfevents.1789318322.zzx23457-System-Product-Name.1923089.0
Metrics/motion/phase_sync_advance,92154,1789318327.3911252,0.0,events.out.tfevents.1789318322.zzx23457-System-Product-Name.1923089.0
Metrics/motion/phase_sync_advance,92155,1789318328.205949,0.0,events.out.tfevents.1789318322.zzx23457-System-Product-Name.1923089.0
Metrics/motion/phase_sync_advance,92156,1789318329.285086,0.0,events.out.tfevents.1789318322.zzx23457-System-Product-Name.1923089.0
Metrics/motion/phase_sync_advance,92157,1789318330.1013463,0.0,events.out.tfevents.1789318322.zzx23457-System-Product-Name.1923089.0
Metrics/motion/phase_sync_forward_ahead,92150,1789318323.8914146,0.001746650319546461,events.out.tfevents.1789318322.zzx23457-System-Product-Name.1923089.0
Metrics/motion/phase_sync_forward_ahead,92151,1789318324.950845,0.016885723918676376,events.out.tfevents.1789318322.zzx23457-System-Product-Name.1923089.0
Metrics/motion/phase_sync_forward_ahead,92152,1789318325.7611773,0.01785656437277794,events.out.tfevents.1789318322.zzx23457-System-Product-Name.1923089.0
Metrics/motion/phase_sync_forward_ahead,92153,1789318326.568671,-0.18540939688682556,events.out.tfevents.1789318322.zzx23457-System-Product-Name.1923089.0
Metrics/motion/phase_sync_forward_ahead,92154,1789318327.3905714,0.11871461570262909,events.out.tfevents.1789318322.zzx23457-System-Product-Name.1923089.0
Metrics/motion/phase_sync_forward_ahead,92155,1789318328.205391,0.09100282192230225,events.out.tfevents.1789318322.zzx23457-System-Product-Name.1923089.0
Metrics/motion/phase_sync_forward_ahead,92156,1789318329.28455,0.08312700688838959,events.out.tfevents.1789318322.zzx23457-System-Product-Name.1923089.0
Metrics/motion/phase_sync_forward_ahead,92157,1789318330.1007922,-0.06941218674182892,events.out.tfevents.1789318322.zzx23457-System-Product-Name.1923089.0
Metrics/motion/phase_sync_frame_gap,92150,1789318323.891688,85.0,events.out.tfevents.1789318322.zzx23457-System-Product-Name.1923089.0
Metrics/motion/phase_sync_frame_gap,92151,1789318324.9511142,676.25,events.out.tfevents.1789318322.zzx23457-System-Product-Name.1923089.0
Metrics/motion/phase_sync_frame_gap,92152,1789318325.7614546,675.0,events.out.tfevents.1789318322.zzx23457-System-Product-Name.1923089.0
Metrics/motion/phase_sync_frame_gap,92153,1789318326.56899,38.25,events.out.tfevents.1789318322.zzx23457-System-Product-Name.1923089.0
Metrics/motion/phase_sync_frame_gap,92154,1789318327.3908472,138.1666717529297,events.out.tfevents.1789318322.zzx23457-System-Product-Name.1923089.0
Metrics/motion/phase_sync_frame_gap,92155,1789318328.2056735,460.8333435058594,events.out.tfevents.1789318322.zzx23457-System-Product-Name.1923089.0
Metrics/motion/phase_sync_frame_gap,92156,1789318329.2848153,556.75,events.out.tfevents.1789318322.zzx23457-System-Product-Name.1923089.0
Metrics/motion/phase_sync_frame_gap,92157,1789318330.1010685,445.75,events.out.tfevents.1789318322.zzx23457-System-Product-Name.1923089.0
Metrics/motion/right_shared_clearance_distance,92151,1789318324.9607189,0.003000000026077032,events.out.tfevents.1789318322.zzx23457-System-Product-Name.1923089.0
Metrics/motion/right_shared_clearance_distance,92152,1789318325.7709122,0.003000000026077032,events.out.tfevents.1789318322.zzx23457-System-Product-Name.1923089.0
Metrics/motion/right_shared_clearance_distance,92153,1789318326.5803223,0.003000000026077032,events.out.tfevents.1789318322.zzx23457-System-Product-Name.1923089.0
Metrics/motion/right_shared_clearance_distance,92154,1789318327.4005616,0.003000000026077032,events.out.tfevents.1789318322.zzx23457-System-Product-Name.1923089.0
Metrics/motion/right_shared_clearance_distance,92155,1789318328.2150416,0.07402197271585464,events.out.tfevents.1789318322.zzx23457-System-Product-Name.1923089.0
Metrics/motion/right_shared_clearance_distance,92156,1789318329.2943585,0.003000000026077032,events.out.tfevents.1789318322.zzx23457-System-Product-Name.1923089.0
Metrics/motion/right_shared_clearance_distance,92157,1789318330.1107662,0.0033347830176353455,events.out.tfevents.1789318322.zzx23457-System-Product-Name.1923089.0
Metrics/motion/s52_broad_landing_impact_cost,92151,1789318324.9541302,0.0,events.out.tfevents.1789318322.zzx23457-System-Product-Name.1923089.0
Metrics/motion/s52_broad_landing_impact_cost,92152,1789318325.7644398,0.0,events.out.tfevents.1789318322.zzx23457-System-Product-Name.1923089.0
Metrics/motion/s52_broad_landing_impact_cost,92153,1789318326.572461,0.0,events.out.tfevents.1789318322.zzx23457-System-Product-Name.1923089.0
Metrics/motion/s52_broad_landing_impact_cost,92154,1789318327.393886,0.0,events.out.tfevents.1789318322.zzx23457-System-Product-Name.1923089.0
Metrics/motion/s52_broad_landing_impact_cost,92155,1789318328.2086897,0.0,events.out.tfevents.1789318322.zzx23457-System-Product-Name.1923089.0
Metrics/motion/s52_broad_landing_impact_cost,92156,1789318329.2878067,0.0,events.out.tfevents.1789318322.zzx23457-System-Product-Name.1923089.0
Metrics/motion/s52_broad_landing_impact_cost,92157,1789318330.1041007,0.0,events.out.tfevents.1789318322.zzx23457-System-Product-Name.1923089.0
Metrics/motion/s52_descent_impact_active,92151,1789318324.9544082,0.0,events.out.tfevents.1789318322.zzx23457-System-Product-Name.1923089.0
Metrics/motion/s52_descent_impact_active,92152,1789318325.76471,0.0,events.out.tfevents.1789318322.zzx23457-System-Product-Name.1923089.0
Metrics/motion/s52_descent_impact_active,92153,1789318326.572774,0.9375,events.out.tfevents.1789318322.zzx23457-System-Product-Name.1923089.0
Metrics/motion/s52_descent_impact_active,92154,1789318327.3941524,0.1458333432674408,events.out.tfevents.1789318322.zzx23457-System-Product-Name.1923089.0
Metrics/motion/s52_descent_impact_active,92155,1789318328.208958,0.2083333432674408,events.out.tfevents.1789318322.zzx23457-System-Product-Name.1923089.0
Metrics/motion/s52_descent_impact_active,92156,1789318329.288088,0.0,events.out.tfevents.1789318322.zzx23457-System-Product-Name.1923089.0
Metrics/motion/s52_descent_impact_active,92157,1789318330.104372,0.1666666716337204,events.out.tfevents.1789318322.zzx23457-System-Product-Name.1923089.0
Metrics/motion/s52_finite_memory_clearance_risk,92151,1789318324.962653,0.0,events.out.tfevents.1789318322.zzx23457-System-Product-Name.1923089.0
Metrics/motion/s52_finite_memory_clearance_risk,92152,1789318325.772785,0.0,events.out.tfevents.1789318322.zzx23457-System-Product-Name.1923089.0
Metrics/motion/s52_finite_memory_clearance_risk,92153,1789318326.582378,0.0,events.out.tfevents.1789318322.zzx23457-System-Product-Name.1923089.0
Metrics/motion/s52_finite_memory_clearance_risk,92154,1789318327.4024863,0.0,events.out.tfevents.1789318322.zzx23457-System-Product-Name.1923089.0
Metrics/motion/s52_finite_memory_clearance_risk,92155,1789318328.2169976,0.0,events.out.tfevents.1789318322.zzx23457-System-Product-Name.1923089.0
Metrics/motion/s52_finite_memory_clearance_risk,92156,1789318329.2962677,0.0,events.out.tfevents.1789318322.zzx23457-System-Product-Name.1923089.0
Metrics/motion/s52_finite_memory_clearance_risk,92157,1789318330.1128073,0.0,events.out.tfevents.1789318322.zzx23457-System-Product-Name.1923089.0
Metrics/motion/s52_finite_memory_composite_constraint_active,92151,1789318324.9623892,0.0,events.out.tfevents.1789318322.zzx23457-System-Product-Name.1923089.0
Metrics/motion/s52_finite_memory_composite_constraint_active,92152,1789318325.7725217,0.0,events.out.tfevents.1789318322.zzx23457-System-Product-Name.1923089.0
Metrics/motion/s52_finite_memory_composite_constraint_active,92153,1789318326.582107,0.9375,events.out.tfevents.1789318322.zzx23457-System-Product-Name.1923089.0
Metrics/motion/s52_finite_memory_composite_constraint_active,92154,1789318327.4022188,0.1458333432674408,events.out.tfevents.1789318322.zzx23457-System-Product-Name.1923089.0
Metrics/motion/s52_finite_memory_composite_constraint_active,92155,1789318328.2167087,0.2083333432674408,events.out.tfevents.1789318322.zzx23457-System-Product-Name.1923089.0
Metrics/motion/s52_finite_memory_composite_constraint_active,92156,1789318329.296001,0.0,events.out.tfevents.1789318322.zzx23457-System-Product-Name.1923089.0
Metrics/motion/s52_finite_memory_composite_constraint_active,92157,1789318330.11249,0.1666666716337204,events.out.tfevents.1789318322.zzx23457-System-Product-Name.1923089.0
Metrics/motion/s52_finite_memory_composite_constraint_cost,92151,1789318324.9621081,0.0,events.out.tfevents.1789318322.zzx23457-System-Product-Name.1923089.0
Metrics/motion/s52_finite_memory_composite_constraint_cost,92152,1789318325.7722628,0.0,events.out.tfevents.1789318322.zzx23457-System-Product-Name.1923089.0
Metrics/motion/s52_finite_memory_composite_constraint_cost,92153,1789318326.5818357,0.07566176354885101,events.out.tfevents.1789318322.zzx23457-System-Product-Name.1923089.0
Metrics/motion/s52_finite_memory_composite_constraint_cost,92154,1789318327.401932,0.10536458343267441,events.out.tfevents.1789318322.zzx23457-System-Product-Name.1923089.0
Metrics/motion/s52_finite_memory_composite_constraint_cost,92155,1789318328.2164257,0.026110459119081497,events.out.tfevents.1789318322.zzx23457-System-Product-Name.1923089.0
Metrics/motion/s52_finite_memory_composite_constraint_cost,92156,1789318329.2957342,0.0,events.out.tfevents.1789318322.zzx23457-System-Product-Name.1923089.0
Metrics/motion/s52_finite_memory_composite_constraint_cost,92157,1789318330.1122122,0.01455904170870781,events.out.tfevents.1789318322.zzx23457-System-Product-Name.1923089.0
Metrics/motion/s52_finite_memory_current_risk,92151,1789318324.963197,0.0,events.out.tfevents.1789318322.zzx23457-System-Product-Name.1923089.0
Metrics/motion/s52_finite_memory_current_risk,92152,1789318325.773316,0.0,events.out.tfevents.1789318322.zzx23457-System-Product-Name.1923089.0
Metrics/motion/s52_finite_memory_current_risk,92153,1789318326.582909,0.0,events.out.tfevents.1789318322.zzx23457-System-Product-Name.1923089.0
Metrics/motion/s52_finite_memory_current_risk,92154,1789318327.4030297,0.0,events.out.tfevents.1789318322.zzx23457-System-Product-Name.1923089.0
Metrics/motion/s52_finite_memory_current_risk,92155,1789318328.2175572,0.0,events.out.tfevents.1789318322.zzx23457-System-Product-Name.1923089.0
Metrics/motion/s52_finite_memory_current_risk,92156,1789318329.2968042,0.0,events.out.tfevents.1789318322.zzx23457-System-Product-Name.1923089.0
Metrics/motion/s52_finite_memory_current_risk,92157,1789318330.1133955,0.0,events.out.tfevents.1789318322.zzx23457-System-Product-Name.1923089.0
Metrics/motion/s52_finite_memory_decayed_risk,92151,1789318324.9634697,0.0,events.out.tfevents.1789318322.zzx23457-System-Product-Name.1923089.0
Metrics/motion/s52_finite_memory_decayed_risk,92152,1789318325.7735732,0.0,events.out.tfevents.1789318322.zzx23457-System-Product-Name.1923089.0
Metrics/motion/s52_finite_memory_decayed_risk,92153,1789318326.5831983,0.07566176354885101,events.out.tfevents.1789318322.zzx23457-System-Product-Name.1923089.0
Metrics/motion/s52_finite_memory_decayed_risk,92154,1789318327.4033053,0.10536458343267441,events.out.tfevents.1789318322.zzx23457-System-Product-Name.1923089.0
Metrics/motion/s52_finite_memory_decayed_risk,92155,1789318328.2178402,0.026110459119081497,events.out.tfevents.1789318322.zzx23457-System-Product-Name.1923089.0
Metrics/motion/s52_finite_memory_decayed_risk,92156,1789318329.2970736,0.0,events.out.tfevents.1789318322.zzx23457-System-Product-Name.1923089.0
Metrics/motion/s52_finite_memory_decayed_risk,92157,1789318330.1136782,0.01455904170870781,events.out.tfevents.1789318322.zzx23457-System-Product-Name.1923089.0
Metrics/motion/s52_finite_memory_impact_risk,92151,1789318324.9629273,0.0,events.out.tfevents.1789318322.zzx23457-System-Product-Name.1923089.0
Metrics/motion/s52_finite_memory_impact_risk,92152,1789318325.7730432,0.0,events.out.tfevents.1789318322.zzx23457-System-Product-Name.1923089.0
Metrics/motion/s52_finite_memory_impact_risk,92153,1789318326.5826437,0.0,events.out.tfevents.1789318322.zzx23457-System-Product-Name.1923089.0
Metrics/motion/s52_finite_memory_impact_risk,92154,1789318327.4027553,0.0,events.out.tfevents.1789318322.zzx23457-System-Product-Name.1923089.0
Metrics/motion/s52_finite_memory_impact_risk,92155,1789318328.2172754,0.0,events.out.tfevents.1789318322.zzx23457-System-Product-Name.1923089.0
Metrics/motion/s52_finite_memory_impact_risk,92156,1789318329.29653,0.0,events.out.tfevents.1789318322.zzx23457-System-Product-Name.1923089.0
Metrics/motion/s52_finite_memory_impact_risk,92157,1789318330.1131082,0.0,events.out.tfevents.1789318322.zzx23457-System-Product-Name.1923089.0
Metrics/motion/s52_hard_impact_active,92151,1789318324.9546905,0.0,events.out.tfevents.1789318322.zzx23457-System-Product-Name.1923089.0
Metrics/motion/s52_hard_impact_active,92152,1789318325.764978,0.0,events.out.tfevents.1789318322.zzx23457-System-Product-Name.1923089.0
Metrics/motion/s52_hard_impact_active,92153,1789318326.5730891,0.0,events.out.tfevents.1789318322.zzx23457-System-Product-Name.1923089.0
Metrics/motion/s52_hard_impact_active,92154,1789318327.3944292,0.0,events.out.tfevents.1789318322.zzx23457-System-Product-Name.1923089.0
Metrics/motion/s52_hard_impact_active,92155,1789318328.2092302,0.0,events.out.tfevents.1789318322.zzx23457-System-Product-Name.1923089.0
Metrics/motion/s52_hard_impact_active,92156,1789318329.2886245,0.0,events.out.tfevents.1789318322.zzx23457-System-Product-Name.1923089.0
Metrics/motion/s52_hard_impact_active,92157,1789318330.1046474,0.0,events.out.tfevents.1789318322.zzx23457-System-Product-Name.1923089.0
Metrics/motion/s52_instant_impact_constraint_active,92151,1789318324.953853,0.0,events.out.tfevents.1789318322.zzx23457-System-Product-Name.1923089.0
Metrics/motion/s52_instant_impact_constraint_active,92152,1789318325.7641618,0.0,events.out.tfevents.1789318322.zzx23457-System-Product-Name.1923089.0
Metrics/motion/s52_instant_impact_constraint_active,92153,1789318326.572146,0.9375,events.out.tfevents.1789318322.zzx23457-System-Product-Name.1923089.0
Metrics/motion/s52_instant_impact_constraint_active,92154,1789318327.3936067,0.1458333432674408,events.out.tfevents.1789318322.zzx23457-System-Product-Name.1923089.0
Metrics/motion/s52_instant_impact_constraint_active,92155,1789318328.2084243,0.2083333432674408,events.out.tfevents.1789318322.zzx23457-System-Product-Name.1923089.0
Metrics/motion/s52_instant_impact_constraint_active,92156,1789318329.2875304,0.0,events.out.tfevents.1789318322.zzx23457-System-Product-Name.1923089.0
Metrics/motion/s52_instant_impact_constraint_active,92157,1789318330.1038308,0.1666666716337204,events.out.tfevents.1789318322.zzx23457-System-Product-Name.1923089.0
Metrics/motion/s52_instant_impact_constraint_cost,92151,1789318324.9535725,0.0,events.out.tfevents.1789318322.zzx23457-System-Product-Name.1923089.0
Metrics/motion/s52_instant_impact_constraint_cost,92152,1789318325.7638955,0.0,events.out.tfevents.1789318322.zzx23457-System-Product-Name.1923089.0
Metrics/motion/s52_instant_impact_constraint_cost,92153,1789318326.5718267,0.0,events.out.tfevents.1789318322.zzx23457-System-Product-Name.1923089.0
Metrics/motion/s52_instant_impact_constraint_cost,92154,1789318327.393327,0.0,events.out.tfevents.1789318322.zzx23457-System-Product-Name.1923089.0
Metrics/motion/s52_instant_impact_constraint_cost,92155,1789318328.2081404,0.0,events.out.tfevents.1789318322.zzx23457-System-Product-Name.1923089.0
Metrics/motion/s52_instant_impact_constraint_cost,92156,1789318329.287264,0.0,events.out.tfevents.1789318322.zzx23457-System-Product-Name.1923089.0
Metrics/motion/s52_instant_impact_constraint_cost,92157,1789318330.1035454,0.0,events.out.tfevents.1789318322.zzx23457-System-Product-Name.1923089.0
Metrics/motion/s52_instant_peak_contact_force,92151,1789318324.954958,457.74530029296875,events.out.tfevents.1789318322.zzx23457-System-Product-Name.1923089.0
Metrics/motion/s52_instant_peak_contact_force,92152,1789318325.7652583,452.489013671875,events.out.tfevents.1789318322.zzx23457-System-Product-Name.1923089.0
Metrics/motion/s52_instant_peak_contact_force,92153,1789318326.5734162,444.62744140625,events.out.tfevents.1789318322.zzx23457-System-Product-Name.1923089.0
Metrics/motion/s52_instant_peak_contact_force,92154,1789318327.3947027,422.99169921875,events.out.tfevents.1789318322.zzx23457-System-Product-Name.1923089.0
Metrics/motion/s52_instant_peak_contact_force,92155,1789318328.2095053,610.9027099609375,events.out.tfevents.1789318322.zzx23457-System-Product-Name.1923089.0
Metrics/motion/s52_instant_peak_contact_force,92156,1789318329.2889016,387.949951171875,events.out.tfevents.1789318322.zzx23457-System-Product-Name.1923089.0
Metrics/motion/s52_instant_peak_contact_force,92157,1789318330.104918,523.715576171875,events.out.tfevents.1789318322.zzx23457-System-Product-Name.1923089.0
Metrics/motion/s52_route_safety_clearance_component,92151,1789318324.9615629,0.0,events.out.tfevents.1789318322.zzx23457-System-Product-Name.1923089.0
Metrics/motion/s52_route_safety_clearance_component,92152,1789318325.7717268,0.0,events.out.tfevents.1789318322.zzx23457-System-Product-Name.1923089.0
Metrics/motion/s52_route_safety_clearance_component,92153,1789318326.5812724,0.0,events.out.tfevents.1789318322.zzx23457-System-Product-Name.1923089.0
Metrics/motion/s52_route_safety_clearance_component,92154,1789318327.4013865,0.0,events.out.tfevents.1789318322.zzx23457-System-Product-Name.1923089.0
Metrics/motion/s52_route_safety_clearance_component,92155,1789318328.215872,0.0,events.out.tfevents.1789318322.zzx23457-System-Product-Name.1923089.0
Metrics/motion/s52_route_safety_clearance_component,92156,1789318329.295174,0.0,events.out.tfevents.1789318322.zzx23457-System-Product-Name.1923089.0
Metrics/motion/s52_route_safety_clearance_component,92157,1789318330.1116595,0.0,events.out.tfevents.1789318322.zzx23457-System-Product-Name.1923089.0
Metrics/motion/s52_route_safety_composite_constraint_active,92151,1789318324.961279,0.0,events.out.tfevents.1789318322.zzx23457-System-Product-Name.1923089.0
Metrics/motion/s52_route_safety_composite_constraint_active,92152,1789318325.7714634,0.0,events.out.tfevents.1789318322.zzx23457-System-Product-Name.1923089.0
Metrics/motion/s52_route_safety_composite_constraint_active,92153,1789318326.581007,0.9375,events.out.tfevents.1789318322.zzx23457-System-Product-Name.1923089.0
Metrics/motion/s52_route_safety_composite_constraint_active,92154,1789318327.4011095,0.1458333432674408,events.out.tfevents.1789318322.zzx23457-System-Product-Name.1923089.0
Metrics/motion/s52_route_safety_composite_constraint_active,92155,1789318328.2155855,0.2083333432674408,events.out.tfevents.1789318322.zzx23457-System-Product-Name.1923089.0
Metrics/motion/s52_route_safety_composite_constraint_active,92156,1789318329.2949069,0.0,events.out.tfevents.1789318322.zzx23457-System-Product-Name.1923089.0
Metrics/motion/s52_route_safety_composite_constraint_active,92157,1789318330.1113682,0.1666666716337204,events.out.tfevents.1789318322.zzx23457-System-Product-Name.1923089.0
Metrics/motion/s52_route_safety_composite_constraint_cost,92151,1789318324.9609973,0.0,events.out.tfevents.1789318322.zzx23457-System-Product-Name.1923089.0
Metrics/motion/s52_route_safety_composite_constraint_cost,92152,1789318325.771191,0.0,events.out.tfevents.1789318322.zzx23457-System-Product-Name.1923089.0
Metrics/motion/s52_route_safety_composite_constraint_cost,92153,1789318326.5807295,0.0,events.out.tfevents.1789318322.zzx23457-System-Product-Name.1923089.0
Metrics/motion/s52_route_safety_composite_constraint_cost,92154,1789318327.400828,0.0,events.out.tfevents.1789318322.zzx23457-System-Product-Name.1923089.0
Metrics/motion/s52_route_safety_composite_constraint_cost,92155,1789318328.2153132,0.0,events.out.tfevents.1789318322.zzx23457-System-Product-Name.1923089.0
Metrics/motion/s52_route_safety_composite_constraint_cost,92156,1789318329.2946355,0.0,events.out.tfevents.1789318322.zzx23457-System-Product-Name.1923089.0
Metrics/motion/s52_route_safety_composite_constraint_cost,92157,1789318330.111069,0.0,events.out.tfevents.1789318322.zzx23457-System-Product-Name.1923089.0
Metrics/motion/s52_route_safety_impact_component,92151,1789318324.9618385,0.0,events.out.tfevents.1789318322.zzx23457-System-Product-Name.1923089.0
Metrics/motion/s52_route_safety_impact_component,92152,1789318325.7719898,0.0,events.out.tfevents.1789318322.zzx23457-System-Product-Name.1923089.0
Metrics/motion/s52_route_safety_impact_component,92153,1789318326.5815568,0.0,events.out.tfevents.1789318322.zzx23457-System-Product-Name.1923089.0
Metrics/motion/s52_route_safety_impact_component,92154,1789318327.4016593,0.0,events.out.tfevents.1789318322.zzx23457-System-Product-Name.1923089.0
Metrics/motion/s52_route_safety_impact_component,92155,1789318328.2161498,0.0,events.out.tfevents.1789318322.zzx23457-System-Product-Name.1923089.0
Metrics/motion/s52_route_safety_impact_component,92156,1789318329.295458,0.0,events.out.tfevents.1789318322.zzx23457-System-Product-Name.1923089.0
Metrics/motion/s52_route_safety_impact_component,92157,1789318330.11194,0.0,events.out.tfevents.1789318322.zzx23457-System-Product-Name.1923089.0
Metrics/motion/s52_support_foothold_contact_confidence,92151,1789318324.9664814,0.0,events.out.tfevents.1789318322.zzx23457-System-Product-Name.1923089.0
Metrics/motion/s52_support_foothold_contact_confidence,92152,1789318325.7767794,0.0,events.out.tfevents.1789318322.zzx23457-System-Product-Name.1923089.0
Metrics/motion/s52_support_foothold_contact_confidence,92153,1789318326.586227,0.8333333730697632,events.out.tfevents.1789318322.zzx23457-System-Product-Name.1923089.0
Metrics/motion/s52_support_foothold_contact_confidence,92154,1789318327.406345,0.0,events.out.tfevents.1789318322.zzx23457-System-Product-Name.1923089.0
Metrics/motion/s52_support_foothold_contact_confidence,92155,1789318328.22116,0.0,events.out.tfevents.1789318322.zzx23457-System-Product-Name.1923089.0
Metrics/motion/s52_support_foothold_contact_confidence,92156,1789318329.3000793,0.0,events.out.tfevents.1789318322.zzx23457-System-Product-Name.1923089.0
Metrics/motion/s52_support_foothold_contact_confidence,92157,1789318330.116719,0.1666666716337204,events.out.tfevents.1789318322.zzx23457-System-Product-Name.1923089.0
Metrics/motion/s52_support_foothold_forward_error,92151,1789318324.965663,0.0,events.out.tfevents.1789318322.zzx23457-System-Product-Name.1923089.0
Metrics/motion/s52_support_foothold_forward_error,92152,1789318325.775738,0.0,events.out.tfevents.1789318322.zzx23457-System-Product-Name.1923089.0
Metrics/motion/s52_support_foothold_forward_error,92153,1789318326.5854099,0.2529134452342987,events.out.tfevents.1789318322.zzx23457-System-Product-Name.1923089.0
Metrics/motion/s52_support_foothold_forward_error,92154,1789318327.4055147,0.01433861255645752,events.out.tfevents.1789318322.zzx23457-System-Product-Name.1923089.0
Metrics/motion/s52_support_foothold_forward_error,92155,1789318328.2203236,0.00214385986328125,events.out.tfevents.1789318322.zzx23457-System-Product-Name.1923089.0
Metrics/motion/s52_support_foothold_forward_error,92156,1789318329.299268,0.0,events.out.tfevents.1789318322.zzx23457-System-Product-Name.1923089.0
Metrics/motion/s52_support_foothold_forward_error,92157,1789318330.1158803,0.008135478012263775,events.out.tfevents.1789318322.zzx23457-System-Product-Name.1923089.0
Metrics/motion/s52_support_foothold_lateral_error,92151,1789318324.9659383,0.0,events.out.tfevents.1789318322.zzx23457-System-Product-Name.1923089.0
Metrics/motion/s52_support_foothold_lateral_error,92152,1789318325.7759948,0.0,events.out.tfevents.1789318322.zzx23457-System-Product-Name.1923089.0
Metrics/motion/s52_support_foothold_lateral_error,92153,1789318326.585675,0.04344748705625534,events.out.tfevents.1789318322.zzx23457-System-Product-Name.1923089.0
Metrics/motion/s52_support_foothold_lateral_error,92154,1789318327.4058032,0.011984743177890778,events.out.tfevents.1789318322.zzx23457-System-Product-Name.1923089.0
Metrics/motion/s52_support_foothold_lateral_error,92155,1789318328.220605,0.01262044906616211,events.out.tfevents.1789318322.zzx23457-System-Product-Name.1923089.0
Metrics/motion/s52_support_foothold_lateral_error,92156,1789318329.2995381,0.0,events.out.tfevents.1789318322.zzx23457-System-Product-Name.1923089.0
Metrics/motion/s52_support_foothold_lateral_error,92157,1789318330.1161559,0.041825614869594574,events.out.tfevents.1789318322.zzx23457-System-Product-Name.1923089.0
Metrics/motion/s52_support_foothold_planar_active,92151,1789318324.9653947,0.0,events.out.tfevents.1789318322.zzx23457-System-Product-Name.1923089.0
Metrics/motion/s52_support_foothold_planar_active,92152,1789318325.7754762,0.0,events.out.tfevents.1789318322.zzx23457-System-Product-Name.1923089.0
Metrics/motion/s52_support_foothold_planar_active,92153,1789318326.5851307,0.9375,events.out.tfevents.1789318322.zzx23457-System-Product-Name.1923089.0
Metrics/motion/s52_support_foothold_planar_active,92154,1789318327.4052432,0.1458333432674408,events.out.tfevents.1789318322.zzx23457-System-Product-Name.1923089.0
Metrics/motion/s52_support_foothold_planar_active,92155,1789318328.2200406,0.2083333432674408,events.out.tfevents.1789318322.zzx23457-System-Product-Name.1923089.0
Metrics/motion/s52_support_foothold_planar_active,92156,1789318329.298992,0.0,events.out.tfevents.1789318322.zzx23457-System-Product-Name.1923089.0
Metrics/motion/s52_support_foothold_planar_active,92157,1789318330.115609,0.1666666716337204,events.out.tfevents.1789318322.zzx23457-System-Product-Name.1923089.0
Metrics/motion/s52_support_foothold_planar_loss,92151,1789318324.9667563,0.0,events.out.tfevents.1789318322.zzx23457-System-Product-Name.1923089.0
Metrics/motion/s52_support_foothold_planar_loss,92152,1789318325.7770517,0.0,events.out.tfevents.1789318322.zzx23457-System-Product-Name.1923089.0
Metrics/motion/s52_support_foothold_planar_loss,92153,1789318326.5865057,1.257474660873413,events.out.tfevents.1789318322.zzx23457-System-Product-Name.1923089.0
Metrics/motion/s52_support_foothold_planar_loss,92154,1789318327.4066136,0.0,events.out.tfevents.1789318322.zzx23457-System-Product-Name.1923089.0
Metrics/motion/s52_support_foothold_planar_loss,92155,1789318328.2214518,0.0,events.out.tfevents.1789318322.zzx23457-System-Product-Name.1923089.0
Metrics/motion/s52_support_foothold_planar_loss,92156,1789318329.3003597,0.0,events.out.tfevents.1789318322.zzx23457-System-Product-Name.1923089.0
Metrics/motion/s52_support_foothold_planar_loss,92157,1789318330.116997,0.2783842980861664,events.out.tfevents.1789318322.zzx23457-System-Product-Name.1923089.0
Metrics/motion/s52_support_foothold_planar_speed,92151,1789318324.9662104,0.0,events.out.tfevents.1789318322.zzx23457-System-Product-Name.1923089.0
Metrics/motion/s52_support_foothold_planar_speed,92152,1789318325.7762644,0.0,events.out.tfevents.1789318322.zzx23457-System-Product-Name.1923089.0
Metrics/motion/s52_support_foothold_planar_speed,92153,1789318326.5859451,0.11259578168392181,events.out.tfevents.1789318322.zzx23457-System-Product-Name.1923089.0
Metrics/motion/s52_support_foothold_planar_speed,92154,1789318327.4060774,0.08634433150291443,events.out.tfevents.1789318322.zzx23457-System-Product-Name.1923089.0
Metrics/motion/s52_support_foothold_planar_speed,92155,1789318328.2208853,0.17583605647087097,events.out.tfevents.1789318322.zzx23457-System-Product-Name.1923089.0
Metrics/motion/s52_support_foothold_planar_speed,92156,1789318329.299805,0.0,events.out.tfevents.1789318322.zzx23457-System-Product-Name.1923089.0
Metrics/motion/s52_support_foothold_planar_speed,92157,1789318330.1164424,0.03440625220537186,events.out.tfevents.1789318322.zzx23457-System-Product-Name.1923089.0
Metrics/motion/s52_terminal_lateral_contact_weight,92151,1789318324.9563212,0.0,events.out.tfevents.1789318322.zzx23457-System-Product-Name.1923089.0
Metrics/motion/s52_terminal_lateral_contact_weight,92152,1789318325.7666037,0.0,events.out.tfevents.1789318322.zzx23457-System-Product-Name.1923089.0
Metrics/motion/s52_terminal_lateral_contact_weight,92153,1789318326.5749724,0.859375,events.out.tfevents.1789318322.zzx23457-System-Product-Name.1923089.0
Metrics/motion/s52_terminal_lateral_contact_weight,92154,1789318327.396059,0.6614583730697632,events.out.tfevents.1789318322.zzx23457-System-Product-Name.1923089.0
Metrics/motion/s52_terminal_lateral_contact_weight,92155,1789318328.210883,0.0520833358168602,events.out.tfevents.1789318322.zzx23457-System-Product-Name.1923089.0
Metrics/motion/s52_terminal_lateral_contact_weight,92156,1789318329.2902532,0.0,events.out.tfevents.1789318322.zzx23457-System-Product-Name.1923089.0
Metrics/motion/s52_terminal_lateral_contact_weight,92157,1789318330.10631,0.0,events.out.tfevents.1789318322.zzx23457-System-Product-Name.1923089.0
Metrics/motion/s52_terminal_lateral_double_support,92151,1789318324.956049,1.0,events.out.tfevents.1789318322.zzx23457-System-Product-Name.1923089.0
Metrics/motion/s52_terminal_lateral_double_support,92152,1789318325.7663472,1.0,events.out.tfevents.1789318322.zzx23457-System-Product-Name.1923089.0
Metrics/motion/s52_terminal_lateral_double_support,92153,1789318326.574657,0.8958333730697632,events.out.tfevents.1789318322.zzx23457-System-Product-Name.1923089.0
Metrics/motion/s52_terminal_lateral_double_support,92154,1789318327.3957913,0.8030620813369751,events.out.tfevents.1789318322.zzx23457-System-Product-Name.1923089.0
Metrics/motion/s52_terminal_lateral_double_support,92155,1789318328.2106056,0.267267644405365,events.out.tfevents.1789318322.zzx23457-System-Product-Name.1923089.0
Metrics/motion/s52_terminal_lateral_double_support,92156,1789318329.2899792,1.0,events.out.tfevents.1789318322.zzx23457-System-Product-Name.1923089.0
Metrics/motion/s52_terminal_lateral_double_support,92157,1789318330.1060271,0.7937781810760498,events.out.tfevents.1789318322.zzx23457-System-Product-Name.1923089.0
Metrics/motion/s52_terminal_lateral_early_active,92151,1789318324.9582372,0.0,events.out.tfevents.1789318322.zzx23457-System-Product-Name.1923089.0
Metrics/motion/s52_terminal_lateral_early_active,92152,1789318325.7682219,0.0,events.out.tfevents.1789318322.zzx23457-System-Product-Name.1923089.0
Metrics/motion/s52_terminal_lateral_early_active,92153,1789318326.5768948,0.9375,events.out.tfevents.1789318322.zzx23457-System-Product-Name.1923089.0
Metrics/motion/s52_terminal_lateral_early_active,92154,1789318327.3977978,0.7708333730697632,events.out.tfevents.1789318322.zzx23457-System-Product-Name.1923089.0
Metrics/motion/s52_terminal_lateral_early_active,92155,1789318328.2125401,0.2083333432674408,events.out.tfevents.1789318322.zzx23457-System-Product-Name.1923089.0
Metrics/motion/s52_terminal_lateral_early_active,92156,1789318329.2919044,0.0,events.out.tfevents.1789318322.zzx23457-System-Product-Name.1923089.0
Metrics/motion/s52_terminal_lateral_early_active,92157,1789318330.1082354,0.0,events.out.tfevents.1789318322.zzx23457-System-Product-Name.1923089.0
Metrics/motion/s52_terminal_lateral_early_double_support,92151,1789318324.9576874,1.0,events.out.tfevents.1789318322.zzx23457-System-Product-Name.1923089.0
Metrics/motion/s52_terminal_lateral_early_double_support,92152,1789318325.767677,1.0,events.out.tfevents.1789318322.zzx23457-System-Product-Name.1923089.0
Metrics/motion/s52_terminal_lateral_early_double_support,92153,1789318326.5762591,0.8958333730697632,events.out.tfevents.1789318322.zzx23457-System-Product-Name.1923089.0
Metrics/motion/s52_terminal_lateral_early_double_support,92154,1789318327.3971307,0.8030620813369751,events.out.tfevents.1789318322.zzx23457-System-Product-Name.1923089.0
Metrics/motion/s52_terminal_lateral_early_double_support,92155,1789318328.2119923,0.267267644405365,events.out.tfevents.1789318322.zzx23457-System-Product-Name.1923089.0
Metrics/motion/s52_terminal_lateral_early_double_support,92156,1789318329.291351,1.0,events.out.tfevents.1789318322.zzx23457-System-Product-Name.1923089.0
Metrics/motion/s52_terminal_lateral_early_double_support,92157,1789318330.107416,0.7937781810760498,events.out.tfevents.1789318322.zzx23457-System-Product-Name.1923089.0
Metrics/motion/s52_terminal_lateral_early_error_abs,92151,1789318324.956862,0.020362377166748047,events.out.tfevents.1789318322.zzx23457-System-Product-Name.1923089.0
Metrics/motion/s52_terminal_lateral_early_error_abs,92152,1789318325.7671385,0.018888473510742188,events.out.tfevents.1789318322.zzx23457-System-Product-Name.1923089.0
Metrics/motion/s52_terminal_lateral_early_error_abs,92153,1789318326.5756178,0.10656309127807617,events.out.tfevents.1789318322.zzx23457-System-Product-Name.1923089.0
Metrics/motion/s52_terminal_lateral_early_error_abs,92154,1789318327.3965993,0.11679564416408539,events.out.tfevents.1789318322.zzx23457-System-Product-Name.1923089.0
Metrics/motion/s52_terminal_lateral_early_error_abs,92155,1789318328.211442,0.11925281584262848,events.out.tfevents.1789318322.zzx23457-System-Product-Name.1923089.0
Metrics/motion/s52_terminal_lateral_early_error_abs,92156,1789318329.2908099,0.03711951896548271,events.out.tfevents.1789318322.zzx23457-System-Product-Name.1923089.0
Metrics/motion/s52_terminal_lateral_early_error_abs,92157,1789318330.1068556,0.056021373718976974,events.out.tfevents.1789318322.zzx23457-System-Product-Name.1923089.0
Metrics/motion/s52_terminal_lateral_early_excess,92151,1789318324.957399,0.0,events.out.tfevents.1789318322.zzx23457-System-Product-Name.1923089.0
Metrics/motion/s52_terminal_lateral_early_excess,92152,1789318325.767413,0.0,events.out.tfevents.1789318322.zzx23457-System-Product-Name.1923089.0
Metrics/motion/s52_terminal_lateral_early_excess,92153,1789318326.5759454,0.06882283091545105,events.out.tfevents.1789318322.zzx23457-System-Product-Name.1923089.0
Metrics/motion/s52_terminal_lateral_early_excess,92154,1789318327.396863,0.08384402096271515,events.out.tfevents.1789318322.zzx23457-System-Product-Name.1923089.0
Metrics/motion/s52_terminal_lateral_early_excess,92155,1789318328.2117186,0.09873385727405548,events.out.tfevents.1789318322.zzx23457-System-Product-Name.1923089.0
Metrics/motion/s52_terminal_lateral_early_excess,92156,1789318329.2910821,0.004248807206749916,events.out.tfevents.1789318322.zzx23457-System-Product-Name.1923089.0
Metrics/motion/s52_terminal_lateral_early_excess,92157,1789318330.1071372,0.021642543375492096,events.out.tfevents.1789318322.zzx23457-System-Product-Name.1923089.0
Metrics/motion/s52_terminal_lateral_early_progress,92151,1789318324.9579587,0.0,events.out.tfevents.1789318322.zzx23457-System-Product-Name.1923089.0
Metrics/motion/s52_terminal_lateral_early_progress,92152,1789318325.767957,0.0,events.out.tfevents.1789318322.zzx23457-System-Product-Name.1923089.0
Metrics/motion/s52_terminal_lateral_early_progress,92153,1789318326.5765824,0.023925988003611565,events.out.tfevents.1789318322.zzx23457-System-Product-Name.1923089.0
Metrics/motion/s52_terminal_lateral_early_progress,92154,1789318327.3974838,0.044513553380966187,events.out.tfevents.1789318322.zzx23457-System-Product-Name.1923089.0
Metrics/motion/s52_terminal_lateral_early_progress,92155,1789318328.212268,-0.05206773430109024,events.out.tfevents.1789318322.zzx23457-System-Product-Name.1923089.0
Metrics/motion/s52_terminal_lateral_early_progress,92156,1789318329.2916353,0.0,events.out.tfevents.1789318322.zzx23457-System-Product-Name.1923089.0
Metrics/motion/s52_terminal_lateral_early_progress,92157,1789318330.1079526,0.0,events.out.tfevents.1789318322.zzx23457-System-Product-Name.1923089.0
Metrics/motion/s52_terminal_lateral_error_abs,92151,1789318324.9552329,0.020362377166748047,events.out.tfevents.1789318322.zzx23457-System-Product-Name.1923089.0
Metrics/motion/s52_terminal_lateral_error_abs,92152,1789318325.76552,0.018888473510742188,events.out.tfevents.1789318322.zzx23457-System-Product-Name.1923089.0
Metrics/motion/s52_terminal_lateral_error_abs,92153,1789318326.5737195,0.10656309127807617,events.out.tfevents.1789318322.zzx23457-System-Product-Name.1923089.0
Metrics/motion/s52_terminal_lateral_error_abs,92154,1789318327.394968,0.11679564416408539,events.out.tfevents.1789318322.zzx23457-System-Product-Name.1923089.0
Metrics/motion/s52_terminal_lateral_error_abs,92155,1789318328.2097743,0.11925281584262848,events.out.tfevents.1789318322.zzx23457-System-Product-Name.1923089.0
Metrics/motion/s52_terminal_lateral_error_abs,92156,1789318329.2891736,0.03711951896548271,events.out.tfevents.1789318322.zzx23457-System-Product-Name.1923089.0
Metrics/motion/s52_terminal_lateral_error_abs,92157,1789318330.1052125,0.056021373718976974,events.out.tfevents.1789318322.zzx23457-System-Product-Name.1923089.0
Metrics/motion/s52_terminal_lateral_position_excess,92151,1789318324.9554954,0.0,events.out.tfevents.1789318322.zzx23457-System-Product-Name.1923089.0
Metrics/motion/s52_terminal_lateral_position_excess,92152,1789318325.7657983,0.0,events.out.tfevents.1789318322.zzx23457-System-Product-Name.1923089.0
Metrics/motion/s52_terminal_lateral_position_excess,92153,1789318326.5740354,0.06882283091545105,events.out.tfevents.1789318322.zzx23457-System-Product-Name.1923089.0
Metrics/motion/s52_terminal_lateral_position_excess,92154,1789318327.3952456,0.08384402096271515,events.out.tfevents.1789318322.zzx23457-System-Product-Name.1923089.0
Metrics/motion/s52_terminal_lateral_position_excess,92155,1789318328.2100458,0.09873385727405548,events.out.tfevents.1789318322.zzx23457-System-Product-Name.1923089.0
Metrics/motion/s52_terminal_lateral_position_excess,92156,1789318329.2894423,0.004248807206749916,events.out.tfevents.1789318322.zzx23457-System-Product-Name.1923089.0
Metrics/motion/s52_terminal_lateral_position_excess,92157,1789318330.105477,0.021642543375492096,events.out.tfevents.1789318322.zzx23457-System-Product-Name.1923089.0
Metrics/motion/s52_terminal_lateral_residual_loss,92151,1789318324.9565928,0.0,events.out.tfevents.1789318322.zzx23457-System-Product-Name.1923089.0
Metrics/motion/s52_terminal_lateral_residual_loss,92152,1789318325.766869,0.0,events.out.tfevents.1789318322.zzx23457-System-Product-Name.1923089.0
Metrics/motion/s52_terminal_lateral_residual_loss,92153,1789318326.5753107,0.4600476920604706,events.out.tfevents.1789318322.zzx23457-System-Product-Name.1923089.0
Metrics/motion/s52_terminal_lateral_residual_loss,92154,1789318327.396334,0.6592918634414673,events.out.tfevents.1789318322.zzx23457-System-Product-Name.1923089.0
Metrics/motion/s52_terminal_lateral_residual_loss,92155,1789318328.2111638,0.8877813816070557,events.out.tfevents.1789318322.zzx23457-System-Product-Name.1923089.0
Metrics/motion/s52_terminal_lateral_residual_loss,92156,1789318329.29053,0.0,events.out.tfevents.1789318322.zzx23457-System-Product-Name.1923089.0
Metrics/motion/s52_terminal_lateral_residual_loss,92157,1789318330.1065867,0.0,events.out.tfevents.1789318322.zzx23457-System-Product-Name.1923089.0
Metrics/motion/s52_terminal_lateral_velocity_error_abs,92151,1789318324.9557767,0.05087907612323761,events.out.tfevents.1789318322.zzx23457-System-Product-Name.1923089.0
Metrics/motion/s52_terminal_lateral_velocity_error_abs,92152,1789318325.76606,0.05424359068274498,events.out.tfevents.1789318322.zzx23457-System-Product-Name.1923089.0
Metrics/motion/s52_terminal_lateral_velocity_error_abs,92153,1789318326.5743432,0.13919273018836975,events.out.tfevents.1789318322.zzx23457-System-Product-Name.1923089.0
Metrics/motion/s52_terminal_lateral_velocity_error_abs,92154,1789318327.3955219,0.2063320130109787,events.out.tfevents.1789318322.zzx23457-System-Product-Name.1923089.0
Metrics/motion/s52_terminal_lateral_velocity_error_abs,92155,1789318328.210323,0.30596789717674255,events.out.tfevents.1789318322.zzx23457-System-Product-Name.1923089.0
Metrics/motion/s52_terminal_lateral_velocity_error_abs,92156,1789318329.2897127,0.02319660596549511,events.out.tfevents.1789318322.zzx23457-System-Product-Name.1923089.0
Metrics/motion/s52_terminal_lateral_velocity_error_abs,92157,1789318330.1057565,0.062412284314632416,events.out.tfevents.1789318322.zzx23457-System-Product-Name.1923089.0
Metrics/motion/s52_terminal_missing_double_support,92151,1789318324.95303,0.0,events.out.tfevents.1789318322.zzx23457-System-Product-Name.1923089.0
Metrics/motion/s52_terminal_missing_double_support,92152,1789318325.763356,0.0,events.out.tfevents.1789318322.zzx23457-System-Product-Name.1923089.0
Metrics/motion/s52_terminal_missing_double_support,92153,1789318326.5711992,0.0,events.out.tfevents.1789318322.zzx23457-System-Product-Name.1923089.0
Metrics/motion/s52_terminal_missing_double_support,92154,1789318327.3927703,0.0,events.out.tfevents.1789318322.zzx23457-System-Product-Name.1923089.0
Metrics/motion/s52_terminal_missing_double_support,92155,1789318328.2075853,0.0,events.out.tfevents.1789318322.zzx23457-System-Product-Name.1923089.0
Metrics/motion/s52_terminal_missing_double_support,92156,1789318329.2867181,0.0,events.out.tfevents.1789318322.zzx23457-System-Product-Name.1923089.0
Metrics/motion/s52_terminal_missing_double_support,92157,1789318330.102991,0.0,events.out.tfevents.1789318322.zzx23457-System-Product-Name.1923089.0
Metrics/motion/s52_terminal_soft_progress_active,92151,1789318324.9637527,0.0,events.out.tfevents.1789318322.zzx23457-System-Product-Name.1923089.0
Metrics/motion/s52_terminal_soft_progress_active,92152,1789318325.7738476,0.0,events.out.tfevents.1789318322.zzx23457-System-Product-Name.1923089.0
Metrics/motion/s52_terminal_soft_progress_active,92153,1789318326.583481,0.9375,events.out.tfevents.1789318322.zzx23457-System-Product-Name.1923089.0
Metrics/motion/s52_terminal_soft_progress_active,92154,1789318327.4035761,0.7708333730697632,events.out.tfevents.1789318322.zzx23457-System-Product-Name.1923089.0
Metrics/motion/s52_terminal_soft_progress_active,92155,1789318328.2183735,0.2083333432674408,events.out.tfevents.1789318322.zzx23457-System-Product-Name.1923089.0
Metrics/motion/s52_terminal_soft_progress_active,92156,1789318329.2973406,0.0,events.out.tfevents.1789318322.zzx23457-System-Product-Name.1923089.0
Metrics/motion/s52_terminal_soft_progress_active,92157,1789318330.1139631,0.0,events.out.tfevents.1789318322.zzx23457-System-Product-Name.1923089.0
Metrics/motion/s52_terminal_soft_progress_contact_confidence,92151,1789318324.964855,0.0,events.out.tfevents.1789318322.zzx23457-System-Product-Name.1923089.0
Metrics/motion/s52_terminal_soft_progress_contact_confidence,92152,1789318325.7749374,0.0,events.out.tfevents.1789318322.zzx23457-System-Product-Name.1923089.0
Metrics/motion/s52_terminal_soft_progress_contact_confidence,92153,1789318326.5845685,0.8854166865348816,events.out.tfevents.1789318322.zzx23457-System-Product-Name.1923089.0
Metrics/motion/s52_terminal_soft_progress_contact_confidence,92154,1789318327.4046814,0.6979166865348816,events.out.tfevents.1789318322.zzx23457-System-Product-Name.1923089.0
Metrics/motion/s52_terminal_soft_progress_contact_confidence,92155,1789318328.2194963,0.1041666716337204,events.out.tfevents.1789318322.zzx23457-System-Product-Name.1923089.0
Metrics/motion/s52_terminal_soft_progress_contact_confidence,92156,1789318329.29845,0.0,events.out.tfevents.1789318322.zzx23457-System-Product-Name.1923089.0
Metrics/motion/s52_terminal_soft_progress_contact_confidence,92157,1789318330.115053,0.0,events.out.tfevents.1789318322.zzx23457-System-Product-Name.1923089.0
Metrics/motion/s52_terminal_soft_progress_floor,92151,1789318324.9645858,0.0,events.out.tfevents.1789318322.zzx23457-System-Product-Name.1923089.0
Metrics/motion/s52_terminal_soft_progress_floor,92152,1789318325.7746632,0.0,events.out.tfevents.1789318322.zzx23457-System-Product-Name.1923089.0
Metrics/motion/s52_terminal_soft_progress_floor,92153,1789318326.584288,0.0,events.out.tfevents.1789318322.zzx23457-System-Product-Name.1923089.0
Metrics/motion/s52_terminal_soft_progress_floor,92154,1789318327.404409,0.0,events.out.tfevents.1789318322.zzx23457-System-Product-Name.1923089.0
Metrics/motion/s52_terminal_soft_progress_floor,92155,1789318328.2192178,0.0,events.out.tfevents.1789318322.zzx23457-System-Product-Name.1923089.0
Metrics/motion/s52_terminal_soft_progress_floor,92156,1789318329.2981825,0.0,events.out.tfevents.1789318322.zzx23457-System-Product-Name.1923089.0
Metrics/motion/s52_terminal_soft_progress_floor,92157,1789318330.1147785,0.0,events.out.tfevents.1789318322.zzx23457-System-Product-Name.1923089.0
Metrics/motion/s52_terminal_soft_progress_position_error,92151,1789318324.9640357,3.1941182613372803,events.out.tfevents.1789318322.zzx23457-System-Product-Name.1923089.0
Metrics/motion/s52_terminal_soft_progress_position_error,92152,1789318325.7741165,3.1923537254333496,events.out.tfevents.1789318322.zzx23457-System-Product-Name.1923089.0
Metrics/motion/s52_terminal_soft_progress_position_error,92153,1789318326.5837505,0.48443397879600525,events.out.tfevents.1789318322.zzx23457-System-Product-Name.1923089.0
Metrics/motion/s52_terminal_soft_progress_position_error,92154,1789318327.4038444,0.8489564657211304,events.out.tfevents.1789318322.zzx23457-System-Product-Name.1923089.0
Metrics/motion/s52_terminal_soft_progress_position_error,92155,1789318328.2186592,2.5693604946136475,events.out.tfevents.1789318322.zzx23457-System-Product-Name.1923089.0
Metrics/motion/s52_terminal_soft_progress_position_error,92156,1789318329.2976122,3.0356760025024414,events.out.tfevents.1789318322.zzx23457-System-Product-Name.1923089.0
Metrics/motion/s52_terminal_soft_progress_position_error,92157,1789318330.114232,2.6862494945526123,events.out.tfevents.1789318322.zzx23457-System-Product-Name.1923089.0
Metrics/motion/s52_terminal_soft_progress_speed,92151,1789318324.964312,0.0056769270449876785,events.out.tfevents.1789318322.zzx23457-System-Product-Name.1923089.0
Metrics/motion/s52_terminal_soft_progress_speed,92152,1789318325.774397,0.006920117884874344,events.out.tfevents.1789318322.zzx23457-System-Product-Name.1923089.0
Metrics/motion/s52_terminal_soft_progress_speed,92153,1789318326.5840204,0.2455115020275116,events.out.tfevents.1789318322.zzx23457-System-Product-Name.1923089.0
Metrics/motion/s52_terminal_soft_progress_speed,92154,1789318327.404118,0.17488998174667358,events.out.tfevents.1789318322.zzx23457-System-Product-Name.1923089.0
Metrics/motion/s52_terminal_soft_progress_speed,92155,1789318328.2189443,0.6230694055557251,events.out.tfevents.1789318322.zzx23457-System-Product-Name.1923089.0
Metrics/motion/s52_terminal_soft_progress_speed,92156,1789318329.2978935,0.35104867815971375,events.out.tfevents.1789318322.zzx23457-System-Product-Name.1923089.0
Metrics/motion/s52_terminal_soft_progress_speed,92157,1789318330.114511,0.5803492665290833,events.out.tfevents.1789318322.zzx23457-System-Product-Name.1923089.0
Metrics/motion/s52_terminal_soft_progress_touchdown_fraction,92151,1789318324.9651246,0.0,events.out.tfevents.1789318322.zzx23457-System-Product-Name.1923089.0
Metrics/motion/s52_terminal_soft_progress_touchdown_fraction,92152,1789318325.7752059,0.0,events.out.tfevents.1789318322.zzx23457-System-Product-Name.1923089.0
Metrics/motion/s52_terminal_soft_progress_touchdown_fraction,92153,1789318326.5848455,0.4166666865348816,events.out.tfevents.1789318322.zzx23457-System-Product-Name.1923089.0
Metrics/motion/s52_terminal_soft_progress_touchdown_fraction,92154,1789318327.404955,0.0,events.out.tfevents.1789318322.zzx23457-System-Product-Name.1923089.0
Metrics/motion/s52_terminal_soft_progress_touchdown_fraction,92155,1789318328.2197723,0.1041666716337204,events.out.tfevents.1789318322.zzx23457-System-Product-Name.1923089.0
Metrics/motion/s52_terminal_soft_progress_touchdown_fraction,92156,1789318329.2987204,0.0,events.out.tfevents.1789318322.zzx23457-System-Product-Name.1923089.0
Metrics/motion/s52_terminal_soft_progress_touchdown_fraction,92157,1789318330.1153312,0.0,events.out.tfevents.1789318322.zzx23457-System-Product-Name.1923089.0
Metrics/motion/s52_terminal_support_penalty_active,92151,1789318324.9533026,0.0,events.out.tfevents.1789318322.zzx23457-System-Product-Name.1923089.0
Metrics/motion/s52_terminal_support_penalty_active,92152,1789318325.7636325,0.0,events.out.tfevents.1789318322.zzx23457-System-Product-Name.1923089.0
Metrics/motion/s52_terminal_support_penalty_active,92153,1789318326.571515,0.0,events.out.tfevents.1789318322.zzx23457-System-Product-Name.1923089.0
Metrics/motion/s52_terminal_support_penalty_active,92154,1789318327.3930469,0.625,events.out.tfevents.1789318322.zzx23457-System-Product-Name.1923089.0
Metrics/motion/s52_terminal_support_penalty_active,92155,1789318328.2078555,0.0,events.out.tfevents.1789318322.zzx23457-System-Product-Name.1923089.0
Metrics/motion/s52_terminal_support_penalty_active,92156,1789318329.2869954,0.0,events.out.tfevents.1789318322.zzx23457-System-Product-Name.1923089.0
Metrics/motion/s52_terminal_support_penalty_active,92157,1789318330.1032653,0.0,events.out.tfevents.1789318322.zzx23457-System-Product-Name.1923089.0
Metrics/motion/sampling_entropy,92150,1789318323.8900478,0.125,events.out.tfevents.1789318322.zzx23457-System-Product-Name.1923089.0
Metrics/motion/sampling_entropy,92151,1789318324.9495015,1.0,events.out.tfevents.1789318322.zzx23457-System-Product-Name.1923089.0
Metrics/motion/sampling_entropy,92152,1789318325.75956,1.0,events.out.tfevents.1789318322.zzx23457-System-Product-Name.1923089.0
Metrics/motion/sampling_entropy,92153,1789318326.5670984,1.0,events.out.tfevents.1789318322.zzx23457-System-Product-Name.1923089.0
Metrics/motion/sampling_entropy,92154,1789318327.3891969,0.9995718002319336,events.out.tfevents.1789318322.zzx23457-System-Product-Name.1923089.0
Metrics/motion/sampling_entropy,92155,1789318328.2040007,0.9979838132858276,events.out.tfevents.1789318322.zzx23457-System-Product-Name.1923089.0
Metrics/motion/sampling_entropy,92156,1789318329.283191,0.9960129261016846,events.out.tfevents.1789318322.zzx23457-System-Product-Name.1923089.0
Metrics/motion/sampling_entropy,92157,1789318330.0994189,0.9946054816246033,events.out.tfevents.1789318322.zzx23457-System-Product-Name.1923089.0
Metrics/motion/sampling_terrain_focus_fraction,92150,1789318323.891142,0.0361328125,events.out.tfevents.1789318322.zzx23457-System-Product-Name.1923089.0
Metrics/motion/sampling_terrain_focus_fraction,92151,1789318324.9505742,0.072265625,events.out.tfevents.1789318322.zzx23457-System-Product-Name.1923089.0
Metrics/motion/sampling_terrain_focus_fraction,92152,1789318325.7609026,0.0,events.out.tfevents.1789318322.zzx23457-System-Product-Name.1923089.0
Metrics/motion/sampling_terrain_focus_fraction,92153,1789318326.568365,0.0,events.out.tfevents.1789318322.zzx23457-System-Product-Name.1923089.0
Metrics/motion/sampling_terrain_focus_fraction,92154,1789318327.3903008,0.3958333432674408,events.out.tfevents.1789318322.zzx23457-System-Product-Name.1923089.0
Metrics/motion/sampling_terrain_focus_fraction,92155,1789318328.2051103,0.5833333730697632,events.out.tfevents.1789318322.zzx23457-System-Product-Name.1923089.0
Metrics/motion/sampling_terrain_focus_fraction,92156,1789318329.284282,0.0,events.out.tfevents.1789318322.zzx23457-System-Product-Name.1923089.0
Metrics/motion/sampling_terrain_focus_fraction,92157,1789318330.1005096,0.375,events.out.tfevents.1789318322.zzx23457-System-Product-Name.1923089.0
Metrics/motion/sampling_top1_bin,92150,1789318323.8905973,0.0,events.out.tfevents.1789318322.zzx23457-System-Product-Name.1923089.0
Metrics/motion/sampling_top1_bin,92151,1789318324.9500308,0.0,events.out.tfevents.1789318322.zzx23457-System-Product-Name.1923089.0
Metrics/motion/sampling_top1_bin,92152,1789318325.7603686,0.0,events.out.tfevents.1789318322.zzx23457-System-Product-Name.1923089.0
Metrics/motion/sampling_top1_bin,92153,1789318326.567737,0.0,events.out.tfevents.1789318322.zzx23457-System-Product-Name.1923089.0
Metrics/motion/sampling_top1_bin,92154,1789318327.3897479,0.6296296119689941,events.out.tfevents.1789318322.zzx23457-System-Product-Name.1923089.0
Metrics/motion/sampling_top1_bin,92155,1789318328.2045515,0.888888955116272,events.out.tfevents.1789318322.zzx23457-System-Product-Name.1923089.0
Metrics/motion/sampling_top1_bin,92156,1789318329.2837317,0.888888955116272,events.out.tfevents.1789318322.zzx23457-System-Product-Name.1923089.0
Metrics/motion/sampling_top1_bin,92157,1789318330.0999644,0.888888955116272,events.out.tfevents.1789318322.zzx23457-System-Product-Name.1923089.0
Metrics/motion/sampling_top1_prob,92150,1789318323.8903286,0.004629629664123058,events.out.tfevents.1789318322.zzx23457-System-Product-Name.1923089.0
Metrics/motion/sampling_top1_prob,92151,1789318324.9497602,0.03703703731298447,events.out.tfevents.1789318322.zzx23457-System-Product-Name.1923089.0
Metrics/motion/sampling_top1_prob,92152,1789318325.7600963,0.03703703731298447,events.out.tfevents.1789318322.zzx23457-System-Product-Name.1923089.0
Metrics/motion/sampling_top1_prob,92153,1789318326.5674272,0.03703703731298447,events.out.tfevents.1789318322.zzx23457-System-Product-Name.1923089.0
Metrics/motion/sampling_top1_prob,92154,1789318327.3894722,0.04278964921832085,events.out.tfevents.1789318322.zzx23457-System-Product-Name.1923089.0
Metrics/motion/sampling_top1_prob,92155,1789318328.2042844,0.05248723551630974,events.out.tfevents.1789318322.zzx23457-System-Product-Name.1923089.0
Metrics/motion/sampling_top1_prob,92156,1789318329.283464,0.059276532381772995,events.out.tfevents.1789318322.zzx23457-System-Product-Name.1923089.0
Metrics/motion/sampling_top1_prob,92157,1789318330.0996902,0.06331375986337662,events.out.tfevents.1789318322.zzx23457-System-Product-Name.1923089.0
Metrics/motion/sampling_zero_start_fraction,92150,1789318323.8908696,0.0849609375,events.out.tfevents.1789318322.zzx23457-System-Product-Name.1923089.0
Metrics/motion/sampling_zero_start_fraction,92151,1789318324.9503026,0.919921875,events.out.tfevents.1789318322.zzx23457-System-Product-Name.1923089.0
Metrics/motion/sampling_zero_start_fraction,92152,1789318325.7606373,1.0,events.out.tfevents.1789318322.zzx23457-System-Product-Name.1923089.0
Metrics/motion/sampling_zero_start_fraction,92153,1789318326.568049,0.875,events.out.tfevents.1789318322.zzx23457-System-Product-Name.1923089.0
Metrics/motion/sampling_zero_start_fraction,92154,1789318327.3900156,0.3125,events.out.tfevents.1789318322.zzx23457-System-Product-Name.1923089.0
Metrics/motion/sampling_zero_start_fraction,92155,1789318328.2048278,0.25,events.out.tfevents.1789318322.zzx23457-System-Product-Name.1923089.0
Metrics/motion/sampling_zero_start_fraction,92156,1789318329.284006,1.0,events.out.tfevents.1789318322.zzx23457-System-Product-Name.1923089.0
Metrics/motion/sampling_zero_start_fraction,92157,1789318330.1002405,0.625,events.out.tfevents.1789318322.zzx23457-System-Product-Name.1923089.0
Metrics/motion/shared_clearance_active_fraction,92151,1789318324.9587944,0.0,events.out.tfevents.1789318322.zzx23457-System-Product-Name.1923089.0
Metrics/motion/shared_clearance_active_fraction,92152,1789318325.7690146,0.0,events.out.tfevents.1789318322.zzx23457-System-Product-Name.1923089.0
Metrics/motion/shared_clearance_active_fraction,92153,1789318326.57751,0.46875,events.out.tfevents.1789318322.zzx23457-System-Product-Name.1923089.0
Metrics/motion/shared_clearance_active_fraction,92154,1789318327.3983793,0.0729166716337204,events.out.tfevents.1789318322.zzx23457-System-Product-Name.1923089.0
Metrics/motion/shared_clearance_active_fraction,92155,1789318328.2130952,0.2083333432674408,events.out.tfevents.1789318322.zzx23457-System-Product-Name.1923089.0
Metrics/motion/shared_clearance_active_fraction,92156,1789318329.2924457,0.0,events.out.tfevents.1789318322.zzx23457-System-Product-Name.1923089.0
Metrics/motion/shared_clearance_active_fraction,92157,1789318330.1087675,0.1666666716337204,events.out.tfevents.1789318322.zzx23457-System-Product-Name.1923089.0
Metrics/motion/shared_clearance_actual_swing_fraction,92151,1789318324.9590654,0.0,events.out.tfevents.1789318322.zzx23457-System-Product-Name.1923089.0
Metrics/motion/shared_clearance_actual_swing_fraction,92152,1789318325.769284,0.0,events.out.tfevents.1789318322.zzx23457-System-Product-Name.1923089.0
Metrics/motion/shared_clearance_actual_swing_fraction,92153,1789318326.577829,0.9375,events.out.tfevents.1789318322.zzx23457-System-Product-Name.1923089.0
Metrics/motion/shared_clearance_actual_swing_fraction,92154,1789318327.3989217,0.1875,events.out.tfevents.1789318322.zzx23457-System-Product-Name.1923089.0
Metrics/motion/shared_clearance_actual_swing_fraction,92155,1789318328.2133772,0.625,events.out.tfevents.1789318322.zzx23457-System-Product-Name.1923089.0
Metrics/motion/shared_clearance_actual_swing_fraction,92156,1789318329.2927186,0.7083333730697632,events.out.tfevents.1789318322.zzx23457-System-Product-Name.1923089.0
Metrics/motion/shared_clearance_actual_swing_fraction,92157,1789318330.1090395,0.3541666865348816,events.out.tfevents.1789318322.zzx23457-System-Product-Name.1923089.0
Metrics/motion/shared_clearance_cost,92151,1789318324.9585185,0.0,events.out.tfevents.1789318322.zzx23457-System-Product-Name.1923089.0
Metrics/motion/shared_clearance_cost,92152,1789318325.7684894,0.0,events.out.tfevents.1789318322.zzx23457-System-Product-Name.1923089.0
Metrics/motion/shared_clearance_cost,92153,1789318326.5772033,0.0,events.out.tfevents.1789318322.zzx23457-System-Product-Name.1923089.0
Metrics/motion/shared_clearance_cost,92154,1789318327.398088,0.0,events.out.tfevents.1789318322.zzx23457-System-Product-Name.1923089.0
Metrics/motion/shared_clearance_cost,92155,1789318328.2128115,0.0,events.out.tfevents.1789318322.zzx23457-System-Product-Name.1923089.0
Metrics/motion/shared_clearance_cost,92156,1789318329.2921772,0.0,events.out.tfevents.1789318322.zzx23457-System-Product-Name.1923089.0
Metrics/motion/shared_clearance_cost,92157,1789318330.1084983,0.0,events.out.tfevents.1789318322.zzx23457-System-Product-Name.1923089.0
Metrics/motion/shared_clearance_hard_fraction,92151,1789318324.9599009,0.0,events.out.tfevents.1789318322.zzx23457-System-Product-Name.1923089.0
Metrics/motion/shared_clearance_hard_fraction,92152,1789318325.770101,0.0,events.out.tfevents.1789318322.zzx23457-System-Product-Name.1923089.0
Metrics/motion/shared_clearance_hard_fraction,92153,1789318326.5787444,0.0,events.out.tfevents.1789318322.zzx23457-System-Product-Name.1923089.0
Metrics/motion/shared_clearance_hard_fraction,92154,1789318327.3997455,0.0,events.out.tfevents.1789318322.zzx23457-System-Product-Name.1923089.0
Metrics/motion/shared_clearance_hard_fraction,92155,1789318328.2142127,0.0,events.out.tfevents.1789318322.zzx23457-System-Product-Name.1923089.0
Metrics/motion/shared_clearance_hard_fraction,92156,1789318329.2935407,0.0,events.out.tfevents.1789318322.zzx23457-System-Product-Name.1923089.0
Metrics/motion/shared_clearance_hard_fraction,92157,1789318330.1098645,0.0,events.out.tfevents.1789318322.zzx23457-System-Product-Name.1923089.0
Metrics/motion/shared_clearance_min_distance,92151,1789318324.9601798,0.003000000026077032,events.out.tfevents.1789318322.zzx23457-System-Product-Name.1923089.0
Metrics/motion/shared_clearance_min_distance,92152,1789318325.7703633,0.003000000026077032,events.out.tfevents.1789318322.zzx23457-System-Product-Name.1923089.0
Metrics/motion/shared_clearance_min_distance,92153,1789318326.5790544,0.003000000026077032,events.out.tfevents.1789318322.zzx23457-System-Product-Name.1923089.0
Metrics/motion/shared_clearance_min_distance,92154,1789318327.4000168,0.003000000026077032,events.out.tfevents.1789318322.zzx23457-System-Product-Name.1923089.0
Metrics/motion/shared_clearance_min_distance,92155,1789318328.2144897,0.010982228443026543,events.out.tfevents.1789318322.zzx23457-System-Product-Name.1923089.0
Metrics/motion/shared_clearance_min_distance,92156,1789318329.2938154,0.003000000026077032,events.out.tfevents.1789318322.zzx23457-System-Product-Name.1923089.0
Metrics/motion/shared_clearance_min_distance,92157,1789318330.110144,0.0033347830176353455,events.out.tfevents.1789318322.zzx23457-System-Product-Name.1923089.0
Metrics/motion/shared_clearance_planned_swing_fraction,92151,1789318324.9593382,0.0,events.out.tfevents.1789318322.zzx23457-System-Product-Name.1923089.0
Metrics/motion/shared_clearance_planned_swing_fraction,92152,1789318325.7695508,0.0,events.out.tfevents.1789318322.zzx23457-System-Product-Name.1923089.0
Metrics/motion/shared_clearance_planned_swing_fraction,92153,1789318326.5781276,0.0520833358168602,events.out.tfevents.1789318322.zzx23457-System-Product-Name.1923089.0
Metrics/motion/shared_clearance_planned_swing_fraction,92154,1789318327.399204,0.1145833358168602,events.out.tfevents.1789318322.zzx23457-System-Product-Name.1923089.0
Metrics/motion/shared_clearance_planned_swing_fraction,92155,1789318328.21365,0.5,events.out.tfevents.1789318322.zzx23457-System-Product-Name.1923089.0
Metrics/motion/shared_clearance_planned_swing_fraction,92156,1789318329.2929893,0.3541666865348816,events.out.tfevents.1789318322.zzx23457-System-Product-Name.1923089.0
Metrics/motion/shared_clearance_planned_swing_fraction,92157,1789318330.1093206,0.2708333432674408,events.out.tfevents.1789318322.zzx23457-System-Product-Name.1923089.0
Metrics/motion/shared_clearance_violation_fraction,92151,1789318324.95962,0.0,events.out.tfevents.1789318322.zzx23457-System-Product-Name.1923089.0
Metrics/motion/shared_clearance_violation_fraction,92152,1789318325.769821,0.0,events.out.tfevents.1789318322.zzx23457-System-Product-Name.1923089.0
Metrics/motion/shared_clearance_violation_fraction,92153,1789318326.57844,0.0,events.out.tfevents.1789318322.zzx23457-System-Product-Name.1923089.0
Metrics/motion/shared_clearance_violation_fraction,92154,1789318327.3994677,0.0,events.out.tfevents.1789318322.zzx23457-System-Product-Name.1923089.0
Metrics/motion/shared_clearance_violation_fraction,92155,1789318328.2139223,0.0,events.out.tfevents.1789318322.zzx23457-System-Product-Name.1923089.0
Metrics/motion/shared_clearance_violation_fraction,92156,1789318329.29326,0.0,events.out.tfevents.1789318322.zzx23457-System-Product-Name.1923089.0
Metrics/motion/shared_clearance_violation_fraction,92157,1789318330.1095939,0.0,events.out.tfevents.1789318322.zzx23457-System-Product-Name.1923089.0
Metrics/motion/sole_support_bad_fraction,92151,1789318324.9527514,0.0,events.out.tfevents.1789318322.zzx23457-System-Product-Name.1923089.0
Metrics/motion/sole_support_bad_fraction,92152,1789318325.7630918,0.0,events.out.tfevents.1789318322.zzx23457-System-Product-Name.1923089.0
Metrics/motion/sole_support_bad_fraction,92153,1789318326.5708702,0.8854166865348816,events.out.tfevents.1789318322.zzx23457-System-Product-Name.1923089.0
Metrics/motion/sole_support_bad_fraction,92154,1789318327.392483,0.3854166865348816,events.out.tfevents.1789318322.zzx23457-System-Product-Name.1923089.0
Metrics/motion/sole_support_bad_fraction,92155,1789318328.2073207,0.125,events.out.tfevents.1789318322.zzx23457-System-Product-Name.1923089.0
Metrics/motion/sole_support_bad_fraction,92156,1789318329.28645,0.3541666865348816,events.out.tfevents.1789318322.zzx23457-System-Product-Name.1923089.0
Metrics/motion/sole_support_bad_fraction,92157,1789318330.1027102,0.2708333432674408,events.out.tfevents.1789318322.zzx23457-System-Product-Name.1923089.0
Metrics/motion/sole_support_max_gap,92151,1789318324.9524813,0.00503221619874239,events.out.tfevents.1789318322.zzx23457-System-Product-Name.1923089.0
Metrics/motion/sole_support_max_gap,92152,1789318325.7628226,0.00500614196062088,events.out.tfevents.1789318322.zzx23457-System-Product-Name.1923089.0
Metrics/motion/sole_support_max_gap,92153,1789318326.5705605,0.23211917281150818,events.out.tfevents.1789318322.zzx23457-System-Product-Name.1923089.0
Metrics/motion/sole_support_max_gap,92154,1789318327.392212,0.10575242340564728,events.out.tfevents.1789318322.zzx23457-System-Product-Name.1923089.0
Metrics/motion/sole_support_max_gap,92155,1789318328.2070415,0.05236557871103287,events.out.tfevents.1789318322.zzx23457-System-Product-Name.1923089.0
Metrics/motion/sole_support_max_gap,92156,1789318329.2861798,0.01605909876525402,events.out.tfevents.1789318322.zzx23457-System-Product-Name.1923089.0
Metrics/motion/sole_support_max_gap,92157,1789318330.1024354,0.09756386280059814,events.out.tfevents.1789318322.zzx23457-System-Product-Name.1923089.0
Metrics/motion/tgmp_toe_min_distance,92151,1789318324.9519322,0.033172622323036194,events.out.tfevents.1789318322.zzx23457-System-Product-Name.1923089.0
Metrics/motion/tgmp_toe_min_distance,92152,1789318325.762267,0.030838031321763992,events.out.tfevents.1789318322.zzx23457-System-Product-Name.1923089.0
Metrics/motion/tgmp_toe_min_distance,92153,1789318326.5699356,0.0532643124461174,events.out.tfevents.1789318322.zzx23457-System-Product-Name.1923089.0
Metrics/motion/tgmp_toe_min_distance,92154,1789318327.3916724,0.0428171381354332,events.out.tfevents.1789318322.zzx23457-System-Product-Name.1923089.0
Metrics/motion/tgmp_toe_min_distance,92155,1789318328.2064965,0.016843225806951523,events.out.tfevents.1789318322.zzx23457-System-Product-Name.1923089.0
Metrics/motion/tgmp_toe_min_distance,92156,1789318329.2856467,0.005637397523969412,events.out.tfevents.1789318322.zzx23457-System-Product-Name.1923089.0
Metrics/motion/tgmp_toe_min_distance,92157,1789318330.1018896,0.005132355261594057,events.out.tfevents.1789318322.zzx23457-System-Product-Name.1923089.0
Metrics/motion/tgmp_toe_safe_fraction,92151,1789318324.9522076,1.0,events.out.tfevents.1789318322.zzx23457-System-Product-Name.1923089.0
Metrics/motion/tgmp_toe_safe_fraction,92152,1789318325.7625446,1.0,events.out.tfevents.1789318322.zzx23457-System-Product-Name.1923089.0
Metrics/motion/tgmp_toe_safe_fraction,92153,1789318326.5702498,1.0,events.out.tfevents.1789318322.zzx23457-System-Product-Name.1923089.0
Metrics/motion/tgmp_toe_safe_fraction,92154,1789318327.391945,0.9583333730697632,events.out.tfevents.1789318322.zzx23457-System-Product-Name.1923089.0
Metrics/motion/tgmp_toe_safe_fraction,92155,1789318328.2067697,0.625,events.out.tfevents.1789318322.zzx23457-System-Product-Name.1923089.0
Metrics/motion/tgmp_toe_safe_fraction,92156,1789318329.2859042,1.0,events.out.tfevents.1789318322.zzx23457-System-Product-Name.1923089.0
Metrics/motion/tgmp_toe_safe_fraction,92157,1789318330.1021688,1.0,events.out.tfevents.1789318322.zzx23457-System-Product-Name.1923089.0
Perf/collection time,92150,1789318323.8937488,1.6410088539123535,events.out.tfevents.1789318322.zzx23457-System-Product-Name.1923089.0
Perf/collection time,92151,1789318324.9688318,0.9629392623901367,events.out.tfevents.1789318322.zzx23457-System-Product-Name.1923089.0
Perf/collection time,92152,1789318325.7791383,0.7159900665283203,events.out.tfevents.1789318322.zzx23457-System-Product-Name.1923089.0
Perf/collection time,92153,1789318326.5885813,0.7146849632263184,events.out.tfevents.1789318322.zzx23457-System-Product-Name.1923089.0
Perf/collection time,92154,1789318327.408768,0.7282001972198486,events.out.tfevents.1789318322.zzx23457-System-Product-Name.1923089.0
Perf/collection time,92155,1789318328.223574,0.7222578525543213,events.out.tfevents.1789318322.zzx23457-System-Product-Name.1923089.0
Perf/collection time,92156,1789318329.3024292,0.9881796836853027,events.out.tfevents.1789318322.zzx23457-System-Product-Name.1923089.0
Perf/collection time,92157,1789318330.1190724,0.7247908115386963,events.out.tfevents.1789318322.zzx23457-System-Product-Name.1923089.0
Perf/learning_time,92150,1789318323.8937864,0.10695195198059082,events.out.tfevents.1789318322.zzx23457-System-Product-Name.1923089.0
Perf/learning_time,92151,1789318324.9688516,0.038262128829956055,events.out.tfevents.1789318322.zzx23457-System-Product-Name.1923089.0
Perf/learning_time,92152,1789318325.7791579,0.03739619255065918,events.out.tfevents.1789318322.zzx23457-System-Product-Name.1923089.0
Perf/learning_time,92153,1789318326.5886006,0.03657817840576172,events.out.tfevents.1789318322.zzx23457-System-Product-Name.1923089.0
Perf/learning_time,92154,1789318327.4088004,0.03678441047668457,events.out.tfevents.1789318322.zzx23457-System-Product-Name.1923089.0
Perf/learning_time,92155,1789318328.2235932,0.03671908378601074,events.out.tfevents.1789318322.zzx23457-System-Product-Name.1923089.0
Perf/learning_time,92156,1789318329.3024487,0.03581404685974121,events.out.tfevents.1789318322.zzx23457-System-Product-Name.1923089.0
Perf/learning_time,92157,1789318330.1190913,0.0365445613861084,events.out.tfevents.1789318322.zzx23457-System-Product-Name.1923089.0
Perf/total_fps,92150,1789318323.8937287,1757.0,events.out.tfevents.1789318322.zzx23457-System-Product-Name.1923089.0
Perf/total_fps,92151,1789318324.9688127,3068.0,events.out.tfevents.1789318322.zzx23457-System-Product-Name.1923089.0
Perf/total_fps,92152,1789318325.779119,4077.0,events.out.tfevents.1789318322.zzx23457-System-Product-Name.1923089.0
Perf/total_fps,92153,1789318326.5885618,4089.0,events.out.tfevents.1789318322.zzx23457-System-Product-Name.1923089.0
Perf/total_fps,92154,1789318327.408746,4015.0,events.out.tfevents.1789318322.zzx23457-System-Product-Name.1923089.0
Perf/total_fps,92155,1789318328.2235541,4047.0,events.out.tfevents.1789318322.zzx23457-System-Product-Name.1923089.0
Perf/total_fps,92156,1789318329.3024108,3000.0,events.out.tfevents.1789318322.zzx23457-System-Product-Name.1923089.0
Perf/total_fps,92157,1789318330.1190543,4035.0,events.out.tfevents.1789318322.zzx23457-System-Product-Name.1923089.0
Policy/mean_noise_std,92150,1789318323.8937204,0.01999969594180584,events.out.tfevents.1789318322.zzx23457-System-Product-Name.1923089.0
Policy/mean_noise_std,92151,1789318324.9688046,0.019999545067548752,events.out.tfevents.1789318322.zzx23457-System-Product-Name.1923089.0
Policy/mean_noise_std,92152,1789318325.7791107,0.01999938115477562,events.out.tfevents.1789318322.zzx23457-System-Product-Name.1923089.0
Policy/mean_noise_std,92153,1789318326.5885532,0.019999058917164803,events.out.tfevents.1789318322.zzx23457-System-Product-Name.1923089.0
Policy/mean_noise_std,92154,1789318327.4087374,0.019999071955680847,events.out.tfevents.1789318322.zzx23457-System-Product-Name.1923089.0
Policy/mean_noise_std,92155,1789318328.223546,0.0199993047863245,events.out.tfevents.1789318322.zzx23457-System-Product-Name.1923089.0
Policy/mean_noise_std,92156,1789318329.3024032,0.01999947801232338,events.out.tfevents.1789318322.zzx23457-System-Product-Name.1923089.0
Policy/mean_noise_std,92157,1789318330.119047,0.019999762997031212,events.out.tfevents.1789318322.zzx23457-System-Product-Name.1923089.0
Train/mean_episode_length,92150,1789318323.893864,22.0,events.out.tfevents.1789318322.zzx23457-System-Product-Name.1923089.0
Train/mean_episode_length,92151,1789318324.968928,26.5,events.out.tfevents.1789318322.zzx23457-System-Product-Name.1923089.0
Train/mean_episode_length,92152,1789318325.7792425,26.5,events.out.tfevents.1789318322.zzx23457-System-Product-Name.1923089.0
Train/mean_episode_length,92153,1789318326.588691,67.83333587646484,events.out.tfevents.1789318322.zzx23457-System-Product-Name.1923089.0
Train/mean_episode_length,92154,1789318327.4088807,78.75,events.out.tfevents.1789318322.zzx23457-System-Product-Name.1923089.0
Train/mean_episode_length,92155,1789318328.223691,98.75,events.out.tfevents.1789318322.zzx23457-System-Product-Name.1923089.0
Train/mean_episode_length,92156,1789318329.3025386,103.61538696289062,events.out.tfevents.1789318322.zzx23457-System-Product-Name.1923089.0
Train/mean_episode_length,92157,1789318330.1191852,110.3125,events.out.tfevents.1789318322.zzx23457-System-Product-Name.1923089.0
Train/mean_episode_length/time,1,1789318323.893916,22.0,events.out.tfevents.1789318322.zzx23457-System-Product-Name.1923089.0
Train/mean_episode_length/time,2,1789318324.9689827,26.5,events.out.tfevents.1789318322.zzx23457-System-Product-Name.1923089.0
Train/mean_episode_length/time,3,1789318325.7792952,26.5,events.out.tfevents.1789318322.zzx23457-System-Product-Name.1923089.0
Train/mean_episode_length/time,4,1789318326.5887516,67.83333587646484,events.out.tfevents.1789318322.zzx23457-System-Product-Name.1923089.0
Train/mean_episode_length/time,5,1789318327.4089472,78.75,events.out.tfevents.1789318322.zzx23457-System-Product-Name.1923089.0
Train/mean_episode_length/time,5,1789318328.2237582,98.75,events.out.tfevents.1789318322.zzx23457-System-Product-Name.1923089.0
Train/mean_episode_length/time,6,1789318329.302604,103.61538696289062,events.out.tfevents.1789318322.zzx23457-System-Product-Name.1923089.0
Train/mean_episode_length/time,7,1789318330.1192546,110.3125,events.out.tfevents.1789318322.zzx23457-System-Product-Name.1923089.0
Train/mean_reward,92150,1789318323.8938348,6.602383613586426,events.out.tfevents.1789318322.zzx23457-System-Product-Name.1923089.0
Train/mean_reward,92151,1789318324.9689133,8.156839370727539,events.out.tfevents.1789318322.zzx23457-System-Product-Name.1923089.0
Train/mean_reward,92152,1789318325.7792125,8.156839370727539,events.out.tfevents.1789318322.zzx23457-System-Product-Name.1923089.0
Train/mean_reward,92153,1789318326.5886607,-7.6647047996521,events.out.tfevents.1789318322.zzx23457-System-Product-Name.1923089.0
Train/mean_reward,92154,1789318327.408847,1.438737154006958,events.out.tfevents.1789318322.zzx23457-System-Product-Name.1923089.0
Train/mean_reward,92155,1789318328.2236571,-2.3207545280456543,events.out.tfevents.1789318322.zzx23457-System-Product-Name.1923089.0
Train/mean_reward,92156,1789318329.302521,1.5270252227783203,events.out.tfevents.1789318322.zzx23457-System-Product-Name.1923089.0
Train/mean_reward,92157,1789318330.119163,4.891934394836426,events.out.tfevents.1789318322.zzx23457-System-Product-Name.1923089.0
Train/mean_reward/time,1,1789318323.8938909,6.602383613586426,events.out.tfevents.1789318322.zzx23457-System-Product-Name.1923089.0
Train/mean_reward/time,2,1789318324.9689562,8.156839370727539,events.out.tfevents.1789318322.zzx23457-System-Product-Name.1923089.0
Train/mean_reward/time,3,1789318325.7792697,8.156839370727539,events.out.tfevents.1789318322.zzx23457-System-Product-Name.1923089.0
Train/mean_reward/time,4,1789318326.5887244,-7.6647047996521,events.out.tfevents.1789318322.zzx23457-System-Product-Name.1923089.0
Train/mean_reward/time,5,1789318327.4089177,1.438737154006958,events.out.tfevents.1789318322.zzx23457-System-Product-Name.1923089.0
Train/mean_reward/time,5,1789318328.22373,-2.3207545280456543,events.out.tfevents.1789318322.zzx23457-System-Product-Name.1923089.0
Train/mean_reward/time,6,1789318329.302575,1.5270252227783203,events.out.tfevents.1789318322.zzx23457-System-Product-Name.1923089.0
Train/mean_reward/time,7,1789318330.119225,4.891934394836426,events.out.tfevents.1789318322.zzx23457-System-Product-Name.1923089.0
