tag,step,wall_time,value,event_file
Episode_Reward/absolute_anchor_route,92150,1789319520.7536464,-8.005814379430376e-06,events.out.tfevents.1789319519.zzx23457-System-Product-Name.1927599.0
Episode_Reward/absolute_anchor_route,92151,1789319521.7909245,-4.0965060179587454e-05,events.out.tfevents.1789319519.zzx23457-System-Product-Name.1927599.0
Episode_Reward/absolute_anchor_route,92152,1789319522.5839207,-3.327123704366386e-05,events.out.tfevents.1789319519.zzx23457-System-Product-Name.1927599.0
Episode_Reward/absolute_anchor_route,92153,1789319523.4004035,-0.006281852722167969,events.out.tfevents.1789319519.zzx23457-System-Product-Name.1927599.0
Episode_Reward/absolute_anchor_route,92154,1789319524.2160652,-0.004398258402943611,events.out.tfevents.1789319519.zzx23457-System-Product-Name.1927599.0
Episode_Reward/absolute_anchor_route,92155,1789319525.0171108,-0.0006643165252171457,events.out.tfevents.1789319519.zzx23457-System-Product-Name.1927599.0
Episode_Reward/absolute_anchor_route,92156,1789319526.0951035,-0.0008110228809528053,events.out.tfevents.1789319519.zzx23457-System-Product-Name.1927599.0
Episode_Reward/absolute_anchor_route,92157,1789319526.9107807,-0.005845730658620596,events.out.tfevents.1789319519.zzx23457-System-Product-Name.1927599.0
Episode_Reward/absolute_feet_route,92150,1789319520.7539248,-4.0254308260045946e-06,events.out.tfevents.1789319519.zzx23457-System-Product-Name.1927599.0
Episode_Reward/absolute_feet_route,92151,1789319521.7910597,-3.768259193748236e-05,events.out.tfevents.1789319519.zzx23457-System-Product-Name.1927599.0
Episode_Reward/absolute_feet_route,92152,1789319522.5840716,-3.950898098992184e-05,events.out.tfevents.1789319519.zzx23457-System-Product-Name.1927599.0
Episode_Reward/absolute_feet_route,92153,1789319523.4005392,-0.005546065047383308,events.out.tfevents.1789319519.zzx23457-System-Product-Name.1927599.0
Episode_Reward/absolute_feet_route,92154,1789319524.2162051,-0.0021549686789512634,events.out.tfevents.1789319519.zzx23457-System-Product-Name.1927599.0
Episode_Reward/absolute_feet_route,92155,1789319525.0172503,-0.00041857463656924665,events.out.tfevents.1789319519.zzx23457-System-Product-Name.1927599.0
Episode_Reward/absolute_feet_route,92156,1789319526.0952425,-0.0005569966742768884,events.out.tfevents.1789319519.zzx23457-System-Product-Name.1927599.0
Episode_Reward/absolute_feet_route,92157,1789319526.9109204,-0.004253067076206207,events.out.tfevents.1789319519.zzx23457-System-Product-Name.1927599.0
Episode_Reward/action_rate_l2,92150,1789319520.7465298,-8.594936662120745e-05,events.out.tfevents.1789319519.zzx23457-System-Product-Name.1927599.0
Episode_Reward/action_rate_l2,92151,1789319521.784092,-0.0005888987798243761,events.out.tfevents.1789319519.zzx23457-System-Product-Name.1927599.0
Episode_Reward/action_rate_l2,92152,1789319522.5774815,-0.000556000042706728,events.out.tfevents.1789319519.zzx23457-System-Product-Name.1927599.0
Episode_Reward/action_rate_l2,92153,1789319523.3947659,-0.004235339816659689,events.out.tfevents.1789319519.zzx23457-System-Product-Name.1927599.0
Episode_Reward/action_rate_l2,92154,1789319524.2102797,-0.0014511849731206894,events.out.tfevents.1789319519.zzx23457-System-Product-Name.1927599.0
Episode_Reward/action_rate_l2,92155,1789319525.0113626,-0.0009601229685358703,events.out.tfevents.1789319519.zzx23457-System-Product-Name.1927599.0
Episode_Reward/action_rate_l2,92156,1789319526.0896075,-0.0013236324302852154,events.out.tfevents.1789319519.zzx23457-System-Product-Name.1927599.0
Episode_Reward/action_rate_l2,92157,1789319526.9048052,-0.0030535277910530567,events.out.tfevents.1789319519.zzx23457-System-Product-Name.1927599.0
Episode_Reward/action_smoothness_l2,92150,1789319520.749234,-0.0002595096593722701,events.out.tfevents.1789319519.zzx23457-System-Product-Name.1927599.0
Episode_Reward/action_smoothness_l2,92151,1789319521.7869418,-0.0015961885219439864,events.out.tfevents.1789319519.zzx23457-System-Product-Name.1927599.0
Episode_Reward/action_smoothness_l2,92152,1789319522.5801938,-0.0014362254878506064,events.out.tfevents.1789319519.zzx23457-System-Product-Name.1927599.0
Episode_Reward/action_smoothness_l2,92153,1789319523.3971138,-0.008089452050626278,events.out.tfevents.1789319519.zzx23457-System-Product-Name.1927599.0
Episode_Reward/action_smoothness_l2,92154,1789319524.2125762,-0.002358334604650736,events.out.tfevents.1789319519.zzx23457-System-Product-Name.1927599.0
Episode_Reward/action_smoothness_l2,92155,1789319525.0136719,-0.002067148918285966,events.out.tfevents.1789319519.zzx23457-System-Product-Name.1927599.0
Episode_Reward/action_smoothness_l2,92156,1789319526.0919058,-0.0022257582750171423,events.out.tfevents.1789319519.zzx23457-System-Product-Name.1927599.0
Episode_Reward/action_smoothness_l2,92157,1789319526.9074345,-0.0052537317387759686,events.out.tfevents.1789319519.zzx23457-System-Product-Name.1927599.0
Episode_Reward/backward_velocity,92150,1789319520.7506974,-9.103669071919285e-06,events.out.tfevents.1789319519.zzx23457-System-Product-Name.1927599.0
Episode_Reward/backward_velocity,92151,1789319521.7883418,-1.820733814383857e-05,events.out.tfevents.1789319519.zzx23457-System-Product-Name.1927599.0
Episode_Reward/backward_velocity,92152,1789319522.5816007,0.0,events.out.tfevents.1789319519.zzx23457-System-Product-Name.1927599.0
Episode_Reward/backward_velocity,92153,1789319523.3983512,-0.00047588092274963856,events.out.tfevents.1789319519.zzx23457-System-Product-Name.1927599.0
Episode_Reward/backward_velocity,92154,1789319524.2140393,-0.00011408703721826896,events.out.tfevents.1789319519.zzx23457-System-Product-Name.1927599.0
Episode_Reward/backward_velocity,92155,1789319525.0148811,-0.0003306446596980095,events.out.tfevents.1789319519.zzx23457-System-Product-Name.1927599.0
Episode_Reward/backward_velocity,92156,1789319526.0930994,-0.0002996118273586035,events.out.tfevents.1789319519.zzx23457-System-Product-Name.1927599.0
Episode_Reward/backward_velocity,92157,1789319526.908677,-0.0003243961255066097,events.out.tfevents.1789319519.zzx23457-System-Product-Name.1927599.0
Episode_Reward/feet_contact_forces,92150,1789319520.7481172,0.0,events.out.tfevents.1789319519.zzx23457-System-Product-Name.1927599.0
Episode_Reward/feet_contact_forces,92151,1789319521.7858286,0.0,events.out.tfevents.1789319519.zzx23457-System-Product-Name.1927599.0
Episode_Reward/feet_contact_forces,92152,1789319522.579074,0.0,events.out.tfevents.1789319519.zzx23457-System-Product-Name.1927599.0
Episode_Reward/feet_contact_forces,92153,1789319523.396152,0.0,events.out.tfevents.1789319519.zzx23457-System-Product-Name.1927599.0
Episode_Reward/feet_contact_forces,92154,1789319524.2116277,0.0,events.out.tfevents.1789319519.zzx23457-System-Product-Name.1927599.0
Episode_Reward/feet_contact_forces,92155,1789319525.0127282,0.0,events.out.tfevents.1789319519.zzx23457-System-Product-Name.1927599.0
Episode_Reward/feet_contact_forces,92156,1789319526.0909605,0.0,events.out.tfevents.1789319519.zzx23457-System-Product-Name.1927599.0
Episode_Reward/feet_contact_forces,92157,1789319526.9064622,0.0,events.out.tfevents.1789319519.zzx23457-System-Product-Name.1927599.0
Episode_Reward/feet_slide_vel,92150,1789319520.7482953,-3.904384720954113e-05,events.out.tfevents.1789319519.zzx23457-System-Product-Name.1927599.0
Episode_Reward/feet_slide_vel,92151,1789319521.7859912,-0.00020958975073881447,events.out.tfevents.1789319519.zzx23457-System-Product-Name.1927599.0
Episode_Reward/feet_slide_vel,92152,1789319522.5792353,-0.00017533607024233788,events.out.tfevents.1789319519.zzx23457-System-Product-Name.1927599.0
Episode_Reward/feet_slide_vel,92153,1789319523.396296,-0.00401704665273428,events.out.tfevents.1789319519.zzx23457-System-Product-Name.1927599.0
Episode_Reward/feet_slide_vel,92154,1789319524.2117636,-0.0020572789944708347,events.out.tfevents.1789319519.zzx23457-System-Product-Name.1927599.0
Episode_Reward/feet_slide_vel,92155,1789319525.0128634,-0.0007275317329913378,events.out.tfevents.1789319519.zzx23457-System-Product-Name.1927599.0
Episode_Reward/feet_slide_vel,92156,1789319526.091094,-0.0014713311102241278,events.out.tfevents.1789319519.zzx23457-System-Product-Name.1927599.0
Episode_Reward/feet_slide_vel,92157,1789319526.9066007,-0.003235752461478114,events.out.tfevents.1789319519.zzx23457-System-Product-Name.1927599.0
Episode_Reward/finite_memory_composite_probe,92150,1789319520.7572746,0.0,events.out.tfevents.1789319519.zzx23457-System-Product-Name.1927599.0
Episode_Reward/finite_memory_composite_probe,92151,1789319521.7937543,0.0,events.out.tfevents.1789319519.zzx23457-System-Product-Name.1927599.0
Episode_Reward/finite_memory_composite_probe,92152,1789319522.5871797,0.0,events.out.tfevents.1789319519.zzx23457-System-Product-Name.1927599.0
Episode_Reward/finite_memory_composite_probe,92153,1789319523.4032557,-1.0066709965617093e-10,events.out.tfevents.1789319519.zzx23457-System-Product-Name.1927599.0
Episode_Reward/finite_memory_composite_probe,92154,1789319524.2188978,-2.811349590625678e-11,events.out.tfevents.1789319519.zzx23457-System-Product-Name.1927599.0
Episode_Reward/finite_memory_composite_probe,92155,1789319525.0199342,0.0,events.out.tfevents.1789319519.zzx23457-System-Product-Name.1927599.0
Episode_Reward/finite_memory_composite_probe,92156,1789319526.0979054,0.0,events.out.tfevents.1789319519.zzx23457-System-Product-Name.1927599.0
Episode_Reward/finite_memory_composite_probe,92157,1789319526.9137144,-2.1873230657276643e-11,events.out.tfevents.1789319519.zzx23457-System-Product-Name.1927599.0
Episode_Reward/forward_route_overshoot,92150,1789319520.7545953,0.0,events.out.tfevents.1789319519.zzx23457-System-Product-Name.1927599.0
Episode_Reward/forward_route_overshoot,92151,1789319521.7914743,0.0,events.out.tfevents.1789319519.zzx23457-System-Product-Name.1927599.0
Episode_Reward/forward_route_overshoot,92152,1789319522.5845547,0.0,events.out.tfevents.1789319519.zzx23457-System-Product-Name.1927599.0
Episode_Reward/forward_route_overshoot,92153,1789319523.4009457,-0.00018590770196169615,events.out.tfevents.1789319519.zzx23457-System-Product-Name.1927599.0
Episode_Reward/forward_route_overshoot,92154,1789319524.2166014,-0.0003144189831800759,events.out.tfevents.1789319519.zzx23457-System-Product-Name.1927599.0
Episode_Reward/forward_route_overshoot,92155,1789319525.0176523,0.0,events.out.tfevents.1789319519.zzx23457-System-Product-Name.1927599.0
Episode_Reward/forward_route_overshoot,92156,1789319526.095639,0.0,events.out.tfevents.1789319519.zzx23457-System-Product-Name.1927599.0
Episode_Reward/forward_route_overshoot,92157,1789319526.9113462,-0.0024563991464674473,events.out.tfevents.1789319519.zzx23457-System-Product-Name.1927599.0
Episode_Reward/instant_constraint_probe,92150,1789319520.7563393,0.0,events.out.tfevents.1789319519.zzx23457-System-Product-Name.1927599.0
Episode_Reward/instant_constraint_probe,92151,1789319521.7929418,0.0,events.out.tfevents.1789319519.zzx23457-System-Product-Name.1927599.0
Episode_Reward/instant_constraint_probe,92152,1789319522.5862615,0.0,events.out.tfevents.1789319519.zzx23457-System-Product-Name.1927599.0
Episode_Reward/instant_constraint_probe,92153,1789319523.402439,-2.833317434836058e-11,events.out.tfevents.1789319519.zzx23457-System-Product-Name.1927599.0
Episode_Reward/instant_constraint_probe,92154,1789319524.218087,-1.9208413071930552e-12,events.out.tfevents.1789319519.zzx23457-System-Product-Name.1927599.0
Episode_Reward/instant_constraint_probe,92155,1789319525.0191312,0.0,events.out.tfevents.1789319519.zzx23457-System-Product-Name.1927599.0
Episode_Reward/instant_constraint_probe,92156,1789319526.0971103,0.0,events.out.tfevents.1789319519.zzx23457-System-Product-Name.1927599.0
Episode_Reward/instant_constraint_probe,92157,1789319526.9128768,-7.792781177295982e-12,events.out.tfevents.1789319519.zzx23457-System-Product-Name.1927599.0
Episode_Reward/joint_acceleration_l2,92150,1789319520.7487612,-4.854951112065464e-05,events.out.tfevents.1789319519.zzx23457-System-Product-Name.1927599.0
Episode_Reward/joint_acceleration_l2,92151,1789319521.7864716,-0.00021393857605289668,events.out.tfevents.1789319519.zzx23457-System-Product-Name.1927599.0
Episode_Reward/joint_acceleration_l2,92152,1789319522.5797157,-0.00015578605234622955,events.out.tfevents.1789319519.zzx23457-System-Product-Name.1927599.0
Episode_Reward/joint_acceleration_l2,92153,1789319523.396705,-0.0020423836540430784,events.out.tfevents.1789319519.zzx23457-System-Product-Name.1927599.0
Episode_Reward/joint_acceleration_l2,92154,1789319524.2121716,-0.00048661112668924034,events.out.tfevents.1789319519.zzx23457-System-Product-Name.1927599.0
Episode_Reward/joint_acceleration_l2,92155,1789319525.0132697,-0.00033603026531636715,events.out.tfevents.1789319519.zzx23457-System-Product-Name.1927599.0
Episode_Reward/joint_acceleration_l2,92156,1789319526.0915072,-0.0008419036748819053,events.out.tfevents.1789319519.zzx23457-System-Product-Name.1927599.0
Episode_Reward/joint_acceleration_l2,92157,1789319526.907011,-0.0015913478564471006,events.out.tfevents.1789319519.zzx23457-System-Product-Name.1927599.0
Episode_Reward/joint_limit,92150,1789319520.746697,0.0,events.out.tfevents.1789319519.zzx23457-System-Product-Name.1927599.0
Episode_Reward/joint_limit,92151,1789319521.7843125,0.0,events.out.tfevents.1789319519.zzx23457-System-Product-Name.1927599.0
Episode_Reward/joint_limit,92152,1789319522.577637,0.0,events.out.tfevents.1789319519.zzx23457-System-Product-Name.1927599.0
Episode_Reward/joint_limit,92153,1789319523.3949058,-5.086574674351141e-06,events.out.tfevents.1789319519.zzx23457-System-Product-Name.1927599.0
Episode_Reward/joint_limit,92154,1789319524.2104156,-8.11974132375326e-07,events.out.tfevents.1789319519.zzx23457-System-Product-Name.1927599.0
Episode_Reward/joint_limit,92155,1789319525.0115132,0.0,events.out.tfevents.1789319519.zzx23457-System-Product-Name.1927599.0
Episode_Reward/joint_limit,92156,1789319526.089754,0.0,events.out.tfevents.1789319519.zzx23457-System-Product-Name.1927599.0
Episode_Reward/joint_limit,92157,1789319526.9049428,-1.4877634839649545e-06,events.out.tfevents.1789319519.zzx23457-System-Product-Name.1927599.0
Episode_Reward/joint_power_l1,92150,1789319520.7490737,-2.975996267196024e-06,events.out.tfevents.1789319519.zzx23457-System-Product-Name.1927599.0
Episode_Reward/joint_power_l1,92151,1789319521.7867863,-2.840555680450052e-05,events.out.tfevents.1789319519.zzx23457-System-Product-Name.1927599.0
Episode_Reward/joint_power_l1,92152,1789319522.5800393,-2.9938088118797168e-05,events.out.tfevents.1789319519.zzx23457-System-Product-Name.1927599.0
Episode_Reward/joint_power_l1,92153,1789319523.3969777,-0.0002427269209874794,events.out.tfevents.1789319519.zzx23457-System-Product-Name.1927599.0
Episode_Reward/joint_power_l1,92154,1789319524.2124412,-0.00011105819430667907,events.out.tfevents.1789319519.zzx23457-System-Product-Name.1927599.0
Episode_Reward/joint_power_l1,92155,1789319525.0135396,-9.994585707318038e-05,events.out.tfevents.1789319519.zzx23457-System-Product-Name.1927599.0
Episode_Reward/joint_power_l1,92156,1789319526.091774,-0.0001500831131124869,events.out.tfevents.1789319519.zzx23457-System-Product-Name.1927599.0
Episode_Reward/joint_power_l1,92157,1789319526.907294,-0.0002711883862502873,events.out.tfevents.1789319519.zzx23457-System-Product-Name.1927599.0
Episode_Reward/joint_torque_l2,92150,1789319520.7489176,-0.0001916480832733214,events.out.tfevents.1789319519.zzx23457-System-Product-Name.1927599.0
Episode_Reward/joint_torque_l2,92151,1789319521.786629,-0.0018389517208561301,events.out.tfevents.1789319519.zzx23457-System-Product-Name.1927599.0
Episode_Reward/joint_torque_l2,92152,1789319522.5798676,-0.0019408741500228643,events.out.tfevents.1789319519.zzx23457-System-Product-Name.1927599.0
Episode_Reward/joint_torque_l2,92153,1789319523.396842,-0.0047988854348659515,events.out.tfevents.1789319519.zzx23457-System-Product-Name.1927599.0
Episode_Reward/joint_torque_l2,92154,1789319524.2123077,-0.00641824584454298,events.out.tfevents.1789319519.zzx23457-System-Product-Name.1927599.0
Episode_Reward/joint_torque_l2,92155,1789319525.013405,-0.007245833985507488,events.out.tfevents.1789319519.zzx23457-System-Product-Name.1927599.0
Episode_Reward/joint_torque_l2,92156,1789319526.0916398,-0.008840804919600487,events.out.tfevents.1789319519.zzx23457-System-Product-Name.1927599.0
Episode_Reward/joint_torque_l2,92157,1789319526.9071467,-0.010688116773962975,events.out.tfevents.1789319519.zzx23457-System-Product-Name.1927599.0
Episode_Reward/joint_vel_limits,92150,1789319520.7468526,0.0,events.out.tfevents.1789319519.zzx23457-System-Product-Name.1927599.0
Episode_Reward/joint_vel_limits,92151,1789319521.7845197,0.0,events.out.tfevents.1789319519.zzx23457-System-Product-Name.1927599.0
Episode_Reward/joint_vel_limits,92152,1789319522.577788,0.0,events.out.tfevents.1789319519.zzx23457-System-Product-Name.1927599.0
Episode_Reward/joint_vel_limits,92153,1789319523.395041,0.0,events.out.tfevents.1789319519.zzx23457-System-Product-Name.1927599.0
Episode_Reward/joint_vel_limits,92154,1789319524.2105517,0.0,events.out.tfevents.1789319519.zzx23457-System-Product-Name.1927599.0
Episode_Reward/joint_vel_limits,92155,1789319525.011646,0.0,events.out.tfevents.1789319519.zzx23457-System-Product-Name.1927599.0
Episode_Reward/joint_vel_limits,92156,1789319526.0898867,0.0,events.out.tfevents.1789319519.zzx23457-System-Product-Name.1927599.0
Episode_Reward/joint_vel_limits,92157,1789319526.9050784,0.0,events.out.tfevents.1789319519.zzx23457-System-Product-Name.1927599.0
Episode_Reward/joint_velocity_l2,92150,1789319520.7486055,-4.0021965105552226e-05,events.out.tfevents.1789319519.zzx23457-System-Product-Name.1927599.0
Episode_Reward/joint_velocity_l2,92151,1789319521.7863097,-0.0003345067088957876,events.out.tfevents.1789319519.zzx23457-System-Product-Name.1927599.0
Episode_Reward/joint_velocity_l2,92152,1789319522.5795515,-0.0003392837243154645,events.out.tfevents.1789319519.zzx23457-System-Product-Name.1927599.0
Episode_Reward/joint_velocity_l2,92153,1789319523.396567,-0.0037462483160197735,events.out.tfevents.1789319519.zzx23457-System-Product-Name.1927599.0
Episode_Reward/joint_velocity_l2,92154,1789319524.2120323,-0.0014007650315761566,events.out.tfevents.1789319519.zzx23457-System-Product-Name.1927599.0
Episode_Reward/joint_velocity_l2,92155,1789319525.0131326,-0.0010460251942276955,events.out.tfevents.1789319519.zzx23457-System-Product-Name.1927599.0
Episode_Reward/joint_velocity_l2,92156,1789319526.0913744,-0.0018028029007837176,events.out.tfevents.1789319519.zzx23457-System-Product-Name.1927599.0
Episode_Reward/joint_velocity_l2,92157,1789319526.906875,-0.0035402830690145493,events.out.tfevents.1789319519.zzx23457-System-Product-Name.1927599.0
Episode_Reward/late_absolute_feet_route,92150,1789319520.7544336,0.0,events.out.tfevents.1789319519.zzx23457-System-Product-Name.1927599.0
Episode_Reward/late_absolute_feet_route,92151,1789319521.791341,0.0,events.out.tfevents.1789319519.zzx23457-System-Product-Name.1927599.0
Episode_Reward/late_absolute_feet_route,92152,1789319522.5844018,0.0,events.out.tfevents.1789319519.zzx23457-System-Product-Name.1927599.0
Episode_Reward/late_absolute_feet_route,92153,1789319523.4008105,-0.008193587884306908,events.out.tfevents.1789319519.zzx23457-System-Product-Name.1927599.0
Episode_Reward/late_absolute_feet_route,92154,1789319524.2164702,-0.0031582217197865248,events.out.tfevents.1789319519.zzx23457-System-Product-Name.1927599.0
Episode_Reward/late_absolute_feet_route,92155,1789319525.0175185,0.0,events.out.tfevents.1789319519.zzx23457-System-Product-Name.1927599.0
Episode_Reward/late_absolute_feet_route,92156,1789319526.0955107,0.0,events.out.tfevents.1789319519.zzx23457-System-Product-Name.1927599.0
Episode_Reward/late_absolute_feet_route,92157,1789319526.9112065,-0.0052323248237371445,events.out.tfevents.1789319519.zzx23457-System-Product-Name.1927599.0
Episode_Reward/motion_anchor_lateral_pos,92150,1789319520.7500472,0.0011664567282423377,events.out.tfevents.1789319519.zzx23457-System-Product-Name.1927599.0
Episode_Reward/motion_anchor_lateral_pos,92151,1789319521.787724,0.012389551848173141,events.out.tfevents.1789319519.zzx23457-System-Product-Name.1927599.0
Episode_Reward/motion_anchor_lateral_pos,92152,1789319522.580973,0.013408850878477097,events.out.tfevents.1789319519.zzx23457-System-Product-Name.1927599.0
Episode_Reward/motion_anchor_lateral_pos,92153,1789319523.3978007,0.027372222393751144,events.out.tfevents.1789319519.zzx23457-System-Product-Name.1927599.0
Episode_Reward/motion_anchor_lateral_pos,92154,1789319524.2134995,0.036973755806684494,events.out.tfevents.1789319519.zzx23457-System-Product-Name.1927599.0
Episode_Reward/motion_anchor_lateral_pos,92155,1789319525.014343,0.05318356677889824,events.out.tfevents.1789319519.zzx23457-System-Product-Name.1927599.0
Episode_Reward/motion_anchor_lateral_pos,92156,1789319526.0925722,0.06377449631690979,events.out.tfevents.1789319519.zzx23457-System-Product-Name.1927599.0
Episode_Reward/motion_anchor_lateral_pos,92157,1789319526.9081206,0.06800632178783417,events.out.tfevents.1789319519.zzx23457-System-Product-Name.1927599.0
Episode_Reward/motion_body_ang_vel,92150,1789319520.7463598,0.002658730372786522,events.out.tfevents.1789319519.zzx23457-System-Product-Name.1927599.0
Episode_Reward/motion_body_ang_vel,92151,1789319521.7839413,0.029841244220733643,events.out.tfevents.1789319519.zzx23457-System-Product-Name.1927599.0
Episode_Reward/motion_body_ang_vel,92152,1789319522.5773265,0.0326983779668808,events.out.tfevents.1789319519.zzx23457-System-Product-Name.1927599.0
Episode_Reward/motion_body_ang_vel,92153,1789319523.3946264,0.04650592803955078,events.out.tfevents.1789319519.zzx23457-System-Product-Name.1927599.0
Episode_Reward/motion_body_ang_vel,92154,1789319524.2101374,0.10676459968090057,events.out.tfevents.1789319519.zzx23457-System-Product-Name.1927599.0
Episode_Reward/motion_body_ang_vel,92155,1789319525.0112157,0.14190253615379333,events.out.tfevents.1789319519.zzx23457-System-Product-Name.1927599.0
Episode_Reward/motion_body_ang_vel,92156,1789319526.089465,0.158173605799675,events.out.tfevents.1789319519.zzx23457-System-Product-Name.1927599.0
Episode_Reward/motion_body_ang_vel,92157,1789319526.9046662,0.1634281426668167,events.out.tfevents.1789319519.zzx23457-System-Product-Name.1927599.0
Episode_Reward/motion_body_lin_vel,92150,1789319520.7461722,0.004094035364687443,events.out.tfevents.1789319519.zzx23457-System-Product-Name.1927599.0
Episode_Reward/motion_body_lin_vel,92151,1789319521.7837842,0.043170176446437836,events.out.tfevents.1789319519.zzx23457-System-Product-Name.1927599.0
Episode_Reward/motion_body_lin_vel,92152,1789319522.5771663,0.04664280265569687,events.out.tfevents.1789319519.zzx23457-System-Product-Name.1927599.0
Episode_Reward/motion_body_lin_vel,92153,1789319523.3944845,0.06830846518278122,events.out.tfevents.1789319519.zzx23457-System-Product-Name.1927599.0
Episode_Reward/motion_body_lin_vel,92154,1789319524.2099814,0.14243191480636597,events.out.tfevents.1789319519.zzx23457-System-Product-Name.1927599.0
Episode_Reward/motion_body_lin_vel,92155,1789319525.011067,0.18729178607463837,events.out.tfevents.1789319519.zzx23457-System-Product-Name.1927599.0
Episode_Reward/motion_body_lin_vel,92156,1789319526.0893173,0.21459388732910156,events.out.tfevents.1789319519.zzx23457-System-Product-Name.1927599.0
Episode_Reward/motion_body_lin_vel,92157,1789319526.9045296,0.22811679542064667,events.out.tfevents.1789319519.zzx23457-System-Product-Name.1927599.0
Episode_Reward/motion_body_ori,92150,1789319520.7459931,0.0008242552867159247,events.out.tfevents.1789319519.zzx23457-System-Product-Name.1927599.0
Episode_Reward/motion_body_ori,92151,1789319521.7836227,0.008397804573178291,events.out.tfevents.1789319519.zzx23457-System-Product-Name.1927599.0
Episode_Reward/motion_body_ori,92152,1789319522.5770063,0.008999058976769447,events.out.tfevents.1789319519.zzx23457-System-Product-Name.1927599.0
Episode_Reward/motion_body_ori,92153,1789319523.3943427,0.01538439653813839,events.out.tfevents.1789319519.zzx23457-System-Product-Name.1927599.0
Episode_Reward/motion_body_ori,92154,1789319524.209824,0.02296515181660652,events.out.tfevents.1789319519.zzx23457-System-Product-Name.1927599.0
Episode_Reward/motion_body_ori,92155,1789319525.0109189,0.032643213868141174,events.out.tfevents.1789319519.zzx23457-System-Product-Name.1927599.0
Episode_Reward/motion_body_ori,92156,1789319526.0891623,0.038865428417921066,events.out.tfevents.1789319519.zzx23457-System-Product-Name.1927599.0
Episode_Reward/motion_body_ori,92157,1789319526.9043896,0.04121149331331253,events.out.tfevents.1789319519.zzx23457-System-Product-Name.1927599.0
Episode_Reward/motion_body_pos,92150,1789319520.7457883,0.0007355413399636745,events.out.tfevents.1789319519.zzx23457-System-Product-Name.1927599.0
Episode_Reward/motion_body_pos,92151,1789319521.7834442,0.007783523760735989,events.out.tfevents.1789319519.zzx23457-System-Product-Name.1927599.0
Episode_Reward/motion_body_pos,92152,1789319522.5768404,0.008416588418185711,events.out.tfevents.1789319519.zzx23457-System-Product-Name.1927599.0
Episode_Reward/motion_body_pos,92153,1789319523.394183,0.019409816712141037,events.out.tfevents.1789319519.zzx23457-System-Product-Name.1927599.0
Episode_Reward/motion_body_pos,92154,1789319524.2096455,0.027377447113394737,events.out.tfevents.1789319519.zzx23457-System-Product-Name.1927599.0
Episode_Reward/motion_body_pos,92155,1789319525.0107598,0.03486382216215134,events.out.tfevents.1789319519.zzx23457-System-Product-Name.1927599.0
Episode_Reward/motion_body_pos,92156,1789319526.089005,0.04135946184396744,events.out.tfevents.1789319519.zzx23457-System-Product-Name.1927599.0
Episode_Reward/motion_body_pos,92157,1789319526.904243,0.046944767236709595,events.out.tfevents.1789319519.zzx23457-System-Product-Name.1927599.0
Episode_Reward/motion_feet_ang_vel,92150,1789319520.7479615,0.00041537912329658866,events.out.tfevents.1789319519.zzx23457-System-Product-Name.1927599.0
Episode_Reward/motion_feet_ang_vel,92151,1789319521.7856734,0.00439079012721777,events.out.tfevents.1789319519.zzx23457-System-Product-Name.1927599.0
Episode_Reward/motion_feet_ang_vel,92152,1789319522.578908,0.004746708553284407,events.out.tfevents.1789319519.zzx23457-System-Product-Name.1927599.0
Episode_Reward/motion_feet_ang_vel,92153,1789319523.396014,0.008252354338765144,events.out.tfevents.1789319519.zzx23457-System-Product-Name.1927599.0
Episode_Reward/motion_feet_ang_vel,92154,1789319524.2114954,0.014762654900550842,events.out.tfevents.1789319519.zzx23457-System-Product-Name.1927599.0
Episode_Reward/motion_feet_ang_vel,92155,1789319525.0125957,0.01913813315331936,events.out.tfevents.1789319519.zzx23457-System-Product-Name.1927599.0
Episode_Reward/motion_feet_ang_vel,92156,1789319526.0908275,0.021992970257997513,events.out.tfevents.1789319519.zzx23457-System-Product-Name.1927599.0
Episode_Reward/motion_feet_ang_vel,92157,1789319526.9063234,0.024309951812028885,events.out.tfevents.1789319519.zzx23457-System-Product-Name.1927599.0
Episode_Reward/motion_feet_pos,92150,1789319520.7484496,0.0038815997540950775,events.out.tfevents.1789319519.zzx23457-System-Product-Name.1927599.0
Episode_Reward/motion_feet_pos,92151,1789319521.7861488,0.041970573365688324,events.out.tfevents.1789319519.zzx23457-System-Product-Name.1927599.0
Episode_Reward/motion_feet_pos,92152,1789319522.57939,0.04560983180999756,events.out.tfevents.1789319519.zzx23457-System-Product-Name.1927599.0
Episode_Reward/motion_feet_pos,92153,1789319523.3964307,0.046488530933856964,events.out.tfevents.1789319519.zzx23457-System-Product-Name.1927599.0
Episode_Reward/motion_feet_pos,92154,1789319524.2118979,0.12632010877132416,events.out.tfevents.1789319519.zzx23457-System-Product-Name.1927599.0
Episode_Reward/motion_feet_pos,92155,1789319525.0129974,0.1833382546901703,events.out.tfevents.1789319519.zzx23457-System-Product-Name.1927599.0
Episode_Reward/motion_feet_pos,92156,1789319526.0912418,0.20608365535736084,events.out.tfevents.1789319519.zzx23457-System-Product-Name.1927599.0
Episode_Reward/motion_feet_pos,92157,1789319526.9067383,0.20566612482070923,events.out.tfevents.1789319519.zzx23457-System-Product-Name.1927599.0
Episode_Reward/motion_feet_vel,92150,1789319520.7478054,0.0008500310941599309,events.out.tfevents.1789319519.zzx23457-System-Product-Name.1927599.0
Episode_Reward/motion_feet_vel,92151,1789319521.7855175,0.008956066332757473,events.out.tfevents.1789319519.zzx23457-System-Product-Name.1927599.0
Episode_Reward/motion_feet_vel,92152,1789319522.5787559,0.009674672037363052,events.out.tfevents.1789319519.zzx23457-System-Product-Name.1927599.0
Episode_Reward/motion_feet_vel,92153,1789319523.395873,0.017721358686685562,events.out.tfevents.1789319519.zzx23457-System-Product-Name.1927599.0
Episode_Reward/motion_feet_vel,92154,1789319524.2113624,0.030218403786420822,events.out.tfevents.1789319519.zzx23457-System-Product-Name.1927599.0
Episode_Reward/motion_feet_vel,92155,1789319525.0124614,0.038787759840488434,events.out.tfevents.1789319519.zzx23457-System-Product-Name.1927599.0
Episode_Reward/motion_feet_vel,92156,1789319526.0906928,0.044763367623090744,events.out.tfevents.1789319519.zzx23457-System-Product-Name.1927599.0
Episode_Reward/motion_feet_vel,92157,1789319526.9061701,0.0501413494348526,events.out.tfevents.1789319519.zzx23457-System-Product-Name.1927599.0
Episode_Reward/motion_feet_xy,92150,1789319520.7508552,0.0023408052511513233,events.out.tfevents.1789319519.zzx23457-System-Product-Name.1927599.0
Episode_Reward/motion_feet_xy,92151,1789319521.7884943,0.02546040341258049,events.out.tfevents.1789319519.zzx23457-System-Product-Name.1927599.0
Episode_Reward/motion_feet_xy,92152,1789319522.5817482,0.027705058455467224,events.out.tfevents.1789319519.zzx23457-System-Product-Name.1927599.0
Episode_Reward/motion_feet_xy,92153,1789319523.3984885,0.037010759115219116,events.out.tfevents.1789319519.zzx23457-System-Product-Name.1927599.0
Episode_Reward/motion_feet_xy,92154,1789319524.214172,0.0774584636092186,events.out.tfevents.1789319519.zzx23457-System-Product-Name.1927599.0
Episode_Reward/motion_feet_xy,92155,1789319525.0150135,0.11072760820388794,events.out.tfevents.1789319519.zzx23457-System-Product-Name.1927599.0
Episode_Reward/motion_feet_xy,92156,1789319526.093236,0.12472252547740936,events.out.tfevents.1789319519.zzx23457-System-Product-Name.1927599.0
Episode_Reward/motion_feet_xy,92157,1789319526.9088166,0.12543699145317078,events.out.tfevents.1789319519.zzx23457-System-Product-Name.1927599.0
Episode_Reward/motion_forward_pos,92150,1789319520.7502155,0.0017126960447058082,events.out.tfevents.1789319519.zzx23457-System-Product-Name.1927599.0
Episode_Reward/motion_forward_pos,92151,1789319521.7878776,0.017925342544913292,events.out.tfevents.1789319519.zzx23457-System-Product-Name.1927599.0
Episode_Reward/motion_forward_pos,92152,1789319522.5811205,0.01933326944708824,events.out.tfevents.1789319519.zzx23457-System-Product-Name.1927599.0
Episode_Reward/motion_forward_pos,92153,1789319523.3979368,0.035161711275577545,events.out.tfevents.1789319519.zzx23457-System-Product-Name.1927599.0
Episode_Reward/motion_forward_pos,92154,1789319524.2136378,0.05858015641570091,events.out.tfevents.1789319519.zzx23457-System-Product-Name.1927599.0
Episode_Reward/motion_forward_pos,92155,1789319525.014477,0.07693779468536377,events.out.tfevents.1789319519.zzx23457-System-Product-Name.1927599.0
Episode_Reward/motion_forward_pos,92156,1789319526.0927038,0.09098748862743378,events.out.tfevents.1789319519.zzx23457-System-Product-Name.1927599.0
Episode_Reward/motion_forward_pos,92157,1789319526.9082632,0.0999460369348526,events.out.tfevents.1789319519.zzx23457-System-Product-Name.1927599.0
Episode_Reward/motion_forward_velocity,92150,1789319520.750539,0.0008022158872336149,events.out.tfevents.1789319519.zzx23457-System-Product-Name.1927599.0
Episode_Reward/motion_forward_velocity,92151,1789319521.7881868,0.008316612802445889,events.out.tfevents.1789319519.zzx23457-System-Product-Name.1927599.0
Episode_Reward/motion_forward_velocity,92152,1789319522.581442,0.008949575945734978,events.out.tfevents.1789319519.zzx23457-System-Product-Name.1927599.0
Episode_Reward/motion_forward_velocity,92153,1789319523.3982134,0.010289393365383148,events.out.tfevents.1789319519.zzx23457-System-Product-Name.1927599.0
Episode_Reward/motion_forward_velocity,92154,1789319524.2139049,0.025728775188326836,events.out.tfevents.1789319519.zzx23457-System-Product-Name.1927599.0
Episode_Reward/motion_forward_velocity,92155,1789319525.0147498,0.03606467321515083,events.out.tfevents.1789319519.zzx23457-System-Product-Name.1927599.0
Episode_Reward/motion_forward_velocity,92156,1789319526.0929656,0.04064296931028366,events.out.tfevents.1789319519.zzx23457-System-Product-Name.1927599.0
Episode_Reward/motion_forward_velocity,92157,1789319526.908536,0.04271328076720238,events.out.tfevents.1789319519.zzx23457-System-Product-Name.1927599.0
Episode_Reward/motion_global_anchor_ori,92150,1789319520.7455666,0.0012784984428435564,events.out.tfevents.1789319519.zzx23457-System-Product-Name.1927599.0
Episode_Reward/motion_global_anchor_ori,92151,1789319521.7832365,0.013323672115802765,events.out.tfevents.1789319519.zzx23457-System-Product-Name.1927599.0
Episode_Reward/motion_global_anchor_ori,92152,1789319522.5766585,0.014355568215250969,events.out.tfevents.1789319519.zzx23457-System-Product-Name.1927599.0
Episode_Reward/motion_global_anchor_ori,92153,1789319523.3937836,0.028031347319483757,events.out.tfevents.1789319519.zzx23457-System-Product-Name.1927599.0
Episode_Reward/motion_global_anchor_ori,92154,1789319524.2094557,0.04558064043521881,events.out.tfevents.1789319519.zzx23457-System-Product-Name.1927599.0
Episode_Reward/motion_global_anchor_ori,92155,1789319525.0105855,0.05825573205947876,events.out.tfevents.1789319519.zzx23457-System-Product-Name.1927599.0
Episode_Reward/motion_global_anchor_ori,92156,1789319526.0888186,0.06851368397474289,events.out.tfevents.1789319519.zzx23457-System-Product-Name.1927599.0
Episode_Reward/motion_global_anchor_ori,92157,1789319526.9040651,0.07542040944099426,events.out.tfevents.1789319519.zzx23457-System-Product-Name.1927599.0
Episode_Reward/motion_global_anchor_pos,92150,1789319520.7451985,0.0011089134495705366,events.out.tfevents.1789319519.zzx23457-System-Product-Name.1927599.0
Episode_Reward/motion_global_anchor_pos,92151,1789319521.782948,0.011634055525064468,events.out.tfevents.1789319519.zzx23457-System-Product-Name.1927599.0
Episode_Reward/motion_global_anchor_pos,92152,1789319522.5763721,0.012554972432553768,events.out.tfevents.1789319519.zzx23457-System-Product-Name.1927599.0
Episode_Reward/motion_global_anchor_pos,92153,1789319523.3935163,0.02274256944656372,events.out.tfevents.1789319519.zzx23457-System-Product-Name.1927599.0
Episode_Reward/motion_global_anchor_pos,92154,1789319524.2091303,0.03706192225217819,events.out.tfevents.1789319519.zzx23457-System-Product-Name.1927599.0
Episode_Reward/motion_global_anchor_pos,92155,1789319525.01033,0.05007963627576828,events.out.tfevents.1789319519.zzx23457-System-Product-Name.1927599.0
Episode_Reward/motion_global_anchor_pos,92156,1789319526.0885475,0.0593496710062027,events.out.tfevents.1789319519.zzx23457-System-Product-Name.1927599.0
Episode_Reward/motion_global_anchor_pos,92157,1789319526.9037755,0.06424844264984131,events.out.tfevents.1789319519.zzx23457-System-Product-Name.1927599.0
Episode_Reward/motion_hand_pos,92150,1789319520.747183,0.0,events.out.tfevents.1789319519.zzx23457-System-Product-Name.1927599.0
Episode_Reward/motion_hand_pos,92151,1789319521.7848763,0.0,events.out.tfevents.1789319519.zzx23457-System-Product-Name.1927599.0
Episode_Reward/motion_hand_pos,92152,1789319522.5781174,0.0,events.out.tfevents.1789319519.zzx23457-System-Product-Name.1927599.0
Episode_Reward/motion_hand_pos,92153,1789319523.3953202,0.0,events.out.tfevents.1789319519.zzx23457-System-Product-Name.1927599.0
Episode_Reward/motion_hand_pos,92154,1789319524.2108204,0.0,events.out.tfevents.1789319519.zzx23457-System-Product-Name.1927599.0
Episode_Reward/motion_hand_pos,92155,1789319525.0119193,0.0,events.out.tfevents.1789319519.zzx23457-System-Product-Name.1927599.0
Episode_Reward/motion_hand_pos,92156,1789319526.0901532,0.0,events.out.tfevents.1789319519.zzx23457-System-Product-Name.1927599.0
Episode_Reward/motion_hand_pos,92157,1789319526.905603,0.0,events.out.tfevents.1789319519.zzx23457-System-Product-Name.1927599.0
Episode_Reward/motion_hand_vel,92150,1789319520.7473412,0.0,events.out.tfevents.1789319519.zzx23457-System-Product-Name.1927599.0
Episode_Reward/motion_hand_vel,92151,1789319521.7850368,0.0,events.out.tfevents.1789319519.zzx23457-System-Product-Name.1927599.0
Episode_Reward/motion_hand_vel,92152,1789319522.5782757,0.0,events.out.tfevents.1789319519.zzx23457-System-Product-Name.1927599.0
Episode_Reward/motion_hand_vel,92153,1789319523.3954568,0.0,events.out.tfevents.1789319519.zzx23457-System-Product-Name.1927599.0
Episode_Reward/motion_hand_vel,92154,1789319524.210953,0.0,events.out.tfevents.1789319519.zzx23457-System-Product-Name.1927599.0
Episode_Reward/motion_hand_vel,92155,1789319525.0120535,0.0,events.out.tfevents.1789319519.zzx23457-System-Product-Name.1927599.0
Episode_Reward/motion_hand_vel,92156,1789319526.090291,0.0,events.out.tfevents.1789319519.zzx23457-System-Product-Name.1927599.0
Episode_Reward/motion_hand_vel,92157,1789319526.9057524,0.0,events.out.tfevents.1789319519.zzx23457-System-Product-Name.1927599.0
Episode_Reward/motion_height,92150,1789319520.7503774,0.004996868781745434,events.out.tfevents.1789319519.zzx23457-System-Product-Name.1927599.0
Episode_Reward/motion_height,92151,1789319521.7880292,0.05324341356754303,events.out.tfevents.1789319519.zzx23457-System-Product-Name.1927599.0
Episode_Reward/motion_height,92152,1789319522.5812812,0.05766623839735985,events.out.tfevents.1789319519.zzx23457-System-Product-Name.1927599.0
Episode_Reward/motion_height,92153,1789319523.3980734,0.07747621089220047,events.out.tfevents.1789319519.zzx23457-System-Product-Name.1927599.0
Episode_Reward/motion_height,92154,1789319524.2137704,0.1660139560699463,events.out.tfevents.1789319519.zzx23457-System-Product-Name.1927599.0
Episode_Reward/motion_height,92155,1789319525.0146134,0.2263050675392151,events.out.tfevents.1789319519.zzx23457-System-Product-Name.1927599.0
Episode_Reward/motion_height,92156,1789319526.0928354,0.2668198049068451,events.out.tfevents.1789319519.zzx23457-System-Product-Name.1927599.0
Episode_Reward/motion_height,92157,1789319526.9083998,0.28181540966033936,events.out.tfevents.1789319519.zzx23457-System-Product-Name.1927599.0
Episode_Reward/motion_knee_pos,92150,1789319520.7474983,0.0,events.out.tfevents.1789319519.zzx23457-System-Product-Name.1927599.0
Episode_Reward/motion_knee_pos,92151,1789319521.7851946,0.0,events.out.tfevents.1789319519.zzx23457-System-Product-Name.1927599.0
Episode_Reward/motion_knee_pos,92152,1789319522.5784338,0.0,events.out.tfevents.1789319519.zzx23457-System-Product-Name.1927599.0
Episode_Reward/motion_knee_pos,92153,1789319523.395596,0.0,events.out.tfevents.1789319519.zzx23457-System-Product-Name.1927599.0
Episode_Reward/motion_knee_pos,92154,1789319524.2110865,0.0,events.out.tfevents.1789319519.zzx23457-System-Product-Name.1927599.0
Episode_Reward/motion_knee_pos,92155,1789319525.012191,0.0,events.out.tfevents.1789319519.zzx23457-System-Product-Name.1927599.0
Episode_Reward/motion_knee_pos,92156,1789319526.090425,0.0,events.out.tfevents.1789319519.zzx23457-System-Product-Name.1927599.0
Episode_Reward/motion_knee_pos,92157,1789319526.9058914,0.0,events.out.tfevents.1789319519.zzx23457-System-Product-Name.1927599.0
Episode_Reward/motion_knee_vel,92150,1789319520.7476537,0.0,events.out.tfevents.1789319519.zzx23457-System-Product-Name.1927599.0
Episode_Reward/motion_knee_vel,92151,1789319521.7853575,0.0,events.out.tfevents.1789319519.zzx23457-System-Product-Name.1927599.0
Episode_Reward/motion_knee_vel,92152,1789319522.5786037,0.0,events.out.tfevents.1789319519.zzx23457-System-Product-Name.1927599.0
Episode_Reward/motion_knee_vel,92153,1789319523.3957324,0.0,events.out.tfevents.1789319519.zzx23457-System-Product-Name.1927599.0
Episode_Reward/motion_knee_vel,92154,1789319524.211227,0.0,events.out.tfevents.1789319519.zzx23457-System-Product-Name.1927599.0
Episode_Reward/motion_knee_vel,92155,1789319525.0123267,0.0,events.out.tfevents.1789319519.zzx23457-System-Product-Name.1927599.0
Episode_Reward/motion_knee_vel,92156,1789319526.0905578,0.0,events.out.tfevents.1789319519.zzx23457-System-Product-Name.1927599.0
Episode_Reward/motion_knee_vel,92157,1789319526.9060307,0.0,events.out.tfevents.1789319519.zzx23457-System-Product-Name.1927599.0
Episode_Reward/platform_absolute_feet,92150,1789319520.7542567,0.0,events.out.tfevents.1789319519.zzx23457-System-Product-Name.1927599.0
Episode_Reward/platform_absolute_feet,92151,1789319521.7912056,0.0,events.out.tfevents.1789319519.zzx23457-System-Product-Name.1927599.0
Episode_Reward/platform_absolute_feet,92152,1789319522.5842452,0.0,events.out.tfevents.1789319519.zzx23457-System-Product-Name.1927599.0
Episode_Reward/platform_absolute_feet,92153,1789319523.4006739,0.0,events.out.tfevents.1789319519.zzx23457-System-Product-Name.1927599.0
Episode_Reward/platform_absolute_feet,92154,1789319524.216338,0.0,events.out.tfevents.1789319519.zzx23457-System-Product-Name.1927599.0
Episode_Reward/platform_absolute_feet,92155,1789319525.0173862,0.0,events.out.tfevents.1789319519.zzx23457-System-Product-Name.1927599.0
Episode_Reward/platform_absolute_feet,92156,1789319526.0953789,0.0,events.out.tfevents.1789319519.zzx23457-System-Product-Name.1927599.0
Episode_Reward/platform_absolute_feet,92157,1789319526.911059,-1.443228029529564e-06,events.out.tfevents.1789319519.zzx23457-System-Product-Name.1927599.0
Episode_Reward/platform_anchor_orientation,92150,1789319520.7513373,0.0,events.out.tfevents.1789319519.zzx23457-System-Product-Name.1927599.0
Episode_Reward/platform_anchor_orientation,92151,1789319521.7889493,0.0,events.out.tfevents.1789319519.zzx23457-System-Product-Name.1927599.0
Episode_Reward/platform_anchor_orientation,92152,1789319522.5821958,0.0,events.out.tfevents.1789319519.zzx23457-System-Product-Name.1927599.0
Episode_Reward/platform_anchor_orientation,92153,1789319523.3988934,0.0,events.out.tfevents.1789319519.zzx23457-System-Product-Name.1927599.0
Episode_Reward/platform_anchor_orientation,92154,1789319524.2145863,0.0,events.out.tfevents.1789319519.zzx23457-System-Product-Name.1927599.0
Episode_Reward/platform_anchor_orientation,92155,1789319525.015429,0.0,events.out.tfevents.1789319519.zzx23457-System-Product-Name.1927599.0
Episode_Reward/platform_anchor_orientation,92156,1789319526.0936363,0.0,events.out.tfevents.1789319519.zzx23457-System-Product-Name.1927599.0
Episode_Reward/platform_anchor_orientation,92157,1789319526.9092355,9.694357868283987e-05,events.out.tfevents.1789319519.zzx23457-System-Product-Name.1927599.0
Episode_Reward/platform_anchor_pose,92150,1789319520.751013,0.0,events.out.tfevents.1789319519.zzx23457-System-Product-Name.1927599.0
Episode_Reward/platform_anchor_pose,92151,1789319521.7886493,0.0,events.out.tfevents.1789319519.zzx23457-System-Product-Name.1927599.0
Episode_Reward/platform_anchor_pose,92152,1789319522.5818963,0.0,events.out.tfevents.1789319519.zzx23457-System-Product-Name.1927599.0
Episode_Reward/platform_anchor_pose,92153,1789319523.398626,0.0,events.out.tfevents.1789319519.zzx23457-System-Product-Name.1927599.0
Episode_Reward/platform_anchor_pose,92154,1789319524.2143185,0.0,events.out.tfevents.1789319519.zzx23457-System-Product-Name.1927599.0
Episode_Reward/platform_anchor_pose,92155,1789319525.0151439,0.0,events.out.tfevents.1789319519.zzx23457-System-Product-Name.1927599.0
Episode_Reward/platform_anchor_pose,92156,1789319526.093369,0.0,events.out.tfevents.1789319519.zzx23457-System-Product-Name.1927599.0
Episode_Reward/platform_anchor_pose,92157,1789319526.9089522,0.0004233229556120932,events.out.tfevents.1789319519.zzx23457-System-Product-Name.1927599.0
Episode_Reward/platform_anchor_stability,92150,1789319520.751171,0.0,events.out.tfevents.1789319519.zzx23457-System-Product-Name.1927599.0
Episode_Reward/platform_anchor_stability,92151,1789319521.7888014,0.0,events.out.tfevents.1789319519.zzx23457-System-Product-Name.1927599.0
Episode_Reward/platform_anchor_stability,92152,1789319522.5820422,0.0,events.out.tfevents.1789319519.zzx23457-System-Product-Name.1927599.0
Episode_Reward/platform_anchor_stability,92153,1789319523.39876,0.0,events.out.tfevents.1789319519.zzx23457-System-Product-Name.1927599.0
Episode_Reward/platform_anchor_stability,92154,1789319524.2144537,0.0,events.out.tfevents.1789319519.zzx23457-System-Product-Name.1927599.0
Episode_Reward/platform_anchor_stability,92155,1789319525.0152893,0.0,events.out.tfevents.1789319519.zzx23457-System-Product-Name.1927599.0
Episode_Reward/platform_anchor_stability,92156,1789319526.0935035,0.0,events.out.tfevents.1789319519.zzx23457-System-Product-Name.1927599.0
Episode_Reward/platform_anchor_stability,92157,1789319526.9090905,-0.0002148437051801011,events.out.tfevents.1789319519.zzx23457-System-Product-Name.1927599.0
Episode_Reward/platform_double_support_hold,92150,1789319520.755228,0.0,events.out.tfevents.1789319519.zzx23457-System-Product-Name.1927599.0
Episode_Reward/platform_double_support_hold,92151,1789319521.7920055,0.0,events.out.tfevents.1789319519.zzx23457-System-Product-Name.1927599.0
Episode_Reward/platform_double_support_hold,92152,1789319522.5851746,0.0,events.out.tfevents.1789319519.zzx23457-System-Product-Name.1927599.0
Episode_Reward/platform_double_support_hold,92153,1789319523.4014845,0.0,events.out.tfevents.1789319519.zzx23457-System-Product-Name.1927599.0
Episode_Reward/platform_double_support_hold,92154,1789319524.2171426,0.0,events.out.tfevents.1789319519.zzx23457-System-Product-Name.1927599.0
Episode_Reward/platform_double_support_hold,92155,1789319525.018199,0.0,events.out.tfevents.1789319519.zzx23457-System-Product-Name.1927599.0
Episode_Reward/platform_double_support_hold,92156,1789319526.0961752,0.0,events.out.tfevents.1789319519.zzx23457-System-Product-Name.1927599.0
Episode_Reward/platform_double_support_hold,92157,1789319526.9118996,0.0,events.out.tfevents.1789319519.zzx23457-System-Product-Name.1927599.0
Episode_Reward/platform_feet_position,92150,1789319520.7516532,0.0,events.out.tfevents.1789319519.zzx23457-System-Product-Name.1927599.0
Episode_Reward/platform_feet_position,92151,1789319521.7895322,0.0,events.out.tfevents.1789319519.zzx23457-System-Product-Name.1927599.0
Episode_Reward/platform_feet_position,92152,1789319522.5824995,0.0,events.out.tfevents.1789319519.zzx23457-System-Product-Name.1927599.0
Episode_Reward/platform_feet_position,92153,1789319523.399162,0.0,events.out.tfevents.1789319519.zzx23457-System-Product-Name.1927599.0
Episode_Reward/platform_feet_position,92154,1789319524.214855,0.0,events.out.tfevents.1789319519.zzx23457-System-Product-Name.1927599.0
Episode_Reward/platform_feet_position,92155,1789319525.0156963,0.0,events.out.tfevents.1789319519.zzx23457-System-Product-Name.1927599.0
Episode_Reward/platform_feet_position,92156,1789319526.0939023,0.0,events.out.tfevents.1789319519.zzx23457-System-Product-Name.1927599.0
Episode_Reward/platform_feet_position,92157,1789319526.9095135,0.0001665247546043247,events.out.tfevents.1789319519.zzx23457-System-Product-Name.1927599.0
Episode_Reward/platform_pelvis_under_height,92150,1789319520.751495,0.0,events.out.tfevents.1789319519.zzx23457-System-Product-Name.1927599.0
Episode_Reward/platform_pelvis_under_height,92151,1789319521.7893548,0.0,events.out.tfevents.1789319519.zzx23457-System-Product-Name.1927599.0
Episode_Reward/platform_pelvis_under_height,92152,1789319522.5823479,0.0,events.out.tfevents.1789319519.zzx23457-System-Product-Name.1927599.0
Episode_Reward/platform_pelvis_under_height,92153,1789319523.3990285,0.0,events.out.tfevents.1789319519.zzx23457-System-Product-Name.1927599.0
Episode_Reward/platform_pelvis_under_height,92154,1789319524.2147193,0.0,events.out.tfevents.1789319519.zzx23457-System-Product-Name.1927599.0
Episode_Reward/platform_pelvis_under_height,92155,1789319525.0155616,0.0,events.out.tfevents.1789319519.zzx23457-System-Product-Name.1927599.0
Episode_Reward/platform_pelvis_under_height,92156,1789319526.0937705,0.0,events.out.tfevents.1789319519.zzx23457-System-Product-Name.1927599.0
Episode_Reward/platform_pelvis_under_height,92157,1789319526.909376,-0.0017634485848248005,events.out.tfevents.1789319519.zzx23457-System-Product-Name.1927599.0
Episode_Reward/platform_stationary_feet,92150,1789319520.7550604,0.0,events.out.tfevents.1789319519.zzx23457-System-Product-Name.1927599.0
Episode_Reward/platform_stationary_feet,92151,1789319521.7918723,0.0,events.out.tfevents.1789319519.zzx23457-System-Product-Name.1927599.0
Episode_Reward/platform_stationary_feet,92152,1789319522.5850196,0.0,events.out.tfevents.1789319519.zzx23457-System-Product-Name.1927599.0
Episode_Reward/platform_stationary_feet,92153,1789319523.4013486,0.0,events.out.tfevents.1789319519.zzx23457-System-Product-Name.1927599.0
Episode_Reward/platform_stationary_feet,92154,1789319524.2170064,0.0,events.out.tfevents.1789319519.zzx23457-System-Product-Name.1927599.0
Episode_Reward/platform_stationary_feet,92155,1789319525.0180495,0.0,events.out.tfevents.1789319519.zzx23457-System-Product-Name.1927599.0
Episode_Reward/platform_stationary_feet,92156,1789319526.0960417,0.0,events.out.tfevents.1789319519.zzx23457-System-Product-Name.1927599.0
Episode_Reward/platform_stationary_feet,92157,1789319526.9117603,0.0,events.out.tfevents.1789319519.zzx23457-System-Product-Name.1927599.0
Episode_Reward/platform_stop_speed,92150,1789319520.7549114,0.0,events.out.tfevents.1789319519.zzx23457-System-Product-Name.1927599.0
Episode_Reward/platform_stop_speed,92151,1789319521.7917392,0.0,events.out.tfevents.1789319519.zzx23457-System-Product-Name.1927599.0
Episode_Reward/platform_stop_speed,92152,1789319522.5848515,0.0,events.out.tfevents.1789319519.zzx23457-System-Product-Name.1927599.0
Episode_Reward/platform_stop_speed,92153,1789319523.401215,0.0,events.out.tfevents.1789319519.zzx23457-System-Product-Name.1927599.0
Episode_Reward/platform_stop_speed,92154,1789319524.2168722,0.0,events.out.tfevents.1789319519.zzx23457-System-Product-Name.1927599.0
Episode_Reward/platform_stop_speed,92155,1789319525.0179183,0.0,events.out.tfevents.1789319519.zzx23457-System-Product-Name.1927599.0
Episode_Reward/platform_stop_speed,92156,1789319526.0959089,0.0,events.out.tfevents.1789319519.zzx23457-System-Product-Name.1927599.0
Episode_Reward/platform_stop_speed,92157,1789319526.9116213,0.0,events.out.tfevents.1789319519.zzx23457-System-Product-Name.1927599.0
Episode_Reward/route_safety_composite_probe,92150,1789319520.7571084,0.0,events.out.tfevents.1789319519.zzx23457-System-Product-Name.1927599.0
Episode_Reward/route_safety_composite_probe,92151,1789319521.7936215,0.0,events.out.tfevents.1789319519.zzx23457-System-Product-Name.1927599.0
Episode_Reward/route_safety_composite_probe,92152,1789319522.5870268,0.0,events.out.tfevents.1789319519.zzx23457-System-Product-Name.1927599.0
Episode_Reward/route_safety_composite_probe,92153,1789319523.4031181,-2.9870491496941654e-11,events.out.tfevents.1789319519.zzx23457-System-Product-Name.1927599.0
Episode_Reward/route_safety_composite_probe,92154,1789319524.218765,-2.4406368853008287e-12,events.out.tfevents.1789319519.zzx23457-System-Product-Name.1927599.0
Episode_Reward/route_safety_composite_probe,92155,1789319525.0198011,0.0,events.out.tfevents.1789319519.zzx23457-System-Product-Name.1927599.0
Episode_Reward/route_safety_composite_probe,92156,1789319526.097773,0.0,events.out.tfevents.1789319519.zzx23457-System-Product-Name.1927599.0
Episode_Reward/route_safety_composite_probe,92157,1789319526.9135761,-7.918327452061114e-12,events.out.tfevents.1789319519.zzx23457-System-Product-Name.1927599.0
Episode_Reward/route_velocity_feedback,92150,1789319520.7547495,-8.84436522028409e-05,events.out.tfevents.1789319519.zzx23457-System-Product-Name.1927599.0
Episode_Reward/route_velocity_feedback,92151,1789319521.791606,-0.0007226605666801333,events.out.tfevents.1789319519.zzx23457-System-Product-Name.1927599.0
Episode_Reward/route_velocity_feedback,92152,1789319522.584704,-0.0007276976248249412,events.out.tfevents.1789319519.zzx23457-System-Product-Name.1927599.0
Episode_Reward/route_velocity_feedback,92153,1789319523.4010782,-0.033168286085128784,events.out.tfevents.1789319519.zzx23457-System-Product-Name.1927599.0
Episode_Reward/route_velocity_feedback,92154,1789319524.216737,-0.019482355564832687,events.out.tfevents.1789319519.zzx23457-System-Product-Name.1927599.0
Episode_Reward/route_velocity_feedback,92155,1789319525.0177853,-0.0034866835922002792,events.out.tfevents.1789319519.zzx23457-System-Product-Name.1927599.0
Episode_Reward/route_velocity_feedback,92156,1789319526.095767,-0.006505729164928198,events.out.tfevents.1789319519.zzx23457-System-Product-Name.1927599.0
Episode_Reward/route_velocity_feedback,92157,1789319526.9114833,-0.024601636454463005,events.out.tfevents.1789319519.zzx23457-System-Product-Name.1927599.0
Episode_Reward/scheduled_future_foothold_xy,92150,1789319520.7519653,0.0,events.out.tfevents.1789319519.zzx23457-System-Product-Name.1927599.0
Episode_Reward/scheduled_future_foothold_xy,92151,1789319521.7899165,0.0,events.out.tfevents.1789319519.zzx23457-System-Product-Name.1927599.0
Episode_Reward/scheduled_future_foothold_xy,92152,1789319522.5827982,0.0,events.out.tfevents.1789319519.zzx23457-System-Product-Name.1927599.0
Episode_Reward/scheduled_future_foothold_xy,92153,1789319523.3994393,0.0010957572376355529,events.out.tfevents.1789319519.zzx23457-System-Product-Name.1927599.0
Episode_Reward/scheduled_future_foothold_xy,92154,1789319524.2151217,0.008616764098405838,events.out.tfevents.1789319519.zzx23457-System-Product-Name.1927599.0
Episode_Reward/scheduled_future_foothold_xy,92155,1789319525.016158,0.0,events.out.tfevents.1789319519.zzx23457-System-Product-Name.1927599.0
Episode_Reward/scheduled_future_foothold_xy,92156,1789319526.0941644,0.0,events.out.tfevents.1789319519.zzx23457-System-Product-Name.1927599.0
Episode_Reward/scheduled_future_foothold_xy,92157,1789319526.9097865,0.00024312635650858283,events.out.tfevents.1789319519.zzx23457-System-Product-Name.1927599.0
Episode_Reward/scheduled_opposite_stance_contact_loss,92150,1789319520.7533782,0.0,events.out.tfevents.1789319519.zzx23457-System-Product-Name.1927599.0
Episode_Reward/scheduled_opposite_stance_contact_loss,92151,1789319521.7907925,0.0,events.out.tfevents.1789319519.zzx23457-System-Product-Name.1927599.0
Episode_Reward/scheduled_opposite_stance_contact_loss,92152,1789319522.5837467,0.0,events.out.tfevents.1789319519.zzx23457-System-Product-Name.1927599.0
Episode_Reward/scheduled_opposite_stance_contact_loss,92153,1789319523.4002624,-0.003003516234457493,events.out.tfevents.1789319519.zzx23457-System-Product-Name.1927599.0
Episode_Reward/scheduled_opposite_stance_contact_loss,92154,1789319524.2159324,-0.0006076620775274932,events.out.tfevents.1789319519.zzx23457-System-Product-Name.1927599.0
Episode_Reward/scheduled_opposite_stance_contact_loss,92155,1789319525.0169766,0.0,events.out.tfevents.1789319519.zzx23457-System-Product-Name.1927599.0
Episode_Reward/scheduled_opposite_stance_contact_loss,92156,1789319526.094971,0.0,events.out.tfevents.1789319519.zzx23457-System-Product-Name.1927599.0
Episode_Reward/scheduled_opposite_stance_contact_loss,92157,1789319526.9106443,-0.0011949441395699978,events.out.tfevents.1789319519.zzx23457-System-Product-Name.1927599.0
Episode_Reward/scheduled_opposite_stance_velocity,92150,1789319520.7531416,0.0,events.out.tfevents.1789319519.zzx23457-System-Product-Name.1927599.0
Episode_Reward/scheduled_opposite_stance_velocity,92151,1789319521.790658,0.0,events.out.tfevents.1789319519.zzx23457-System-Product-Name.1927599.0
Episode_Reward/scheduled_opposite_stance_velocity,92152,1789319522.5835955,0.0,events.out.tfevents.1789319519.zzx23457-System-Product-Name.1927599.0
Episode_Reward/scheduled_opposite_stance_velocity,92153,1789319523.4001234,-0.06419392675161362,events.out.tfevents.1789319519.zzx23457-System-Product-Name.1927599.0
Episode_Reward/scheduled_opposite_stance_velocity,92154,1789319524.2157974,-0.012752889655530453,events.out.tfevents.1789319519.zzx23457-System-Product-Name.1927599.0
Episode_Reward/scheduled_opposite_stance_velocity,92155,1789319525.016844,0.0,events.out.tfevents.1789319519.zzx23457-System-Product-Name.1927599.0
Episode_Reward/scheduled_opposite_stance_velocity,92156,1789319526.0948393,0.0,events.out.tfevents.1789319519.zzx23457-System-Product-Name.1927599.0
Episode_Reward/scheduled_opposite_stance_velocity,92157,1789319526.910507,-0.0178238358348608,events.out.tfevents.1789319519.zzx23457-System-Product-Name.1927599.0
Episode_Reward/scheduled_swing_early_contact,92150,1789319520.7522953,0.0,events.out.tfevents.1789319519.zzx23457-System-Product-Name.1927599.0
Episode_Reward/scheduled_swing_early_contact,92151,1789319521.7902274,0.0,events.out.tfevents.1789319519.zzx23457-System-Product-Name.1927599.0
Episode_Reward/scheduled_swing_early_contact,92152,1789319522.5830948,0.0,events.out.tfevents.1789319519.zzx23457-System-Product-Name.1927599.0
Episode_Reward/scheduled_swing_early_contact,92153,1789319523.3997126,-0.40034911036491394,events.out.tfevents.1789319519.zzx23457-System-Product-Name.1927599.0
Episode_Reward/scheduled_swing_early_contact,92154,1789319524.2153935,-0.1114942729473114,events.out.tfevents.1789319519.zzx23457-System-Product-Name.1927599.0
Episode_Reward/scheduled_swing_early_contact,92155,1789319525.0164366,0.0,events.out.tfevents.1789319519.zzx23457-System-Product-Name.1927599.0
Episode_Reward/scheduled_swing_early_contact,92156,1789319526.094441,0.0,events.out.tfevents.1789319519.zzx23457-System-Product-Name.1927599.0
Episode_Reward/scheduled_swing_early_contact,92157,1789319526.9100657,-0.14004471898078918,events.out.tfevents.1789319519.zzx23457-System-Product-Name.1927599.0
Episode_Reward/scheduled_swing_height_shortage,92150,1789319520.7521293,0.0,events.out.tfevents.1789319519.zzx23457-System-Product-Name.1927599.0
Episode_Reward/scheduled_swing_height_shortage,92151,1789319521.7900698,0.0,events.out.tfevents.1789319519.zzx23457-System-Product-Name.1927599.0
Episode_Reward/scheduled_swing_height_shortage,92152,1789319522.582947,0.0,events.out.tfevents.1789319519.zzx23457-System-Product-Name.1927599.0
Episode_Reward/scheduled_swing_height_shortage,92153,1789319523.3995764,-0.1899527758359909,events.out.tfevents.1789319519.zzx23457-System-Product-Name.1927599.0
Episode_Reward/scheduled_swing_height_shortage,92154,1789319524.2152588,-0.02265118807554245,events.out.tfevents.1789319519.zzx23457-System-Product-Name.1927599.0
Episode_Reward/scheduled_swing_height_shortage,92155,1789319525.0162978,0.0,events.out.tfevents.1789319519.zzx23457-System-Product-Name.1927599.0
Episode_Reward/scheduled_swing_height_shortage,92156,1789319526.0943046,0.0,events.out.tfevents.1789319519.zzx23457-System-Product-Name.1927599.0
Episode_Reward/scheduled_swing_height_shortage,92157,1789319526.9099267,-0.06729190796613693,events.out.tfevents.1789319519.zzx23457-System-Product-Name.1927599.0
Episode_Reward/scheduled_swing_path,92150,1789319520.75181,0.0,events.out.tfevents.1789319519.zzx23457-System-Product-Name.1927599.0
Episode_Reward/scheduled_swing_path,92151,1789319521.7897542,0.0,events.out.tfevents.1789319519.zzx23457-System-Product-Name.1927599.0
Episode_Reward/scheduled_swing_path,92152,1789319522.58265,0.0,events.out.tfevents.1789319519.zzx23457-System-Product-Name.1927599.0
Episode_Reward/scheduled_swing_path,92153,1789319523.3993015,0.0140776252374053,events.out.tfevents.1789319519.zzx23457-System-Product-Name.1927599.0
Episode_Reward/scheduled_swing_path,92154,1789319524.21499,0.011322734877467155,events.out.tfevents.1789319519.zzx23457-System-Product-Name.1927599.0
Episode_Reward/scheduled_swing_path,92155,1789319525.0158296,0.0,events.out.tfevents.1789319519.zzx23457-System-Product-Name.1927599.0
Episode_Reward/scheduled_swing_path,92156,1789319526.0940344,0.0,events.out.tfevents.1789319519.zzx23457-System-Product-Name.1927599.0
Episode_Reward/scheduled_swing_path,92157,1789319526.9096515,0.003255403134971857,events.out.tfevents.1789319519.zzx23457-System-Product-Name.1927599.0
Episode_Reward/scheduled_touchdown_contact_loss,92150,1789319520.75298,0.0,events.out.tfevents.1789319519.zzx23457-System-Product-Name.1927599.0
Episode_Reward/scheduled_touchdown_contact_loss,92151,1789319521.7905211,0.0,events.out.tfevents.1789319519.zzx23457-System-Product-Name.1927599.0
Episode_Reward/scheduled_touchdown_contact_loss,92152,1789319522.5834234,0.0,events.out.tfevents.1789319519.zzx23457-System-Product-Name.1927599.0
Episode_Reward/scheduled_touchdown_contact_loss,92153,1789319523.3999872,-0.00013971852604299784,events.out.tfevents.1789319519.zzx23457-System-Product-Name.1927599.0
Episode_Reward/scheduled_touchdown_contact_loss,92154,1789319524.215663,0.0,events.out.tfevents.1789319519.zzx23457-System-Product-Name.1927599.0
Episode_Reward/scheduled_touchdown_contact_loss,92155,1789319525.0167053,0.0,events.out.tfevents.1789319519.zzx23457-System-Product-Name.1927599.0
Episode_Reward/scheduled_touchdown_contact_loss,92156,1789319526.094706,0.0,events.out.tfevents.1789319519.zzx23457-System-Product-Name.1927599.0
Episode_Reward/scheduled_touchdown_contact_loss,92157,1789319526.9103682,0.0,events.out.tfevents.1789319519.zzx23457-System-Product-Name.1927599.0
Episode_Reward/scheduled_touchdown_position,92150,1789319520.7526772,0.0,events.out.tfevents.1789319519.zzx23457-System-Product-Name.1927599.0
Episode_Reward/scheduled_touchdown_position,92151,1789319521.790378,0.0,events.out.tfevents.1789319519.zzx23457-System-Product-Name.1927599.0
Episode_Reward/scheduled_touchdown_position,92152,1789319522.58327,0.0,events.out.tfevents.1789319519.zzx23457-System-Product-Name.1927599.0
Episode_Reward/scheduled_touchdown_position,92153,1789319523.399849,1.8201268403572612e-07,events.out.tfevents.1789319519.zzx23457-System-Product-Name.1927599.0
Episode_Reward/scheduled_touchdown_position,92154,1789319524.2155268,0.002516771201044321,events.out.tfevents.1789319519.zzx23457-System-Product-Name.1927599.0
Episode_Reward/scheduled_touchdown_position,92155,1789319525.0165713,0.0,events.out.tfevents.1789319519.zzx23457-System-Product-Name.1927599.0
Episode_Reward/scheduled_touchdown_position,92156,1789319526.0945733,0.0,events.out.tfevents.1789319519.zzx23457-System-Product-Name.1927599.0
Episode_Reward/scheduled_touchdown_position,92157,1789319526.9102259,0.00020327730453573167,events.out.tfevents.1789319519.zzx23457-System-Product-Name.1927599.0
Episode_Reward/shared_riser_clearance_audit,92150,1789319520.7569554,0.0,events.out.tfevents.1789319519.zzx23457-System-Product-Name.1927599.0
Episode_Reward/shared_riser_clearance_audit,92151,1789319521.793484,0.0,events.out.tfevents.1789319519.zzx23457-System-Product-Name.1927599.0
Episode_Reward/shared_riser_clearance_audit,92152,1789319522.5868766,0.0,events.out.tfevents.1789319519.zzx23457-System-Product-Name.1927599.0
Episode_Reward/shared_riser_clearance_audit,92153,1789319523.4029815,-6.1492746658564634e-12,events.out.tfevents.1789319519.zzx23457-System-Product-Name.1927599.0
Episode_Reward/shared_riser_clearance_audit,92154,1789319524.2186322,-2.0791827461119627e-12,events.out.tfevents.1789319519.zzx23457-System-Product-Name.1927599.0
Episode_Reward/shared_riser_clearance_audit,92155,1789319525.0196695,0.0,events.out.tfevents.1789319519.zzx23457-System-Product-Name.1927599.0
Episode_Reward/shared_riser_clearance_audit,92156,1789319526.0976427,0.0,events.out.tfevents.1789319519.zzx23457-System-Product-Name.1927599.0
Episode_Reward/shared_riser_clearance_audit,92157,1789319526.9134367,-5.021841232785706e-13,events.out.tfevents.1789319519.zzx23457-System-Product-Name.1927599.0
Episode_Reward/support_foothold_planar_persistence,92150,1789319520.7575922,0.0,events.out.tfevents.1789319519.zzx23457-System-Product-Name.1927599.0
Episode_Reward/support_foothold_planar_persistence,92151,1789319521.7940218,0.0,events.out.tfevents.1789319519.zzx23457-System-Product-Name.1927599.0
Episode_Reward/support_foothold_planar_persistence,92152,1789319522.5874782,0.0,events.out.tfevents.1789319519.zzx23457-System-Product-Name.1927599.0
Episode_Reward/support_foothold_planar_persistence,92153,1789319523.4035244,-0.0011292793788015842,events.out.tfevents.1789319519.zzx23457-System-Product-Name.1927599.0
Episode_Reward/support_foothold_planar_persistence,92154,1789319524.219173,-0.00026550597976893187,events.out.tfevents.1789319519.zzx23457-System-Product-Name.1927599.0
Episode_Reward/support_foothold_planar_persistence,92155,1789319525.0202038,0.0,events.out.tfevents.1789319519.zzx23457-System-Product-Name.1927599.0
Episode_Reward/support_foothold_planar_persistence,92156,1789319526.0981643,0.0,events.out.tfevents.1789319519.zzx23457-System-Product-Name.1927599.0
Episode_Reward/support_foothold_planar_persistence,92157,1789319526.9139977,-0.0008281295886263251,events.out.tfevents.1789319519.zzx23457-System-Product-Name.1927599.0
Episode_Reward/terminal_contact_lateral_residual,92150,1789319520.7566483,0.0,events.out.tfevents.1789319519.zzx23457-System-Product-Name.1927599.0
Episode_Reward/terminal_contact_lateral_residual,92151,1789319521.793211,0.0,events.out.tfevents.1789319519.zzx23457-System-Product-Name.1927599.0
Episode_Reward/terminal_contact_lateral_residual,92152,1789319522.586563,0.0,events.out.tfevents.1789319519.zzx23457-System-Product-Name.1927599.0
Episode_Reward/terminal_contact_lateral_residual,92153,1789319523.4027088,-0.002593470737338066,events.out.tfevents.1789319519.zzx23457-System-Product-Name.1927599.0
Episode_Reward/terminal_contact_lateral_residual,92154,1789319524.2183673,-0.004493420477956533,events.out.tfevents.1789319519.zzx23457-System-Product-Name.1927599.0
Episode_Reward/terminal_contact_lateral_residual,92155,1789319525.019402,0.0,events.out.tfevents.1789319519.zzx23457-System-Product-Name.1927599.0
Episode_Reward/terminal_contact_lateral_residual,92156,1789319526.0973787,0.0,events.out.tfevents.1789319519.zzx23457-System-Product-Name.1927599.0
Episode_Reward/terminal_contact_lateral_residual,92157,1789319526.9131527,-0.0037073898129165173,events.out.tfevents.1789319519.zzx23457-System-Product-Name.1927599.0
Episode_Reward/terminal_contact_time_soft_progress,92150,1789319520.7574365,0.0,events.out.tfevents.1789319519.zzx23457-System-Product-Name.1927599.0
Episode_Reward/terminal_contact_time_soft_progress,92151,1789319521.7938888,0.0,events.out.tfevents.1789319519.zzx23457-System-Product-Name.1927599.0
Episode_Reward/terminal_contact_time_soft_progress,92152,1789319522.5873315,0.0,events.out.tfevents.1789319519.zzx23457-System-Product-Name.1927599.0
Episode_Reward/terminal_contact_time_soft_progress,92153,1789319523.4033916,0.00011228262155782431,events.out.tfevents.1789319519.zzx23457-System-Product-Name.1927599.0
Episode_Reward/terminal_contact_time_soft_progress,92154,1789319524.2190337,0.0019322935258969665,events.out.tfevents.1789319519.zzx23457-System-Product-Name.1927599.0
Episode_Reward/terminal_contact_time_soft_progress,92155,1789319525.0200667,0.0,events.out.tfevents.1789319519.zzx23457-System-Product-Name.1927599.0
Episode_Reward/terminal_contact_time_soft_progress,92156,1789319526.0980346,0.0,events.out.tfevents.1789319519.zzx23457-System-Product-Name.1927599.0
Episode_Reward/terminal_contact_time_soft_progress,92157,1789319526.913851,0.00024031677457969636,events.out.tfevents.1789319519.zzx23457-System-Product-Name.1927599.0
Episode_Reward/terminal_double_support_route,92150,1789319520.7553916,0.0,events.out.tfevents.1789319519.zzx23457-System-Product-Name.1927599.0
Episode_Reward/terminal_double_support_route,92151,1789319521.7921405,0.0,events.out.tfevents.1789319519.zzx23457-System-Product-Name.1927599.0
Episode_Reward/terminal_double_support_route,92152,1789319522.5853224,0.0,events.out.tfevents.1789319519.zzx23457-System-Product-Name.1927599.0
Episode_Reward/terminal_double_support_route,92153,1789319523.40162,0.0,events.out.tfevents.1789319519.zzx23457-System-Product-Name.1927599.0
Episode_Reward/terminal_double_support_route,92154,1789319524.2172835,0.0,events.out.tfevents.1789319519.zzx23457-System-Product-Name.1927599.0
Episode_Reward/terminal_double_support_route,92155,1789319525.0183325,0.0,events.out.tfevents.1789319519.zzx23457-System-Product-Name.1927599.0
Episode_Reward/terminal_double_support_route,92156,1789319526.0963142,0.0,events.out.tfevents.1789319519.zzx23457-System-Product-Name.1927599.0
Episode_Reward/terminal_double_support_route,92157,1789319526.9120386,0.0,events.out.tfevents.1789319519.zzx23457-System-Product-Name.1927599.0
Episode_Reward/terminal_lateral_early_corridor,92150,1789319520.7568002,0.0,events.out.tfevents.1789319519.zzx23457-System-Product-Name.1927599.0
Episode_Reward/terminal_lateral_early_corridor,92151,1789319521.7933486,0.0,events.out.tfevents.1789319519.zzx23457-System-Product-Name.1927599.0
Episode_Reward/terminal_lateral_early_corridor,92152,1789319522.5867162,0.0,events.out.tfevents.1789319519.zzx23457-System-Product-Name.1927599.0
Episode_Reward/terminal_lateral_early_corridor,92153,1789319523.402846,-0.000253699574386701,events.out.tfevents.1789319519.zzx23457-System-Product-Name.1927599.0
Episode_Reward/terminal_lateral_early_corridor,92154,1789319524.2184997,-0.00041355096618644893,events.out.tfevents.1789319519.zzx23457-System-Product-Name.1927599.0
Episode_Reward/terminal_lateral_early_corridor,92155,1789319525.019536,0.0,events.out.tfevents.1789319519.zzx23457-System-Product-Name.1927599.0
Episode_Reward/terminal_lateral_early_corridor,92156,1789319526.097511,0.0,events.out.tfevents.1789319519.zzx23457-System-Product-Name.1927599.0
Episode_Reward/terminal_lateral_early_corridor,92157,1789319526.9132977,-9.914342626871075e-06,events.out.tfevents.1789319519.zzx23457-System-Product-Name.1927599.0
Episode_Reward/terminal_missing_double_support,92150,1789319520.7560277,0.0,events.out.tfevents.1789319519.zzx23457-System-Product-Name.1927599.0
Episode_Reward/terminal_missing_double_support,92151,1789319521.7926717,0.0,events.out.tfevents.1789319519.zzx23457-System-Product-Name.1927599.0
Episode_Reward/terminal_missing_double_support,92152,1789319522.5859416,0.0,events.out.tfevents.1789319519.zzx23457-System-Product-Name.1927599.0
Episode_Reward/terminal_missing_double_support,92153,1789319523.4021642,0.0,events.out.tfevents.1789319519.zzx23457-System-Product-Name.1927599.0
Episode_Reward/terminal_missing_double_support,92154,1789319524.2178166,0.0,events.out.tfevents.1789319519.zzx23457-System-Product-Name.1927599.0
Episode_Reward/terminal_missing_double_support,92155,1789319525.0188668,0.0,events.out.tfevents.1789319519.zzx23457-System-Product-Name.1927599.0
Episode_Reward/terminal_missing_double_support,92156,1789319526.0968451,0.0,events.out.tfevents.1789319519.zzx23457-System-Product-Name.1927599.0
Episode_Reward/terminal_missing_double_support,92157,1789319526.912599,-4.144261038163677e-05,events.out.tfevents.1789319519.zzx23457-System-Product-Name.1927599.0
Episode_Reward/terminal_phase_capture,92150,1789319520.756496,0.0,events.out.tfevents.1789319519.zzx23457-System-Product-Name.1927599.0
Episode_Reward/terminal_phase_capture,92151,1789319521.7930744,0.0,events.out.tfevents.1789319519.zzx23457-System-Product-Name.1927599.0
Episode_Reward/terminal_phase_capture,92152,1789319522.5864148,0.0,events.out.tfevents.1789319519.zzx23457-System-Product-Name.1927599.0
Episode_Reward/terminal_phase_capture,92153,1789319523.402574,0.0,events.out.tfevents.1789319519.zzx23457-System-Product-Name.1927599.0
Episode_Reward/terminal_phase_capture,92154,1789319524.2182333,0.0,events.out.tfevents.1789319519.zzx23457-System-Product-Name.1927599.0
Episode_Reward/terminal_phase_capture,92155,1789319525.0192692,0.0,events.out.tfevents.1789319519.zzx23457-System-Product-Name.1927599.0
Episode_Reward/terminal_phase_capture,92156,1789319526.0972493,0.0,events.out.tfevents.1789319519.zzx23457-System-Product-Name.1927599.0
Episode_Reward/terminal_phase_capture,92157,1789319526.9130158,0.0,events.out.tfevents.1789319519.zzx23457-System-Product-Name.1927599.0
Episode_Reward/terminal_route_brake,92150,1789319520.7555513,0.0,events.out.tfevents.1789319519.zzx23457-System-Product-Name.1927599.0
Episode_Reward/terminal_route_brake,92151,1789319521.7922747,0.0,events.out.tfevents.1789319519.zzx23457-System-Product-Name.1927599.0
Episode_Reward/terminal_route_brake,92152,1789319522.585472,0.0,events.out.tfevents.1789319519.zzx23457-System-Product-Name.1927599.0
Episode_Reward/terminal_route_brake,92153,1789319523.4017587,0.0,events.out.tfevents.1789319519.zzx23457-System-Product-Name.1927599.0
Episode_Reward/terminal_route_brake,92154,1789319524.217419,0.0,events.out.tfevents.1789319519.zzx23457-System-Product-Name.1927599.0
Episode_Reward/terminal_route_brake,92155,1789319525.0184672,0.0,events.out.tfevents.1789319519.zzx23457-System-Product-Name.1927599.0
Episode_Reward/terminal_route_brake,92156,1789319526.096446,0.0,events.out.tfevents.1789319519.zzx23457-System-Product-Name.1927599.0
Episode_Reward/terminal_route_brake,92157,1789319526.912182,0.0,events.out.tfevents.1789319519.zzx23457-System-Product-Name.1927599.0
Episode_Reward/terminal_route_progress,92150,1789319520.7558675,0.0,events.out.tfevents.1789319519.zzx23457-System-Product-Name.1927599.0
Episode_Reward/terminal_route_progress,92151,1789319521.7925391,0.0,events.out.tfevents.1789319519.zzx23457-System-Product-Name.1927599.0
Episode_Reward/terminal_route_progress,92152,1789319522.5857935,0.0,events.out.tfevents.1789319519.zzx23457-System-Product-Name.1927599.0
Episode_Reward/terminal_route_progress,92153,1789319523.4020293,0.0,events.out.tfevents.1789319519.zzx23457-System-Product-Name.1927599.0
Episode_Reward/terminal_route_progress,92154,1789319524.2176845,0.0,events.out.tfevents.1789319519.zzx23457-System-Product-Name.1927599.0
Episode_Reward/terminal_route_progress,92155,1789319525.018734,0.0,events.out.tfevents.1789319519.zzx23457-System-Product-Name.1927599.0
Episode_Reward/terminal_route_progress,92156,1789319526.0967119,0.0,events.out.tfevents.1789319519.zzx23457-System-Product-Name.1927599.0
Episode_Reward/terminal_route_progress,92157,1789319526.9124613,0.0,events.out.tfevents.1789319519.zzx23457-System-Product-Name.1927599.0
Episode_Reward/terminal_route_tail,92150,1789319520.7561855,0.0,events.out.tfevents.1789319519.zzx23457-System-Product-Name.1927599.0
Episode_Reward/terminal_route_tail,92151,1789319521.7928057,0.0,events.out.tfevents.1789319519.zzx23457-System-Product-Name.1927599.0
Episode_Reward/terminal_route_tail,92152,1789319522.5860994,0.0,events.out.tfevents.1789319519.zzx23457-System-Product-Name.1927599.0
Episode_Reward/terminal_route_tail,92153,1789319523.4023035,0.0,events.out.tfevents.1789319519.zzx23457-System-Product-Name.1927599.0
Episode_Reward/terminal_route_tail,92154,1789319524.2179508,0.0,events.out.tfevents.1789319519.zzx23457-System-Product-Name.1927599.0
Episode_Reward/terminal_route_tail,92155,1789319525.0189996,0.0,events.out.tfevents.1789319519.zzx23457-System-Product-Name.1927599.0
Episode_Reward/terminal_route_tail,92156,1789319526.096977,0.0,events.out.tfevents.1789319519.zzx23457-System-Product-Name.1927599.0
Episode_Reward/terminal_route_tail,92157,1789319526.9127395,0.0,events.out.tfevents.1789319519.zzx23457-System-Product-Name.1927599.0
Episode_Reward/terminal_support_floor_route_brake,92150,1789319520.7557106,0.0,events.out.tfevents.1789319519.zzx23457-System-Product-Name.1927599.0
Episode_Reward/terminal_support_floor_route_brake,92151,1789319521.7924066,0.0,events.out.tfevents.1789319519.zzx23457-System-Product-Name.1927599.0
Episode_Reward/terminal_support_floor_route_brake,92152,1789319522.5856192,0.0,events.out.tfevents.1789319519.zzx23457-System-Product-Name.1927599.0
Episode_Reward/terminal_support_floor_route_brake,92153,1789319523.4018939,0.0,events.out.tfevents.1789319519.zzx23457-System-Product-Name.1927599.0
Episode_Reward/terminal_support_floor_route_brake,92154,1789319524.217552,0.0,events.out.tfevents.1789319519.zzx23457-System-Product-Name.1927599.0
Episode_Reward/terminal_support_floor_route_brake,92155,1789319525.0185997,0.0,events.out.tfevents.1789319519.zzx23457-System-Product-Name.1927599.0
Episode_Reward/terminal_support_floor_route_brake,92156,1789319526.096579,0.0,events.out.tfevents.1789319519.zzx23457-System-Product-Name.1927599.0
Episode_Reward/terminal_support_floor_route_brake,92157,1789319526.912324,0.0,events.out.tfevents.1789319519.zzx23457-System-Product-Name.1927599.0
Episode_Reward/termination,92150,1789319520.7498863,0.0,events.out.tfevents.1789319519.zzx23457-System-Product-Name.1927599.0
Episode_Reward/termination,92151,1789319521.787574,0.0,events.out.tfevents.1789319519.zzx23457-System-Product-Name.1927599.0
Episode_Reward/termination,92152,1789319522.580821,0.0,events.out.tfevents.1789319519.zzx23457-System-Product-Name.1927599.0
Episode_Reward/termination,92153,1789319523.397664,-0.01302083395421505,events.out.tfevents.1789319519.zzx23457-System-Product-Name.1927599.0
Episode_Reward/termination,92154,1789319524.2133536,-0.0182291679084301,events.out.tfevents.1789319519.zzx23457-System-Product-Name.1927599.0
Episode_Reward/termination,92155,1789319525.0142105,0.0,events.out.tfevents.1789319519.zzx23457-System-Product-Name.1927599.0
Episode_Reward/termination,92156,1789319526.0924404,0.0,events.out.tfevents.1789319519.zzx23457-System-Product-Name.1927599.0
Episode_Reward/termination,92157,1789319526.9079847,-0.0182291679084301,events.out.tfevents.1789319519.zzx23457-System-Product-Name.1927599.0
Episode_Reward/tgmp_contact_force,92150,1789319520.7493901,-0.00029814528534188867,events.out.tfevents.1789319519.zzx23457-System-Product-Name.1927599.0
Episode_Reward/tgmp_contact_force,92151,1789319521.7870946,-0.001967326272279024,events.out.tfevents.1789319519.zzx23457-System-Product-Name.1927599.0
Episode_Reward/tgmp_contact_force,92152,1789319522.5803492,-0.001828047796152532,events.out.tfevents.1789319519.zzx23457-System-Product-Name.1927599.0
Episode_Reward/tgmp_contact_force,92153,1789319523.3972566,-0.01964941993355751,events.out.tfevents.1789319519.zzx23457-System-Product-Name.1927599.0
Episode_Reward/tgmp_contact_force,92154,1789319524.2127109,-0.008046094328165054,events.out.tfevents.1789319519.zzx23457-System-Product-Name.1927599.0
Episode_Reward/tgmp_contact_force,92155,1789319525.0138063,-0.0034698841627687216,events.out.tfevents.1789319519.zzx23457-System-Product-Name.1927599.0
Episode_Reward/tgmp_contact_force,92156,1789319526.0920408,-0.0067688412964344025,events.out.tfevents.1789319519.zzx23457-System-Product-Name.1927599.0
Episode_Reward/tgmp_contact_force,92157,1789319526.9075725,-0.012928945943713188,events.out.tfevents.1789319519.zzx23457-System-Product-Name.1927599.0
Episode_Reward/tgmp_sole_support,92150,1789319520.7497165,-4.245503504307635e-08,events.out.tfevents.1789319519.zzx23457-System-Product-Name.1927599.0
Episode_Reward/tgmp_sole_support,92151,1789319521.787415,-1.6074619679784519e-07,events.out.tfevents.1789319519.zzx23457-System-Product-Name.1927599.0
Episode_Reward/tgmp_sole_support,92152,1789319522.5806515,-1.0111482140473527e-07,events.out.tfevents.1789319519.zzx23457-System-Product-Name.1927599.0
Episode_Reward/tgmp_sole_support,92153,1789319523.3975286,-0.36207419633865356,events.out.tfevents.1789319519.zzx23457-System-Product-Name.1927599.0
Episode_Reward/tgmp_sole_support,92154,1789319524.212978,-0.2527373731136322,events.out.tfevents.1789319519.zzx23457-System-Product-Name.1927599.0
Episode_Reward/tgmp_sole_support,92155,1789319525.0140738,-0.0008488261373713613,events.out.tfevents.1789319519.zzx23457-System-Product-Name.1927599.0
Episode_Reward/tgmp_sole_support,92156,1789319526.092309,-0.012887696735560894,events.out.tfevents.1789319519.zzx23457-System-Product-Name.1927599.0
Episode_Reward/tgmp_sole_support,92157,1789319526.907848,-0.10164033621549606,events.out.tfevents.1789319519.zzx23457-System-Product-Name.1927599.0
Episode_Reward/tgmp_toe_clearance,92150,1789319520.7495508,0.0,events.out.tfevents.1789319519.zzx23457-System-Product-Name.1927599.0
Episode_Reward/tgmp_toe_clearance,92151,1789319521.787254,0.0,events.out.tfevents.1789319519.zzx23457-System-Product-Name.1927599.0
Episode_Reward/tgmp_toe_clearance,92152,1789319522.5805023,0.0,events.out.tfevents.1789319519.zzx23457-System-Product-Name.1927599.0
Episode_Reward/tgmp_toe_clearance,92153,1789319523.3973918,-0.006054065655916929,events.out.tfevents.1789319519.zzx23457-System-Product-Name.1927599.0
Episode_Reward/tgmp_toe_clearance,92154,1789319524.2128425,-0.0005807888228446245,events.out.tfevents.1789319519.zzx23457-System-Product-Name.1927599.0
Episode_Reward/tgmp_toe_clearance,92155,1789319525.013941,-0.0009586899541318417,events.out.tfevents.1789319519.zzx23457-System-Product-Name.1927599.0
Episode_Reward/tgmp_toe_clearance,92156,1789319526.092176,-0.004595497157424688,events.out.tfevents.1789319519.zzx23457-System-Product-Name.1927599.0
Episode_Reward/tgmp_toe_clearance,92157,1789319526.9077094,-0.004550902172923088,events.out.tfevents.1789319519.zzx23457-System-Product-Name.1927599.0
Episode_Reward/undesired_contacts,92150,1789319520.7470174,0.0,events.out.tfevents.1789319519.zzx23457-System-Product-Name.1927599.0
Episode_Reward/undesired_contacts,92151,1789319521.784707,0.0,events.out.tfevents.1789319519.zzx23457-System-Product-Name.1927599.0
Episode_Reward/undesired_contacts,92152,1789319522.577964,0.0,events.out.tfevents.1789319519.zzx23457-System-Product-Name.1927599.0
Episode_Reward/undesired_contacts,92153,1789319523.395182,0.0,events.out.tfevents.1789319519.zzx23457-System-Product-Name.1927599.0
Episode_Reward/undesired_contacts,92154,1789319524.2106874,0.0,events.out.tfevents.1789319519.zzx23457-System-Product-Name.1927599.0
Episode_Reward/undesired_contacts,92155,1789319525.0117795,0.0,events.out.tfevents.1789319519.zzx23457-System-Product-Name.1927599.0
Episode_Reward/undesired_contacts,92156,1789319526.0900202,0.0,events.out.tfevents.1789319519.zzx23457-System-Product-Name.1927599.0
Episode_Reward/undesired_contacts,92157,1789319526.9052176,0.0,events.out.tfevents.1789319519.zzx23457-System-Product-Name.1927599.0
Episode_Termination/anchor_ori,92150,1789319520.7635179,0.0,events.out.tfevents.1789319519.zzx23457-System-Product-Name.1927599.0
Episode_Termination/anchor_ori,92151,1789319521.8161948,0.0,events.out.tfevents.1789319519.zzx23457-System-Product-Name.1927599.0
Episode_Termination/anchor_ori,92152,1789319522.6094682,0.0,events.out.tfevents.1789319519.zzx23457-System-Product-Name.1927599.0
Episode_Termination/anchor_ori,92153,1789319523.4247098,0.1666666716337204,events.out.tfevents.1789319519.zzx23457-System-Product-Name.1927599.0
Episode_Termination/anchor_ori,92154,1789319524.2403286,0.2916666865348816,events.out.tfevents.1789319519.zzx23457-System-Product-Name.1927599.0
Episode_Termination/anchor_ori,92155,1789319525.041306,0.0,events.out.tfevents.1789319519.zzx23457-System-Product-Name.1927599.0
Episode_Termination/anchor_ori,92156,1789319526.1194537,0.0,events.out.tfevents.1789319519.zzx23457-System-Product-Name.1927599.0
Episode_Termination/anchor_ori,92157,1789319526.935834,0.125,events.out.tfevents.1789319519.zzx23457-System-Product-Name.1927599.0
Episode_Termination/anchor_pos,92150,1789319520.7632256,0.0,events.out.tfevents.1789319519.zzx23457-System-Product-Name.1927599.0
Episode_Termination/anchor_pos,92151,1789319521.815916,0.0,events.out.tfevents.1789319519.zzx23457-System-Product-Name.1927599.0
Episode_Termination/anchor_pos,92152,1789319522.6091695,0.0,events.out.tfevents.1789319519.zzx23457-System-Product-Name.1927599.0
Episode_Termination/anchor_pos,92153,1789319523.4244437,0.0,events.out.tfevents.1789319519.zzx23457-System-Product-Name.1927599.0
Episode_Termination/anchor_pos,92154,1789319524.2400482,0.0,events.out.tfevents.1789319519.zzx23457-System-Product-Name.1927599.0
Episode_Termination/anchor_pos,92155,1789319525.0410278,0.0,events.out.tfevents.1789319519.zzx23457-System-Product-Name.1927599.0
Episode_Termination/anchor_pos,92156,1789319526.1191695,0.0,events.out.tfevents.1789319519.zzx23457-System-Product-Name.1927599.0
Episode_Termination/anchor_pos,92157,1789319526.935554,0.0416666679084301,events.out.tfevents.1789319519.zzx23457-System-Product-Name.1927599.0
Episode_Termination/ee_body_pos,92150,1789319520.7638178,0.0,events.out.tfevents.1789319519.zzx23457-System-Product-Name.1927599.0
Episode_Termination/ee_body_pos,92151,1789319521.8164675,0.0,events.out.tfevents.1789319519.zzx23457-System-Product-Name.1927599.0
Episode_Termination/ee_body_pos,92152,1789319522.6097484,0.0,events.out.tfevents.1789319519.zzx23457-System-Product-Name.1927599.0
Episode_Termination/ee_body_pos,92153,1789319523.4249852,0.0,events.out.tfevents.1789319519.zzx23457-System-Product-Name.1927599.0
Episode_Termination/ee_body_pos,92154,1789319524.2405949,0.0,events.out.tfevents.1789319519.zzx23457-System-Product-Name.1927599.0
Episode_Termination/ee_body_pos,92155,1789319525.0415823,0.0,events.out.tfevents.1789319519.zzx23457-System-Product-Name.1927599.0
Episode_Termination/ee_body_pos,92156,1789319526.1199985,0.0,events.out.tfevents.1789319519.zzx23457-System-Product-Name.1927599.0
Episode_Termination/ee_body_pos,92157,1789319526.936102,0.0,events.out.tfevents.1789319519.zzx23457-System-Product-Name.1927599.0
Episode_Termination/time_out,92150,1789319520.7629263,0.125,events.out.tfevents.1789319519.zzx23457-System-Product-Name.1927599.0
Episode_Termination/time_out,92151,1789319521.8156357,1.0,events.out.tfevents.1789319519.zzx23457-System-Product-Name.1927599.0
Episode_Termination/time_out,92152,1789319522.6088579,1.0,events.out.tfevents.1789319519.zzx23457-System-Product-Name.1927599.0
Episode_Termination/time_out,92153,1789319523.4241505,0.9583333730697632,events.out.tfevents.1789319519.zzx23457-System-Product-Name.1927599.0
Episode_Termination/time_out,92154,1789319524.2397792,1.0,events.out.tfevents.1789319519.zzx23457-System-Product-Name.1927599.0
Episode_Termination/time_out,92155,1789319525.0407548,1.0,events.out.tfevents.1789319519.zzx23457-System-Product-Name.1927599.0
Episode_Termination/time_out,92156,1789319526.1189024,1.0,events.out.tfevents.1789319519.zzx23457-System-Product-Name.1927599.0
Episode_Termination/time_out,92157,1789319526.9352837,0.875,events.out.tfevents.1789319519.zzx23457-System-Product-Name.1927599.0
Loss/constraint_cost_budget,92150,1789319520.7643359,0.019999999552965164,events.out.tfevents.1789319519.zzx23457-System-Product-Name.1927599.0
Loss/constraint_cost_budget,92151,1789319521.8168058,0.019999999552965164,events.out.tfevents.1789319519.zzx23457-System-Product-Name.1927599.0
Loss/constraint_cost_budget,92152,1789319522.6101105,0.019999999552965164,events.out.tfevents.1789319519.zzx23457-System-Product-Name.1927599.0
Loss/constraint_cost_budget,92153,1789319523.4253337,0.019999999552965164,events.out.tfevents.1789319519.zzx23457-System-Product-Name.1927599.0
Loss/constraint_cost_budget,92154,1789319524.240948,0.019999999552965164,events.out.tfevents.1789319519.zzx23457-System-Product-Name.1927599.0
Loss/constraint_cost_budget,92155,1789319525.041936,0.019999999552965164,events.out.tfevents.1789319519.zzx23457-System-Product-Name.1927599.0
Loss/constraint_cost_budget,92156,1789319526.12035,0.019999999552965164,events.out.tfevents.1789319519.zzx23457-System-Product-Name.1927599.0
Loss/constraint_cost_budget,92157,1789319526.9364667,0.019999999552965164,events.out.tfevents.1789319519.zzx23457-System-Product-Name.1927599.0
Loss/constraint_cost_error,92150,1789319520.76433,0.04586086794734001,events.out.tfevents.1789319519.zzx23457-System-Product-Name.1927599.0
Loss/constraint_cost_error,92151,1789319521.8167887,0.03735310584306717,events.out.tfevents.1789319519.zzx23457-System-Product-Name.1927599.0
Loss/constraint_cost_error,92152,1789319522.6100934,0.019284892827272415,events.out.tfevents.1789319519.zzx23457-System-Product-Name.1927599.0
Loss/constraint_cost_error,92153,1789319523.425317,0.007731672376394272,events.out.tfevents.1789319519.zzx23457-System-Product-Name.1927599.0
Loss/constraint_cost_error,92154,1789319524.2409296,0.005177313461899757,events.out.tfevents.1789319519.zzx23457-System-Product-Name.1927599.0
Loss/constraint_cost_error,92155,1789319525.041918,0.0015625152736902237,events.out.tfevents.1789319519.zzx23457-System-Product-Name.1927599.0
Loss/constraint_cost_error,92156,1789319526.1203322,-0.0049057211726903915,events.out.tfevents.1789319519.zzx23457-System-Product-Name.1927599.0
Loss/constraint_cost_error,92157,1789319526.9364479,-0.00035497546195983887,events.out.tfevents.1789319519.zzx23457-System-Product-Name.1927599.0
Loss/constraint_cost_value,92150,1789319520.7641256,3.177088499069214,events.out.tfevents.1789319519.zzx23457-System-Product-Name.1927599.0
Loss/constraint_cost_value,92151,1789319521.8166938,2.8594141006469727,events.out.tfevents.1789319519.zzx23457-System-Product-Name.1927599.0
Loss/constraint_cost_value,92152,1789319522.609983,1.6838663816452026,events.out.tfevents.1789319519.zzx23457-System-Product-Name.1927599.0
Loss/constraint_cost_value,92153,1789319523.4252048,0.9790322184562683,events.out.tfevents.1789319519.zzx23457-System-Product-Name.1927599.0
Loss/constraint_cost_value,92154,1789319524.2408168,1.153032898902893,events.out.tfevents.1789319519.zzx23457-System-Product-Name.1927599.0
Loss/constraint_cost_value,92155,1789319525.041801,0.7062087655067444,events.out.tfevents.1789319519.zzx23457-System-Product-Name.1927599.0
Loss/constraint_cost_value,92156,1789319526.1202197,0.5975187420845032,events.out.tfevents.1789319519.zzx23457-System-Product-Name.1927599.0
Loss/constraint_cost_value,92157,1789319526.9363275,0.7433894872665405,events.out.tfevents.1789319519.zzx23457-System-Product-Name.1927599.0
Loss/constraint_dual_integral,92150,1789319520.7642891,0.05091721937060356,events.out.tfevents.1789319519.zzx23457-System-Product-Name.1927599.0
Loss/constraint_dual_integral,92151,1789319521.816772,0.05166428163647652,events.out.tfevents.1789319519.zzx23457-System-Product-Name.1927599.0
Loss/constraint_dual_integral,92152,1789319522.6100762,0.05204997956752777,events.out.tfevents.1789319519.zzx23457-System-Product-Name.1927599.0
Loss/constraint_dual_integral,92153,1789319523.4253001,0.05220461264252663,events.out.tfevents.1789319519.zzx23457-System-Product-Name.1927599.0
Loss/constraint_dual_integral,92154,1789319524.2409108,0.052308157086372375,events.out.tfevents.1789319519.zzx23457-System-Product-Name.1927599.0
Loss/constraint_dual_integral,92155,1789319525.041898,0.05233940854668617,events.out.tfevents.1789319519.zzx23457-System-Product-Name.1927599.0
Loss/constraint_dual_integral,92156,1789319526.1203144,0.05224129557609558,events.out.tfevents.1789319519.zzx23457-System-Product-Name.1927599.0
Loss/constraint_dual_integral,92157,1789319526.9364257,0.05223419517278671,events.out.tfevents.1789319519.zzx23457-System-Product-Name.1927599.0
Loss/constraint_dual_multiplier,92150,1789319520.7642593,0.10136417299509048,events.out.tfevents.1789319519.zzx23457-System-Product-Name.1927599.0
Loss/constraint_dual_multiplier,92151,1789319521.8167562,0.08816661685705185,events.out.tfevents.1789319519.zzx23457-System-Product-Name.1927599.0
Loss/constraint_dual_multiplier,92152,1789319522.6100566,0.06952805072069168,events.out.tfevents.1789319519.zzx23457-System-Product-Name.1927599.0
Loss/constraint_dual_multiplier,92153,1789319523.4252827,0.058780964463949203,events.out.tfevents.1789319519.zzx23457-System-Product-Name.1927599.0
Loss/constraint_dual_multiplier,92154,1789319524.2408922,0.05723003298044205,events.out.tfevents.1789319519.zzx23457-System-Product-Name.1927599.0
Loss/constraint_dual_multiplier,92155,1789319525.041875,0.05354044586420059,events.out.tfevents.1789319519.zzx23457-System-Product-Name.1927599.0
Loss/constraint_dual_multiplier,92156,1789319526.120296,0.0466887503862381,events.out.tfevents.1789319519.zzx23457-System-Product-Name.1927599.0
Loss/constraint_dual_multiplier,92157,1789319526.9364204,0.052334293723106384,events.out.tfevents.1789319519.zzx23457-System-Product-Name.1927599.0
Loss/constraint_mean_raw_step_cost,92150,1789319520.7641578,0.04904210567474365,events.out.tfevents.1789319519.zzx23457-System-Product-Name.1927599.0
Loss/constraint_mean_raw_step_cost,92151,1789319521.8166995,0.043716903775930405,events.out.tfevents.1789319519.zzx23457-System-Product-Name.1927599.0
Loss/constraint_mean_raw_step_cost,92152,1789319522.6100013,0.027661360800266266,events.out.tfevents.1789319519.zzx23457-System-Product-Name.1927599.0
Loss/constraint_mean_raw_step_cost,92153,1789319523.4252238,0.017656266689300537,events.out.tfevents.1789319519.zzx23457-System-Product-Name.1927599.0
Loss/constraint_mean_raw_step_cost,92154,1789319524.2408357,0.018630757927894592,events.out.tfevents.1789319519.zzx23457-System-Product-Name.1927599.0
Loss/constraint_mean_raw_step_cost,92155,1789319525.0418189,0.013505744747817516,events.out.tfevents.1789319519.zzx23457-System-Product-Name.1927599.0
Loss/constraint_mean_raw_step_cost,92156,1789319526.1202388,0.009164761751890182,events.out.tfevents.1789319519.zzx23457-System-Product-Name.1927599.0
Loss/constraint_mean_raw_step_cost,92157,1789319526.9363477,0.013996521942317486,events.out.tfevents.1789319519.zzx23457-System-Product-Name.1927599.0
Loss/constraint_mean_return,92150,1789319520.7642255,0.5379645824432373,events.out.tfevents.1789319519.zzx23457-System-Product-Name.1927599.0
Loss/constraint_mean_return,92151,1789319521.8167348,0.4655177593231201,events.out.tfevents.1789319519.zzx23457-System-Product-Name.1927599.0
Loss/constraint_mean_return,92152,1789319522.610038,0.31921499967575073,events.out.tfevents.1789319519.zzx23457-System-Product-Name.1927599.0
Loss/constraint_mean_return,92153,1789319523.4252632,0.23637406527996063,events.out.tfevents.1789319519.zzx23457-System-Product-Name.1927599.0
Loss/constraint_mean_return,92154,1789319524.2408726,0.23041175305843353,events.out.tfevents.1789319519.zzx23457-System-Product-Name.1927599.0
Loss/constraint_mean_return,92155,1789319525.0418558,0.20650920271873474,events.out.tfevents.1789319519.zzx23457-System-Product-Name.1927599.0
Loss/constraint_mean_return,92156,1789319526.120277,0.22757714986801147,events.out.tfevents.1789319519.zzx23457-System-Product-Name.1927599.0
Loss/constraint_mean_return,92157,1789319526.9363894,0.2723727226257324,events.out.tfevents.1789319519.zzx23457-System-Product-Name.1927599.0
Loss/constraint_mean_step_cost,92150,1789319520.7641938,0.06586086750030518,events.out.tfevents.1789319519.zzx23457-System-Product-Name.1927599.0
Loss/constraint_mean_step_cost,92151,1789319521.816717,0.05735310539603233,events.out.tfevents.1789319519.zzx23457-System-Product-Name.1927599.0
Loss/constraint_mean_step_cost,92152,1789319522.6100194,0.03928489238023758,events.out.tfevents.1789319519.zzx23457-System-Product-Name.1927599.0
Loss/constraint_mean_step_cost,92153,1789319523.425245,0.027731671929359436,events.out.tfevents.1789319519.zzx23457-System-Product-Name.1927599.0
Loss/constraint_mean_step_cost,92154,1789319524.2408533,0.02517731301486492,events.out.tfevents.1789319519.zzx23457-System-Product-Name.1927599.0
Loss/constraint_mean_step_cost,92155,1789319525.0418363,0.021562514826655388,events.out.tfevents.1789319519.zzx23457-System-Product-Name.1927599.0
Loss/constraint_mean_step_cost,92156,1789319526.120258,0.015094278380274773,events.out.tfevents.1789319519.zzx23457-System-Product-Name.1927599.0
Loss/constraint_mean_step_cost,92157,1789319526.936367,0.019645024091005325,events.out.tfevents.1789319519.zzx23457-System-Product-Name.1927599.0
Loss/constraint_segment_replay_scale,92150,1789319520.7643666,0.25,events.out.tfevents.1789319519.zzx23457-System-Product-Name.1927599.0
Loss/constraint_segment_replay_scale,92151,1789319521.8168237,0.25,events.out.tfevents.1789319519.zzx23457-System-Product-Name.1927599.0
Loss/constraint_segment_replay_scale,92152,1789319522.6101296,0.25,events.out.tfevents.1789319519.zzx23457-System-Product-Name.1927599.0
Loss/constraint_segment_replay_scale,92153,1789319523.4253519,0.25,events.out.tfevents.1789319519.zzx23457-System-Product-Name.1927599.0
Loss/constraint_segment_replay_scale,92154,1789319524.2409675,0.25,events.out.tfevents.1789319519.zzx23457-System-Product-Name.1927599.0
Loss/constraint_segment_replay_scale,92155,1789319525.041956,0.25,events.out.tfevents.1789319519.zzx23457-System-Product-Name.1927599.0
Loss/constraint_segment_replay_scale,92156,1789319526.1203692,0.25,events.out.tfevents.1789319519.zzx23457-System-Product-Name.1927599.0
Loss/constraint_segment_replay_scale,92157,1789319526.9364872,0.25,events.out.tfevents.1789319519.zzx23457-System-Product-Name.1927599.0
Loss/entropy,92150,1789319520.763907,-67.31332397460938,events.out.tfevents.1789319519.zzx23457-System-Product-Name.1927599.0
Loss/entropy,92151,1789319521.8165288,-67.31356048583984,events.out.tfevents.1789319519.zzx23457-System-Product-Name.1927599.0
Loss/entropy,92152,1789319522.6098166,-67.313720703125,events.out.tfevents.1789319519.zzx23457-System-Product-Name.1927599.0
Loss/entropy,92153,1789319523.4250453,-67.31392669677734,events.out.tfevents.1789319519.zzx23457-System-Product-Name.1927599.0
Loss/entropy,92154,1789319524.2406588,-67.31420135498047,events.out.tfevents.1789319519.zzx23457-System-Product-Name.1927599.0
Loss/entropy,92155,1789319525.041639,-67.31428527832031,events.out.tfevents.1789319519.zzx23457-System-Product-Name.1927599.0
Loss/entropy,92156,1789319526.1200593,-67.31416320800781,events.out.tfevents.1789319519.zzx23457-System-Product-Name.1927599.0
Loss/entropy,92157,1789319526.9361603,-67.3139877319336,events.out.tfevents.1789319519.zzx23457-System-Product-Name.1927599.0
Loss/learning_rate,92150,1789319520.7644005,4.999999987376214e-07,events.out.tfevents.1789319519.zzx23457-System-Product-Name.1927599.0
Loss/learning_rate,92151,1789319521.816853,4.999999987376214e-07,events.out.tfevents.1789319519.zzx23457-System-Product-Name.1927599.0
Loss/learning_rate,92152,1789319522.6101482,4.999999987376214e-07,events.out.tfevents.1789319519.zzx23457-System-Product-Name.1927599.0
Loss/learning_rate,92153,1789319523.4253702,4.999999987376214e-07,events.out.tfevents.1789319519.zzx23457-System-Product-Name.1927599.0
Loss/learning_rate,92154,1789319524.2409875,4.999999987376214e-07,events.out.tfevents.1789319519.zzx23457-System-Product-Name.1927599.0
Loss/learning_rate,92155,1789319525.0419753,4.999999987376214e-07,events.out.tfevents.1789319519.zzx23457-System-Product-Name.1927599.0
Loss/learning_rate,92156,1789319526.120388,4.999999987376214e-07,events.out.tfevents.1789319519.zzx23457-System-Product-Name.1927599.0
Loss/learning_rate,92157,1789319526.936508,4.999999987376214e-07,events.out.tfevents.1789319519.zzx23457-System-Product-Name.1927599.0
Loss/policy_kl,92150,1789319520.7640338,0.0004012282006442547,events.out.tfevents.1789319519.zzx23457-System-Product-Name.1927599.0
Loss/policy_kl,92151,1789319521.81661,0.0004364241030998528,events.out.tfevents.1789319519.zzx23457-System-Product-Name.1927599.0
Loss/policy_kl,92152,1789319522.609907,0.00041161885019391775,events.out.tfevents.1789319519.zzx23457-System-Product-Name.1927599.0
Loss/policy_kl,92153,1789319523.425128,0.00044651568168774247,events.out.tfevents.1789319519.zzx23457-System-Product-Name.1927599.0
Loss/policy_kl,92154,1789319524.2407427,0.00040407857159152627,events.out.tfevents.1789319519.zzx23457-System-Product-Name.1927599.0
Loss/policy_kl,92155,1789319525.0417252,0.0005190817173570395,events.out.tfevents.1789319519.zzx23457-System-Product-Name.1927599.0
Loss/policy_kl,92156,1789319526.1201413,0.00046941323671489954,events.out.tfevents.1789319519.zzx23457-System-Product-Name.1927599.0
Loss/policy_kl,92157,1789319526.936246,0.00045039562974125147,events.out.tfevents.1789319519.zzx23457-System-Product-Name.1927599.0
Loss/student_std_anchor,92150,1789319520.7639542,3.5317097011634824e-13,events.out.tfevents.1789319519.zzx23457-System-Product-Name.1927599.0
Loss/student_std_anchor,92151,1789319521.8165727,1.395981420737602e-12,events.out.tfevents.1789319519.zzx23457-System-Product-Name.1927599.0
Loss/student_std_anchor,92152,1789319522.6098607,2.4439957436311888e-12,events.out.tfevents.1789319519.zzx23457-System-Product-Name.1927599.0
Loss/student_std_anchor,92153,1789319523.425089,3.924651402475998e-12,events.out.tfevents.1789319519.zzx23457-System-Product-Name.1927599.0
Loss/student_std_anchor,92154,1789319524.240702,5.707815296795982e-12,events.out.tfevents.1789319519.zzx23457-System-Product-Name.1927599.0
Loss/student_std_anchor,92155,1789319525.0416825,7.893422894478253e-12,events.out.tfevents.1789319519.zzx23457-System-Product-Name.1927599.0
Loss/student_std_anchor,92156,1789319526.1201024,9.986416207863336e-12,events.out.tfevents.1789319519.zzx23457-System-Product-Name.1927599.0
Loss/student_std_anchor,92157,1789319526.9362073,1.1628456010603916e-11,events.out.tfevents.1789319519.zzx23457-System-Product-Name.1927599.0
Loss/surrogate,92150,1789319520.763901,0.0008549064514227211,events.out.tfevents.1789319519.zzx23457-System-Product-Name.1927599.0
Loss/surrogate,92151,1789319521.8165228,0.0011164747411385179,events.out.tfevents.1789319519.zzx23457-System-Product-Name.1927599.0
Loss/surrogate,92152,1789319522.60981,0.0013400469906628132,events.out.tfevents.1789319519.zzx23457-System-Product-Name.1927599.0
Loss/surrogate,92153,1789319523.4250388,0.001474345219321549,events.out.tfevents.1789319519.zzx23457-System-Product-Name.1927599.0
Loss/surrogate,92154,1789319524.2406526,0.0008914920617826283,events.out.tfevents.1789319519.zzx23457-System-Product-Name.1927599.0
Loss/surrogate,92155,1789319525.0416331,0.0015090643428266048,events.out.tfevents.1789319519.zzx23457-System-Product-Name.1927599.0
Loss/surrogate,92156,1789319526.1200533,0.0008842628449201584,events.out.tfevents.1789319519.zzx23457-System-Product-Name.1927599.0
Loss/surrogate,92157,1789319526.9361544,0.0010928052943199873,events.out.tfevents.1789319519.zzx23457-System-Product-Name.1927599.0
Loss/teacher_action,92150,1789319520.7639127,6.827967527925989e-16,events.out.tfevents.1789319519.zzx23457-System-Product-Name.1927599.0
Loss/teacher_action,92151,1789319521.8165345,3.0915321911077938e-15,events.out.tfevents.1789319519.zzx23457-System-Product-Name.1927599.0
Loss/teacher_action,92152,1789319522.6098223,7.348446192365944e-15,events.out.tfevents.1789319519.zzx23457-System-Product-Name.1927599.0
Loss/teacher_action,92153,1789319523.425051,1.2188101073643161e-14,events.out.tfevents.1789319519.zzx23457-System-Product-Name.1927599.0
Loss/teacher_action,92154,1789319524.240664,1.8860928376290657e-14,events.out.tfevents.1789319519.zzx23457-System-Product-Name.1927599.0
Loss/teacher_action,92155,1789319525.0416446,2.2491608049754128e-14,events.out.tfevents.1789319519.zzx23457-System-Product-Name.1927599.0
Loss/teacher_action,92156,1789319526.1200645,2.1565626549618043e-14,events.out.tfevents.1789319519.zzx23457-System-Product-Name.1927599.0
Loss/teacher_action,92157,1789319526.9361663,1.80964049084284e-14,events.out.tfevents.1789319519.zzx23457-System-Product-Name.1927599.0
Loss/teacher_action_max_rmse,92150,1789319520.7639296,7.352424802320456e-08,events.out.tfevents.1789319519.zzx23457-System-Product-Name.1927599.0
Loss/teacher_action_max_rmse,92151,1789319521.8165512,1.722397797720987e-07,events.out.tfevents.1789319519.zzx23457-System-Product-Name.1927599.0
Loss/teacher_action_max_rmse,92152,1789319522.6098385,2.445400468786829e-07,events.out.tfevents.1789319519.zzx23457-System-Product-Name.1927599.0
Loss/teacher_action_max_rmse,92153,1789319523.425067,3.383163118542143e-07,events.out.tfevents.1789319519.zzx23457-System-Product-Name.1927599.0
Loss/teacher_action_max_rmse,92154,1789319524.2406805,4.018531853944296e-07,events.out.tfevents.1789319519.zzx23457-System-Product-Name.1927599.0
Loss/teacher_action_max_rmse,92155,1789319525.041661,4.1635198044787103e-07,events.out.tfevents.1789319519.zzx23457-System-Product-Name.1927599.0
Loss/teacher_action_max_rmse,92156,1789319526.120081,4.033449272355938e-07,events.out.tfevents.1789319519.zzx23457-System-Product-Name.1927599.0
Loss/teacher_action_max_rmse,92157,1789319526.9361856,4.516419096489699e-07,events.out.tfevents.1789319519.zzx23457-System-Product-Name.1927599.0
Loss/teacher_action_rmse,92150,1789319520.7639353,2.2042707215064183e-08,events.out.tfevents.1789319519.zzx23457-System-Product-Name.1927599.0
Loss/teacher_action_rmse,92151,1789319521.8165565,5.5064752757516544e-08,events.out.tfevents.1789319519.zzx23457-System-Product-Name.1927599.0
Loss/teacher_action_rmse,92152,1789319522.609844,8.533971396218476e-08,events.out.tfevents.1789319519.zzx23457-System-Product-Name.1927599.0
Loss/teacher_action_rmse,92153,1789319523.4250724,1.1023352897154837e-07,events.out.tfevents.1789319519.zzx23457-System-Product-Name.1927599.0
Loss/teacher_action_rmse,92154,1789319524.2406855,1.37182667003799e-07,events.out.tfevents.1789319519.zzx23457-System-Product-Name.1927599.0
Loss/teacher_action_rmse,92155,1789319525.0416663,1.4996940933542646e-07,events.out.tfevents.1789319519.zzx23457-System-Product-Name.1927599.0
Loss/teacher_action_rmse,92156,1789319526.1200862,1.467113861508551e-07,events.out.tfevents.1789319519.zzx23457-System-Product-Name.1927599.0
Loss/teacher_action_rmse,92157,1789319526.9361906,1.343825744015703e-07,events.out.tfevents.1789319519.zzx23457-System-Product-Name.1927599.0
Loss/teacher_action_tail,92150,1789319520.7639186,6.6128704989925745e-15,events.out.tfevents.1789319519.zzx23457-System-Product-Name.1927599.0
Loss/teacher_action_tail,92151,1789319521.8165402,2.364065906468142e-14,events.out.tfevents.1789319519.zzx23457-System-Product-Name.1927599.0
Loss/teacher_action_tail,92152,1789319522.6098278,4.338542396978458e-14,events.out.tfevents.1789319519.zzx23457-System-Product-Name.1927599.0
Loss/teacher_action_tail,92153,1789319523.4250562,8.004030381189575e-14,events.out.tfevents.1789319519.zzx23457-System-Product-Name.1927599.0
Loss/teacher_action_tail,92154,1789319524.2406697,1.3197487536403124e-13,events.out.tfevents.1789319519.zzx23457-System-Product-Name.1927599.0
Loss/teacher_action_tail,92155,1789319525.04165,1.374774724399383e-13,events.out.tfevents.1789319519.zzx23457-System-Product-Name.1927599.0
Loss/teacher_action_tail,92156,1789319526.1200702,1.3748248687498604e-13,events.out.tfevents.1789319519.zzx23457-System-Product-Name.1927599.0
Loss/teacher_action_tail,92157,1789319526.936172,1.672506940884541e-13,events.out.tfevents.1789319519.zzx23457-System-Product-Name.1927599.0
Loss/teacher_action_tail_rmse,92150,1789319520.7639241,6.837377952706447e-08,events.out.tfevents.1789319519.zzx23457-System-Product-Name.1927599.0
Loss/teacher_action_tail_rmse,92151,1789319521.8165457,1.525783801525904e-07,events.out.tfevents.1789319519.zzx23457-System-Product-Name.1927599.0
Loss/teacher_action_tail_rmse,92152,1789319522.6098332,2.074911407135005e-07,events.out.tfevents.1789319519.zzx23457-System-Product-Name.1927599.0
Loss/teacher_action_tail_rmse,92153,1789319523.4250617,2.814607853451889e-07,events.out.tfevents.1789319519.zzx23457-System-Product-Name.1927599.0
Loss/teacher_action_tail_rmse,92154,1789319524.240675,3.6313636542217864e-07,events.out.tfevents.1789319519.zzx23457-System-Product-Name.1927599.0
Loss/teacher_action_tail_rmse,92155,1789319525.0416555,3.7067565017423476e-07,events.out.tfevents.1789319519.zzx23457-System-Product-Name.1927599.0
Loss/teacher_action_tail_rmse,92156,1789319526.1200755,3.7075068348713103e-07,events.out.tfevents.1789319519.zzx23457-System-Product-Name.1927599.0
Loss/teacher_action_tail_rmse,92157,1789319526.93618,4.087709157829522e-07,events.out.tfevents.1789319519.zzx23457-System-Product-Name.1927599.0
Loss/teacher_kl,92150,1789319520.7639887,2.3044391048165913e-11,events.out.tfevents.1789319519.zzx23457-System-Product-Name.1927599.0
Loss/teacher_kl,92151,1789319521.8165913,1.0433921088237597e-10,events.out.tfevents.1789319519.zzx23457-System-Product-Name.1927599.0
Loss/teacher_kl,92152,1789319522.6098847,2.480100569357546e-10,events.out.tfevents.1789319519.zzx23457-System-Product-Name.1927599.0
Loss/teacher_kl,92153,1789319523.425108,4.1134839978695936e-10,events.out.tfevents.1789319519.zzx23457-System-Product-Name.1927599.0
Loss/teacher_kl,92154,1789319524.2407222,6.365563076649039e-10,events.out.tfevents.1789319519.zzx23457-System-Product-Name.1927599.0
Loss/teacher_kl,92155,1789319525.041704,7.590917894262361e-10,events.out.tfevents.1789319519.zzx23457-System-Product-Name.1927599.0
Loss/teacher_kl,92156,1789319526.1201217,7.278398994614577e-10,events.out.tfevents.1789319519.zzx23457-System-Product-Name.1927599.0
Loss/teacher_kl,92157,1789319526.9362257,6.107536698607419e-10,events.out.tfevents.1789319519.zzx23457-System-Product-Name.1927599.0
Loss/teacher_preserved_action_rmse,92150,1789319520.763949,2.2042707215064183e-08,events.out.tfevents.1789319519.zzx23457-System-Product-Name.1927599.0
Loss/teacher_preserved_action_rmse,92151,1789319521.8165672,5.5064752757516544e-08,events.out.tfevents.1789319519.zzx23457-System-Product-Name.1927599.0
Loss/teacher_preserved_action_rmse,92152,1789319522.6098552,8.533971396218476e-08,events.out.tfevents.1789319519.zzx23457-System-Product-Name.1927599.0
Loss/teacher_preserved_action_rmse,92153,1789319523.4250832,1.1023352897154837e-07,events.out.tfevents.1789319519.zzx23457-System-Product-Name.1927599.0
Loss/teacher_preserved_action_rmse,92154,1789319524.2406967,1.37182667003799e-07,events.out.tfevents.1789319519.zzx23457-System-Product-Name.1927599.0
Loss/teacher_preserved_action_rmse,92155,1789319525.041677,1.4996940933542646e-07,events.out.tfevents.1789319519.zzx23457-System-Product-Name.1927599.0
Loss/teacher_preserved_action_rmse,92156,1789319526.120097,1.467113861508551e-07,events.out.tfevents.1789319519.zzx23457-System-Product-Name.1927599.0
Loss/teacher_preserved_action_rmse,92157,1789319526.9362016,1.343825744015703e-07,events.out.tfevents.1789319519.zzx23457-System-Product-Name.1927599.0
Loss/teacher_projected_action_rmse,92150,1789319520.76404,3.375711088438038e-08,events.out.tfevents.1789319519.zzx23457-System-Product-Name.1927599.0
Loss/teacher_projected_action_rmse,92151,1789319521.8166275,6.298433419260618e-08,events.out.tfevents.1789319519.zzx23457-System-Product-Name.1927599.0
Loss/teacher_projected_action_rmse,92152,1789319522.6099277,9.357154340250418e-08,events.out.tfevents.1789319519.zzx23457-System-Product-Name.1927599.0
Loss/teacher_projected_action_rmse,92153,1789319523.4251456,1.1731334836895257e-07,events.out.tfevents.1789319519.zzx23457-System-Product-Name.1927599.0
Loss/teacher_projected_action_rmse,92154,1789319524.2407608,1.4225619793251099e-07,events.out.tfevents.1789319519.zzx23457-System-Product-Name.1927599.0
Loss/teacher_projected_action_rmse,92155,1789319525.0417442,1.5261403518707084e-07,events.out.tfevents.1789319519.zzx23457-System-Product-Name.1927599.0
Loss/teacher_projected_action_rmse,92156,1789319526.120159,1.4860826524909498e-07,events.out.tfevents.1789319519.zzx23457-System-Product-Name.1927599.0
Loss/teacher_projected_action_rmse,92157,1789319526.9362657,1.3597139059129404e-07,events.out.tfevents.1789319519.zzx23457-System-Product-Name.1927599.0
Loss/teacher_projection_active,92150,1789319520.7641199,0.0,events.out.tfevents.1789319519.zzx23457-System-Product-Name.1927599.0
Loss/teacher_projection_active,92151,1789319521.8166635,0.0,events.out.tfevents.1789319519.zzx23457-System-Product-Name.1927599.0
Loss/teacher_projection_active,92152,1789319522.6099644,0.0,events.out.tfevents.1789319519.zzx23457-System-Product-Name.1927599.0
Loss/teacher_projection_active,92153,1789319523.4251866,0.0,events.out.tfevents.1789319519.zzx23457-System-Product-Name.1927599.0
Loss/teacher_projection_active,92154,1789319524.240798,0.0,events.out.tfevents.1789319519.zzx23457-System-Product-Name.1927599.0
Loss/teacher_projection_active,92155,1789319525.041783,0.0,events.out.tfevents.1789319519.zzx23457-System-Product-Name.1927599.0
Loss/teacher_projection_active,92156,1789319526.1202018,0.0,events.out.tfevents.1789319519.zzx23457-System-Product-Name.1927599.0
Loss/teacher_projection_active,92157,1789319526.9363074,0.0,events.out.tfevents.1789319519.zzx23457-System-Product-Name.1927599.0
Loss/teacher_projection_scale,92150,1789319520.7640727,1.0,events.out.tfevents.1789319519.zzx23457-System-Product-Name.1927599.0
Loss/teacher_projection_scale,92151,1789319521.8166456,1.0,events.out.tfevents.1789319519.zzx23457-System-Product-Name.1927599.0
Loss/teacher_projection_scale,92152,1789319522.6099458,1.0,events.out.tfevents.1789319519.zzx23457-System-Product-Name.1927599.0
Loss/teacher_projection_scale,92153,1789319523.4251635,1.0,events.out.tfevents.1789319519.zzx23457-System-Product-Name.1927599.0
Loss/teacher_projection_scale,92154,1789319524.240779,1.0,events.out.tfevents.1789319519.zzx23457-System-Product-Name.1927599.0
Loss/teacher_projection_scale,92155,1789319525.0417655,1.0,events.out.tfevents.1789319519.zzx23457-System-Product-Name.1927599.0
Loss/teacher_projection_scale,92156,1789319526.1201801,1.0,events.out.tfevents.1789319519.zzx23457-System-Product-Name.1927599.0
Loss/teacher_projection_scale,92157,1789319526.936288,1.0,events.out.tfevents.1789319519.zzx23457-System-Product-Name.1927599.0
Loss/teacher_relaxed_action_rmse,92150,1789319520.7639432,0.0,events.out.tfevents.1789319519.zzx23457-System-Product-Name.1927599.0
Loss/teacher_relaxed_action_rmse,92151,1789319521.816562,0.0,events.out.tfevents.1789319519.zzx23457-System-Product-Name.1927599.0
Loss/teacher_relaxed_action_rmse,92152,1789319522.60985,0.0,events.out.tfevents.1789319519.zzx23457-System-Product-Name.1927599.0
Loss/teacher_relaxed_action_rmse,92153,1789319523.4250777,0.0,events.out.tfevents.1789319519.zzx23457-System-Product-Name.1927599.0
Loss/teacher_relaxed_action_rmse,92154,1789319524.240691,0.0,events.out.tfevents.1789319519.zzx23457-System-Product-Name.1927599.0
Loss/teacher_relaxed_action_rmse,92155,1789319525.0416718,0.0,events.out.tfevents.1789319519.zzx23457-System-Product-Name.1927599.0
Loss/teacher_relaxed_action_rmse,92156,1789319526.1200917,0.0,events.out.tfevents.1789319519.zzx23457-System-Product-Name.1927599.0
Loss/teacher_relaxed_action_rmse,92157,1789319526.936196,0.0,events.out.tfevents.1789319519.zzx23457-System-Product-Name.1927599.0
Loss/value_function,92150,1789319520.763889,12.387311935424805,events.out.tfevents.1789319519.zzx23457-System-Product-Name.1927599.0
Loss/value_function,92151,1789319521.816514,2.9410178661346436,events.out.tfevents.1789319519.zzx23457-System-Product-Name.1927599.0
Loss/value_function,92152,1789319522.6098,1.6613194942474365,events.out.tfevents.1789319519.zzx23457-System-Product-Name.1927599.0
Loss/value_function,92153,1789319523.4250312,1.6342636346817017,events.out.tfevents.1789319519.zzx23457-System-Product-Name.1927599.0
Loss/value_function,92154,1789319524.240644,1.8779398202896118,events.out.tfevents.1789319519.zzx23457-System-Product-Name.1927599.0
Loss/value_function,92155,1789319525.0416253,2.818671226501465,events.out.tfevents.1789319519.zzx23457-System-Product-Name.1927599.0
Loss/value_function,92156,1789319526.1200447,9.787874221801758,events.out.tfevents.1789319519.zzx23457-System-Product-Name.1927599.0
Loss/value_function,92157,1789319526.9361463,1.5984830856323242,events.out.tfevents.1789319519.zzx23457-System-Product-Name.1927599.0
Metrics/motion/error_anchor_ang_vel,92150,1789319520.758806,0.031338177621364594,events.out.tfevents.1789319519.zzx23457-System-Product-Name.1927599.0
Metrics/motion/error_anchor_ang_vel,92151,1789319521.7951102,0.15448540449142456,events.out.tfevents.1789319519.zzx23457-System-Product-Name.1927599.0
Metrics/motion/error_anchor_ang_vel,92152,1789319522.5886633,0.1224120706319809,events.out.tfevents.1789319519.zzx23457-System-Product-Name.1927599.0
Metrics/motion/error_anchor_ang_vel,92153,1789319523.4046519,0.9494606852531433,events.out.tfevents.1789319519.zzx23457-System-Product-Name.1927599.0
Metrics/motion/error_anchor_ang_vel,92154,1789319524.2202864,1.0351126194000244,events.out.tfevents.1789319519.zzx23457-System-Product-Name.1927599.0
Metrics/motion/error_anchor_ang_vel,92155,1789319525.0213056,0.2982293367385864,events.out.tfevents.1789319519.zzx23457-System-Product-Name.1927599.0
Metrics/motion/error_anchor_ang_vel,92156,1789319526.099257,0.921450138092041,events.out.tfevents.1789319519.zzx23457-System-Product-Name.1927599.0
Metrics/motion/error_anchor_ang_vel,92157,1789319526.9151697,0.967698335647583,events.out.tfevents.1789319519.zzx23457-System-Product-Name.1927599.0
Metrics/motion/error_anchor_lin_vel,92150,1789319520.7585099,0.0078040240332484245,events.out.tfevents.1789319519.zzx23457-System-Product-Name.1927599.0
Metrics/motion/error_anchor_lin_vel,92151,1789319521.7948375,0.07169362157583237,events.out.tfevents.1789319519.zzx23457-System-Product-Name.1927599.0
Metrics/motion/error_anchor_lin_vel,92152,1789319522.5883777,0.07478075474500656,events.out.tfevents.1789319519.zzx23457-System-Product-Name.1927599.0
Metrics/motion/error_anchor_lin_vel,92153,1789319523.4043758,0.3598717153072357,events.out.tfevents.1789319519.zzx23457-System-Product-Name.1927599.0
Metrics/motion/error_anchor_lin_vel,92154,1789319524.2200012,0.30475810170173645,events.out.tfevents.1789319519.zzx23457-System-Product-Name.1927599.0
Metrics/motion/error_anchor_lin_vel,92155,1789319525.0210397,0.1374565213918686,events.out.tfevents.1789319519.zzx23457-System-Product-Name.1927599.0
Metrics/motion/error_anchor_lin_vel,92156,1789319526.0989778,0.22725892066955566,events.out.tfevents.1789319519.zzx23457-System-Product-Name.1927599.0
Metrics/motion/error_anchor_lin_vel,92157,1789319526.9148698,0.4300442636013031,events.out.tfevents.1789319519.zzx23457-System-Product-Name.1927599.0
Metrics/motion/error_anchor_pos,92150,1789319520.7579057,0.004256248474121094,events.out.tfevents.1789319519.zzx23457-System-Product-Name.1927599.0
Metrics/motion/error_anchor_pos,92151,1789319521.7942984,0.03042345494031906,events.out.tfevents.1789319519.zzx23457-System-Product-Name.1927599.0
Metrics/motion/error_anchor_pos,92152,1789319522.5877619,0.029214611276984215,events.out.tfevents.1789319519.zzx23457-System-Product-Name.1927599.0
Metrics/motion/error_anchor_pos,92153,1789319523.4038084,0.2952985167503357,events.out.tfevents.1789319519.zzx23457-System-Product-Name.1927599.0
Metrics/motion/error_anchor_pos,92154,1789319524.2194533,0.1780601143836975,events.out.tfevents.1789319519.zzx23457-System-Product-Name.1927599.0
Metrics/motion/error_anchor_pos,92155,1789319525.0204883,0.05282508581876755,events.out.tfevents.1789319519.zzx23457-System-Product-Name.1927599.0
Metrics/motion/error_anchor_pos,92156,1789319526.0984366,0.09786100685596466,events.out.tfevents.1789319519.zzx23457-System-Product-Name.1927599.0
Metrics/motion/error_anchor_pos,92157,1789319526.9142902,0.1527315229177475,events.out.tfevents.1789319519.zzx23457-System-Product-Name.1927599.0
Metrics/motion/error_anchor_rot,92150,1789319520.7582123,0.004929599352180958,events.out.tfevents.1789319519.zzx23457-System-Product-Name.1927599.0
Metrics/motion/error_anchor_rot,92151,1789319521.7945652,0.03413413465023041,events.out.tfevents.1789319519.zzx23457-System-Product-Name.1927599.0
Metrics/motion/error_anchor_rot,92152,1789319522.5880933,0.03236658126115799,events.out.tfevents.1789319519.zzx23457-System-Product-Name.1927599.0
Metrics/motion/error_anchor_rot,92153,1789319523.4040945,0.33428138494491577,events.out.tfevents.1789319519.zzx23457-System-Product-Name.1927599.0
Metrics/motion/error_anchor_rot,92154,1789319524.2197318,0.27225467562675476,events.out.tfevents.1789319519.zzx23457-System-Product-Name.1927599.0
Metrics/motion/error_anchor_rot,92155,1789319525.0207589,0.04267844557762146,events.out.tfevents.1789319519.zzx23457-System-Product-Name.1927599.0
Metrics/motion/error_anchor_rot,92156,1789319526.098711,0.12099768966436386,events.out.tfevents.1789319519.zzx23457-System-Product-Name.1927599.0
Metrics/motion/error_anchor_rot,92157,1789319526.9145875,0.30758383870124817,events.out.tfevents.1789319519.zzx23457-System-Product-Name.1927599.0
Metrics/motion/error_body_ang_vel,92151,1789319521.8153667,0.2911947965621948,events.out.tfevents.1789319519.zzx23457-System-Product-Name.1927599.0
Metrics/motion/error_body_ang_vel,92152,1789319522.608521,0.2925216555595398,events.out.tfevents.1789319519.zzx23457-System-Product-Name.1927599.0
Metrics/motion/error_body_ang_vel,92153,1789319523.4238815,1.4283984899520874,events.out.tfevents.1789319519.zzx23457-System-Product-Name.1927599.0
Metrics/motion/error_body_ang_vel,92154,1789319524.239503,1.0667057037353516,events.out.tfevents.1789319519.zzx23457-System-Product-Name.1927599.0
Metrics/motion/error_body_ang_vel,92155,1789319525.0404923,0.6379790306091309,events.out.tfevents.1789319519.zzx23457-System-Product-Name.1927599.0
Metrics/motion/error_body_ang_vel,92156,1789319526.1186347,1.2601802349090576,events.out.tfevents.1789319519.zzx23457-System-Product-Name.1927599.0
Metrics/motion/error_body_ang_vel,92157,1789319526.9350038,1.188567876815796,events.out.tfevents.1789319519.zzx23457-System-Product-Name.1927599.0
Metrics/motion/error_body_lin_vel,92151,1789319521.8150856,0.07435117661952972,events.out.tfevents.1789319519.zzx23457-System-Product-Name.1927599.0
Metrics/motion/error_body_lin_vel,92152,1789319522.6079857,0.07785317301750183,events.out.tfevents.1789319519.zzx23457-System-Product-Name.1927599.0
Metrics/motion/error_body_lin_vel,92153,1789319523.4236062,0.36561986804008484,events.out.tfevents.1789319519.zzx23457-System-Product-Name.1927599.0
Metrics/motion/error_body_lin_vel,92154,1789319524.2392237,0.3136058747768402,events.out.tfevents.1789319519.zzx23457-System-Product-Name.1927599.0
Metrics/motion/error_body_lin_vel,92155,1789319525.0402126,0.1743558645248413,events.out.tfevents.1789319519.zzx23457-System-Product-Name.1927599.0
Metrics/motion/error_body_lin_vel,92156,1789319526.1183653,0.3421405553817749,events.out.tfevents.1789319519.zzx23457-System-Product-Name.1927599.0
Metrics/motion/error_body_lin_vel,92157,1789319526.9347177,0.41155561804771423,events.out.tfevents.1789319519.zzx23457-System-Product-Name.1927599.0
Metrics/motion/error_body_pos,92150,1789319520.7590985,0.0029493537731468678,events.out.tfevents.1789319519.zzx23457-System-Product-Name.1927599.0
Metrics/motion/error_body_pos,92151,1789319521.7953792,0.02143385261297226,events.out.tfevents.1789319519.zzx23457-System-Product-Name.1927599.0
Metrics/motion/error_body_pos,92152,1789319522.588956,0.020713526755571365,events.out.tfevents.1789319519.zzx23457-System-Product-Name.1927599.0
Metrics/motion/error_body_pos,92153,1789319523.4049292,0.0882761999964714,events.out.tfevents.1789319519.zzx23457-System-Product-Name.1927599.0
Metrics/motion/error_body_pos,92154,1789319524.2205505,0.08290690928697586,events.out.tfevents.1789319519.zzx23457-System-Product-Name.1927599.0
Metrics/motion/error_body_pos,92155,1789319525.0215757,0.024975072592496872,events.out.tfevents.1789319519.zzx23457-System-Product-Name.1927599.0
Metrics/motion/error_body_pos,92156,1789319526.0995286,0.04777974635362625,events.out.tfevents.1789319519.zzx23457-System-Product-Name.1927599.0
Metrics/motion/error_body_pos,92157,1789319526.9154496,0.08717505633831024,events.out.tfevents.1789319519.zzx23457-System-Product-Name.1927599.0
Metrics/motion/error_body_rot,92150,1789319520.7593982,0.015662385150790215,events.out.tfevents.1789319519.zzx23457-System-Product-Name.1927599.0
Metrics/motion/error_body_rot,92151,1789319521.7956533,0.12555256485939026,events.out.tfevents.1789319519.zzx23457-System-Product-Name.1927599.0
Metrics/motion/error_body_rot,92152,1789319522.5892513,0.12563703954219818,events.out.tfevents.1789319519.zzx23457-System-Product-Name.1927599.0
Metrics/motion/error_body_rot,92153,1789319523.4052098,0.3820057809352875,events.out.tfevents.1789319519.zzx23457-System-Product-Name.1927599.0
Metrics/motion/error_body_rot,92154,1789319524.220834,0.3544554114341736,events.out.tfevents.1789319519.zzx23457-System-Product-Name.1927599.0
Metrics/motion/error_body_rot,92155,1789319525.021845,0.1544725000858307,events.out.tfevents.1789319519.zzx23457-System-Product-Name.1927599.0
Metrics/motion/error_body_rot,92156,1789319526.099788,0.1935860812664032,events.out.tfevents.1789319519.zzx23457-System-Product-Name.1927599.0
Metrics/motion/error_body_rot,92157,1789319526.9157321,0.36150678992271423,events.out.tfevents.1789319519.zzx23457-System-Product-Name.1927599.0
Metrics/motion/error_joint_pos,92150,1789319520.7596903,0.12316691875457764,events.out.tfevents.1789319519.zzx23457-System-Product-Name.1927599.0
Metrics/motion/error_joint_pos,92151,1789319521.7959244,1.0061233043670654,events.out.tfevents.1789319519.zzx23457-System-Product-Name.1927599.0
Metrics/motion/error_joint_pos,92152,1789319522.5895603,1.0130527019500732,events.out.tfevents.1789319519.zzx23457-System-Product-Name.1927599.0
Metrics/motion/error_joint_pos,92153,1789319523.40548,1.5621808767318726,events.out.tfevents.1789319519.zzx23457-System-Product-Name.1927599.0
Metrics/motion/error_joint_pos,92154,1789319524.2210984,1.523705244064331,events.out.tfevents.1789319519.zzx23457-System-Product-Name.1927599.0
Metrics/motion/error_joint_pos,92155,1789319525.0221124,1.0358259677886963,events.out.tfevents.1789319519.zzx23457-System-Product-Name.1927599.0
Metrics/motion/error_joint_pos,92156,1789319526.1000671,1.013289213180542,events.out.tfevents.1789319519.zzx23457-System-Product-Name.1927599.0
Metrics/motion/error_joint_pos,92157,1789319526.916016,1.412562370300293,events.out.tfevents.1789319519.zzx23457-System-Product-Name.1927599.0
Metrics/motion/error_joint_vel,92150,1789319520.7599797,0.22583507001399994,events.out.tfevents.1789319519.zzx23457-System-Product-Name.1927599.0
Metrics/motion/error_joint_vel,92151,1789319521.7962036,2.0250766277313232,events.out.tfevents.1789319519.zzx23457-System-Product-Name.1927599.0
Metrics/motion/error_joint_vel,92152,1789319522.5898507,2.0978751182556152,events.out.tfevents.1789319519.zzx23457-System-Product-Name.1927599.0
Metrics/motion/error_joint_vel,92153,1789319523.4057434,4.133877277374268,events.out.tfevents.1789319519.zzx23457-System-Product-Name.1927599.0
Metrics/motion/error_joint_vel,92154,1789319524.2213633,3.4229838848114014,events.out.tfevents.1789319519.zzx23457-System-Product-Name.1927599.0
Metrics/motion/error_joint_vel,92155,1789319525.0223913,3.3252291679382324,events.out.tfevents.1789319519.zzx23457-System-Product-Name.1927599.0
Metrics/motion/error_joint_vel,92156,1789319526.1003447,6.916603088378906,events.out.tfevents.1789319519.zzx23457-System-Product-Name.1927599.0
Metrics/motion/error_joint_vel,92157,1789319526.9163005,4.472560882568359,events.out.tfevents.1789319519.zzx23457-System-Product-Name.1927599.0
Metrics/motion/left_shared_clearance_distance,92151,1789319521.8076026,0.003000000026077032,events.out.tfevents.1789319519.zzx23457-System-Product-Name.1927599.0
Metrics/motion/left_shared_clearance_distance,92152,1789319522.6014519,0.003000000026077032,events.out.tfevents.1789319519.zzx23457-System-Product-Name.1927599.0
Metrics/motion/left_shared_clearance_distance,92153,1789319523.4169915,0.0672883614897728,events.out.tfevents.1789319519.zzx23457-System-Product-Name.1927599.0
Metrics/motion/left_shared_clearance_distance,92154,1789319524.2326398,0.008577045984566212,events.out.tfevents.1789319519.zzx23457-System-Product-Name.1927599.0
Metrics/motion/left_shared_clearance_distance,92155,1789319525.033649,0.003000000026077032,events.out.tfevents.1789319519.zzx23457-System-Product-Name.1927599.0
Metrics/motion/left_shared_clearance_distance,92156,1789319526.1118088,0.003000000026077032,events.out.tfevents.1789319519.zzx23457-System-Product-Name.1927599.0
Metrics/motion/left_shared_clearance_distance,92157,1789319526.9279842,0.009942370466887951,events.out.tfevents.1789319519.zzx23457-System-Product-Name.1927599.0
Metrics/motion/phase_sync_active,92150,1789319520.7626297,0.0,events.out.tfevents.1789319519.zzx23457-System-Product-Name.1927599.0
Metrics/motion/phase_sync_active,92151,1789319521.798684,0.0,events.out.tfevents.1789319519.zzx23457-System-Product-Name.1927599.0
Metrics/motion/phase_sync_active,92152,1789319522.5928237,0.0,events.out.tfevents.1789319519.zzx23457-System-Product-Name.1927599.0
Metrics/motion/phase_sync_active,92153,1789319523.4082007,0.0,events.out.tfevents.1789319519.zzx23457-System-Product-Name.1927599.0
Metrics/motion/phase_sync_active,92154,1789319524.2238195,0.0,events.out.tfevents.1789319519.zzx23457-System-Product-Name.1927599.0
Metrics/motion/phase_sync_active,92155,1789319525.0248709,0.0,events.out.tfevents.1789319519.zzx23457-System-Product-Name.1927599.0
Metrics/motion/phase_sync_active,92156,1789319526.1030703,0.0,events.out.tfevents.1789319519.zzx23457-System-Product-Name.1927599.0
Metrics/motion/phase_sync_active,92157,1789319526.9188874,0.0,events.out.tfevents.1789319519.zzx23457-System-Product-Name.1927599.0
Metrics/motion/phase_sync_advance,92150,1789319520.7623339,0.0,events.out.tfevents.1789319519.zzx23457-System-Product-Name.1927599.0
Metrics/motion/phase_sync_advance,92151,1789319521.798404,0.0,events.out.tfevents.1789319519.zzx23457-System-Product-Name.1927599.0
Metrics/motion/phase_sync_advance,92152,1789319522.5925064,0.0,events.out.tfevents.1789319519.zzx23457-System-Product-Name.1927599.0
Metrics/motion/phase_sync_advance,92153,1789319523.4079206,0.0,events.out.tfevents.1789319519.zzx23457-System-Product-Name.1927599.0
Metrics/motion/phase_sync_advance,92154,1789319524.2235487,0.0,events.out.tfevents.1789319519.zzx23457-System-Product-Name.1927599.0
Metrics/motion/phase_sync_advance,92155,1789319525.0245886,0.0,events.out.tfevents.1789319519.zzx23457-System-Product-Name.1927599.0
Metrics/motion/phase_sync_advance,92156,1789319526.1025157,0.0,events.out.tfevents.1789319519.zzx23457-System-Product-Name.1927599.0
Metrics/motion/phase_sync_advance,92157,1789319526.9186046,0.0,events.out.tfevents.1789319519.zzx23457-System-Product-Name.1927599.0
Metrics/motion/phase_sync_forward_ahead,92150,1789319520.7617347,0.001746650319546461,events.out.tfevents.1789319519.zzx23457-System-Product-Name.1927599.0
Metrics/motion/phase_sync_forward_ahead,92151,1789319521.7978637,0.016920056194067,events.out.tfevents.1789319519.zzx23457-System-Product-Name.1927599.0
Metrics/motion/phase_sync_forward_ahead,92152,1789319522.5918574,0.01790234073996544,events.out.tfevents.1789319519.zzx23457-System-Product-Name.1927599.0
Metrics/motion/phase_sync_forward_ahead,92153,1789319523.407373,-0.18371343612670898,events.out.tfevents.1789319519.zzx23457-System-Product-Name.1927599.0
Metrics/motion/phase_sync_forward_ahead,92154,1789319524.2230062,0.11667756736278534,events.out.tfevents.1789319519.zzx23457-System-Product-Name.1927599.0
Metrics/motion/phase_sync_forward_ahead,92155,1789319525.024034,0.04773920774459839,events.out.tfevents.1789319519.zzx23457-System-Product-Name.1927599.0
Metrics/motion/phase_sync_forward_ahead,92156,1789319526.101975,0.08379708230495453,events.out.tfevents.1789319519.zzx23457-System-Product-Name.1927599.0
Metrics/motion/phase_sync_forward_ahead,92157,1789319526.9180129,0.12536051869392395,events.out.tfevents.1789319519.zzx23457-System-Product-Name.1927599.0
Metrics/motion/phase_sync_frame_gap,92150,1789319520.762023,85.0,events.out.tfevents.1789319519.zzx23457-System-Product-Name.1927599.0
Metrics/motion/phase_sync_frame_gap,92151,1789319521.798129,676.25,events.out.tfevents.1789319519.zzx23457-System-Product-Name.1927599.0
Metrics/motion/phase_sync_frame_gap,92152,1789319522.592145,675.0,events.out.tfevents.1789319519.zzx23457-System-Product-Name.1927599.0
Metrics/motion/phase_sync_frame_gap,92153,1789319523.407656,38.25,events.out.tfevents.1789319519.zzx23457-System-Product-Name.1927599.0
Metrics/motion/phase_sync_frame_gap,92154,1789319524.2232742,138.1666717529297,events.out.tfevents.1789319519.zzx23457-System-Product-Name.1927599.0
Metrics/motion/phase_sync_frame_gap,92155,1789319525.024312,580.2916870117188,events.out.tfevents.1789319519.zzx23457-System-Product-Name.1927599.0
Metrics/motion/phase_sync_frame_gap,92156,1789319526.1022532,556.75,events.out.tfevents.1789319519.zzx23457-System-Product-Name.1927599.0
Metrics/motion/phase_sync_frame_gap,92157,1789319526.9183118,456.2083435058594,events.out.tfevents.1789319519.zzx23457-System-Product-Name.1927599.0
Metrics/motion/right_shared_clearance_distance,92151,1789319521.8079221,0.003000000026077032,events.out.tfevents.1789319519.zzx23457-System-Product-Name.1927599.0
Metrics/motion/right_shared_clearance_distance,92152,1789319522.6017213,0.003000000026077032,events.out.tfevents.1789319519.zzx23457-System-Product-Name.1927599.0
Metrics/motion/right_shared_clearance_distance,92153,1789319523.4172623,0.01076269056648016,events.out.tfevents.1789319519.zzx23457-System-Product-Name.1927599.0
Metrics/motion/right_shared_clearance_distance,92154,1789319524.2329166,0.021112944930791855,events.out.tfevents.1789319519.zzx23457-System-Product-Name.1927599.0
Metrics/motion/right_shared_clearance_distance,92155,1789319525.033921,0.003000000026077032,events.out.tfevents.1789319519.zzx23457-System-Product-Name.1927599.0
Metrics/motion/right_shared_clearance_distance,92156,1789319526.1120706,0.003000000026077032,events.out.tfevents.1789319519.zzx23457-System-Product-Name.1927599.0
Metrics/motion/right_shared_clearance_distance,92157,1789319526.9282649,0.003000000026077032,events.out.tfevents.1789319519.zzx23457-System-Product-Name.1927599.0
Metrics/motion/s52_broad_landing_impact_cost,92151,1789319521.8011568,0.0,events.out.tfevents.1789319519.zzx23457-System-Product-Name.1927599.0
Metrics/motion/s52_broad_landing_impact_cost,92152,1789319522.595484,0.0,events.out.tfevents.1789319519.zzx23457-System-Product-Name.1927599.0
Metrics/motion/s52_broad_landing_impact_cost,92153,1789319523.4109209,0.0,events.out.tfevents.1789319519.zzx23457-System-Product-Name.1927599.0
Metrics/motion/s52_broad_landing_impact_cost,92154,1789319524.2262862,0.0,events.out.tfevents.1789319519.zzx23457-System-Product-Name.1927599.0
Metrics/motion/s52_broad_landing_impact_cost,92155,1789319525.0273454,0.0,events.out.tfevents.1789319519.zzx23457-System-Product-Name.1927599.0
Metrics/motion/s52_broad_landing_impact_cost,92156,1789319526.1056545,0.0,events.out.tfevents.1789319519.zzx23457-System-Product-Name.1927599.0
Metrics/motion/s52_broad_landing_impact_cost,92157,1789319526.9214573,0.0,events.out.tfevents.1789319519.zzx23457-System-Product-Name.1927599.0
Metrics/motion/s52_descent_impact_active,92151,1789319521.8014266,0.0,events.out.tfevents.1789319519.zzx23457-System-Product-Name.1927599.0
Metrics/motion/s52_descent_impact_active,92152,1789319522.5957553,0.0,events.out.tfevents.1789319519.zzx23457-System-Product-Name.1927599.0
Metrics/motion/s52_descent_impact_active,92153,1789319523.4112098,0.9375,events.out.tfevents.1789319519.zzx23457-System-Product-Name.1927599.0
Metrics/motion/s52_descent_impact_active,92154,1789319524.2265646,0.1458333432674408,events.out.tfevents.1789319519.zzx23457-System-Product-Name.1927599.0
Metrics/motion/s52_descent_impact_active,92155,1789319525.027614,0.0,events.out.tfevents.1789319519.zzx23457-System-Product-Name.1927599.0
Metrics/motion/s52_descent_impact_active,92156,1789319526.1059213,0.0,events.out.tfevents.1789319519.zzx23457-System-Product-Name.1927599.0
Metrics/motion/s52_descent_impact_active,92157,1789319526.9217448,0.02083333395421505,events.out.tfevents.1789319519.zzx23457-System-Product-Name.1927599.0
Metrics/motion/s52_finite_memory_clearance_risk,92151,1789319521.8106208,0.0,events.out.tfevents.1789319519.zzx23457-System-Product-Name.1927599.0
Metrics/motion/s52_finite_memory_clearance_risk,92152,1789319522.6036184,0.0,events.out.tfevents.1789319519.zzx23457-System-Product-Name.1927599.0
Metrics/motion/s52_finite_memory_clearance_risk,92153,1789319523.419188,0.0,events.out.tfevents.1789319519.zzx23457-System-Product-Name.1927599.0
Metrics/motion/s52_finite_memory_clearance_risk,92154,1789319524.2348444,0.0,events.out.tfevents.1789319519.zzx23457-System-Product-Name.1927599.0
Metrics/motion/s52_finite_memory_clearance_risk,92155,1789319525.035848,0.0,events.out.tfevents.1789319519.zzx23457-System-Product-Name.1927599.0
Metrics/motion/s52_finite_memory_clearance_risk,92156,1789319526.1139755,0.0,events.out.tfevents.1789319519.zzx23457-System-Product-Name.1927599.0
Metrics/motion/s52_finite_memory_clearance_risk,92157,1789319526.9302328,0.0,events.out.tfevents.1789319519.zzx23457-System-Product-Name.1927599.0
Metrics/motion/s52_finite_memory_composite_constraint_active,92151,1789319521.810228,0.0,events.out.tfevents.1789319519.zzx23457-System-Product-Name.1927599.0
Metrics/motion/s52_finite_memory_composite_constraint_active,92152,1789319522.603337,0.0,events.out.tfevents.1789319519.zzx23457-System-Product-Name.1927599.0
Metrics/motion/s52_finite_memory_composite_constraint_active,92153,1789319523.4189105,0.9375,events.out.tfevents.1789319519.zzx23457-System-Product-Name.1927599.0
Metrics/motion/s52_finite_memory_composite_constraint_active,92154,1789319524.234574,0.1458333432674408,events.out.tfevents.1789319519.zzx23457-System-Product-Name.1927599.0
Metrics/motion/s52_finite_memory_composite_constraint_active,92155,1789319525.035567,0.0,events.out.tfevents.1789319519.zzx23457-System-Product-Name.1927599.0
Metrics/motion/s52_finite_memory_composite_constraint_active,92156,1789319526.1137142,0.0,events.out.tfevents.1789319519.zzx23457-System-Product-Name.1927599.0
Metrics/motion/s52_finite_memory_composite_constraint_active,92157,1789319526.9299383,0.02083333395421505,events.out.tfevents.1789319519.zzx23457-System-Product-Name.1927599.0
Metrics/motion/s52_finite_memory_composite_constraint_cost,92151,1789319521.8097482,0.0,events.out.tfevents.1789319519.zzx23457-System-Product-Name.1927599.0
Metrics/motion/s52_finite_memory_composite_constraint_cost,92152,1789319522.603071,0.0,events.out.tfevents.1789319519.zzx23457-System-Product-Name.1927599.0
Metrics/motion/s52_finite_memory_composite_constraint_cost,92153,1789319523.4186375,0.05981820449233055,events.out.tfevents.1789319519.zzx23457-System-Product-Name.1927599.0
Metrics/motion/s52_finite_memory_composite_constraint_cost,92154,1789319524.2342885,0.05600045621395111,events.out.tfevents.1789319519.zzx23457-System-Product-Name.1927599.0
Metrics/motion/s52_finite_memory_composite_constraint_cost,92155,1789319525.0352836,0.0,events.out.tfevents.1789319519.zzx23457-System-Product-Name.1927599.0
Metrics/motion/s52_finite_memory_composite_constraint_cost,92156,1789319526.1134403,0.0,events.out.tfevents.1789319519.zzx23457-System-Product-Name.1927599.0
Metrics/motion/s52_finite_memory_composite_constraint_cost,92157,1789319526.9296603,0.0,events.out.tfevents.1789319519.zzx23457-System-Product-Name.1927599.0
Metrics/motion/s52_finite_memory_current_risk,92151,1789319521.8111992,0.0,events.out.tfevents.1789319519.zzx23457-System-Product-Name.1927599.0
Metrics/motion/s52_finite_memory_current_risk,92152,1789319522.6041672,0.0,events.out.tfevents.1789319519.zzx23457-System-Product-Name.1927599.0
Metrics/motion/s52_finite_memory_current_risk,92153,1789319523.419745,2.16036041820189e-05,events.out.tfevents.1789319519.zzx23457-System-Product-Name.1927599.0
Metrics/motion/s52_finite_memory_current_risk,92154,1789319524.235383,0.0,events.out.tfevents.1789319519.zzx23457-System-Product-Name.1927599.0
Metrics/motion/s52_finite_memory_current_risk,92155,1789319525.0363896,0.0,events.out.tfevents.1789319519.zzx23457-System-Product-Name.1927599.0
Metrics/motion/s52_finite_memory_current_risk,92156,1789319526.1145258,0.0,events.out.tfevents.1789319519.zzx23457-System-Product-Name.1927599.0
Metrics/motion/s52_finite_memory_current_risk,92157,1789319526.9308002,0.0,events.out.tfevents.1789319519.zzx23457-System-Product-Name.1927599.0
Metrics/motion/s52_finite_memory_decayed_risk,92151,1789319521.8114896,0.0,events.out.tfevents.1789319519.zzx23457-System-Product-Name.1927599.0
Metrics/motion/s52_finite_memory_decayed_risk,92152,1789319522.6044428,0.0,events.out.tfevents.1789319519.zzx23457-System-Product-Name.1927599.0
Metrics/motion/s52_finite_memory_decayed_risk,92153,1789319523.4200215,0.05981820449233055,events.out.tfevents.1789319519.zzx23457-System-Product-Name.1927599.0
Metrics/motion/s52_finite_memory_decayed_risk,92154,1789319524.2356524,0.05600045621395111,events.out.tfevents.1789319519.zzx23457-System-Product-Name.1927599.0
Metrics/motion/s52_finite_memory_decayed_risk,92155,1789319525.036669,0.0,events.out.tfevents.1789319519.zzx23457-System-Product-Name.1927599.0
Metrics/motion/s52_finite_memory_decayed_risk,92156,1789319526.1148036,0.0,events.out.tfevents.1789319519.zzx23457-System-Product-Name.1927599.0
Metrics/motion/s52_finite_memory_decayed_risk,92157,1789319526.9310887,0.0,events.out.tfevents.1789319519.zzx23457-System-Product-Name.1927599.0
Metrics/motion/s52_finite_memory_impact_risk,92151,1789319521.8109124,0.0,events.out.tfevents.1789319519.zzx23457-System-Product-Name.1927599.0
Metrics/motion/s52_finite_memory_impact_risk,92152,1789319522.603897,0.0,events.out.tfevents.1789319519.zzx23457-System-Product-Name.1927599.0
Metrics/motion/s52_finite_memory_impact_risk,92153,1789319523.4194689,2.16036041820189e-05,events.out.tfevents.1789319519.zzx23457-System-Product-Name.1927599.0
Metrics/motion/s52_finite_memory_impact_risk,92154,1789319524.2351198,0.0,events.out.tfevents.1789319519.zzx23457-System-Product-Name.1927599.0
Metrics/motion/s52_finite_memory_impact_risk,92155,1789319525.0361104,0.0,events.out.tfevents.1789319519.zzx23457-System-Product-Name.1927599.0
Metrics/motion/s52_finite_memory_impact_risk,92156,1789319526.1142576,0.0,events.out.tfevents.1789319519.zzx23457-System-Product-Name.1927599.0
Metrics/motion/s52_finite_memory_impact_risk,92157,1789319526.9305198,0.0,events.out.tfevents.1789319519.zzx23457-System-Product-Name.1927599.0
Metrics/motion/s52_hard_impact_active,92151,1789319521.8017013,0.0,events.out.tfevents.1789319519.zzx23457-System-Product-Name.1927599.0
Metrics/motion/s52_hard_impact_active,92152,1789319522.5960217,0.0,events.out.tfevents.1789319519.zzx23457-System-Product-Name.1927599.0
Metrics/motion/s52_hard_impact_active,92153,1789319523.4114866,0.0,events.out.tfevents.1789319519.zzx23457-System-Product-Name.1927599.0
Metrics/motion/s52_hard_impact_active,92154,1789319524.2268398,0.0,events.out.tfevents.1789319519.zzx23457-System-Product-Name.1927599.0
Metrics/motion/s52_hard_impact_active,92155,1789319525.0278938,0.0,events.out.tfevents.1789319519.zzx23457-System-Product-Name.1927599.0
Metrics/motion/s52_hard_impact_active,92156,1789319526.1061883,0.0,events.out.tfevents.1789319519.zzx23457-System-Product-Name.1927599.0
Metrics/motion/s52_hard_impact_active,92157,1789319526.9220273,0.0,events.out.tfevents.1789319519.zzx23457-System-Product-Name.1927599.0
Metrics/motion/s52_instant_impact_constraint_active,92151,1789319521.8008811,0.0,events.out.tfevents.1789319519.zzx23457-System-Product-Name.1927599.0
Metrics/motion/s52_instant_impact_constraint_active,92152,1789319522.595222,0.0,events.out.tfevents.1789319519.zzx23457-System-Product-Name.1927599.0
Metrics/motion/s52_instant_impact_constraint_active,92153,1789319523.4103932,0.9375,events.out.tfevents.1789319519.zzx23457-System-Product-Name.1927599.0
Metrics/motion/s52_instant_impact_constraint_active,92154,1789319524.2259927,0.1458333432674408,events.out.tfevents.1789319519.zzx23457-System-Product-Name.1927599.0
Metrics/motion/s52_instant_impact_constraint_active,92155,1789319525.0270717,0.0,events.out.tfevents.1789319519.zzx23457-System-Product-Name.1927599.0
Metrics/motion/s52_instant_impact_constraint_active,92156,1789319526.1053863,0.0,events.out.tfevents.1789319519.zzx23457-System-Product-Name.1927599.0
Metrics/motion/s52_instant_impact_constraint_active,92157,1789319526.9211686,0.02083333395421505,events.out.tfevents.1789319519.zzx23457-System-Product-Name.1927599.0
Metrics/motion/s52_instant_impact_constraint_cost,92151,1789319521.8005996,0.0,events.out.tfevents.1789319519.zzx23457-System-Product-Name.1927599.0
Metrics/motion/s52_instant_impact_constraint_cost,92152,1789319522.594945,0.0,events.out.tfevents.1789319519.zzx23457-System-Product-Name.1927599.0
Metrics/motion/s52_instant_impact_constraint_cost,92153,1789319523.4101083,5.400901045504725e-06,events.out.tfevents.1789319519.zzx23457-System-Product-Name.1927599.0
Metrics/motion/s52_instant_impact_constraint_cost,92154,1789319524.225727,0.0,events.out.tfevents.1789319519.zzx23457-System-Product-Name.1927599.0
Metrics/motion/s52_instant_impact_constraint_cost,92155,1789319525.0267947,0.0,events.out.tfevents.1789319519.zzx23457-System-Product-Name.1927599.0
Metrics/motion/s52_instant_impact_constraint_cost,92156,1789319526.1050892,0.0,events.out.tfevents.1789319519.zzx23457-System-Product-Name.1927599.0
Metrics/motion/s52_instant_impact_constraint_cost,92157,1789319526.9208903,0.0,events.out.tfevents.1789319519.zzx23457-System-Product-Name.1927599.0
Metrics/motion/s52_instant_peak_contact_force,92151,1789319521.8019826,457.827392578125,events.out.tfevents.1789319519.zzx23457-System-Product-Name.1927599.0
Metrics/motion/s52_instant_peak_contact_force,92152,1789319522.5962965,452.5984802246094,events.out.tfevents.1789319519.zzx23457-System-Product-Name.1927599.0
Metrics/motion/s52_instant_peak_contact_force,92153,1789319523.4117603,523.16015625,events.out.tfevents.1789319519.zzx23457-System-Product-Name.1927599.0
Metrics/motion/s52_instant_peak_contact_force,92154,1789319524.2271097,526.698486328125,events.out.tfevents.1789319519.zzx23457-System-Product-Name.1927599.0
Metrics/motion/s52_instant_peak_contact_force,92155,1789319525.0281808,613.028564453125,events.out.tfevents.1789319519.zzx23457-System-Product-Name.1927599.0
Metrics/motion/s52_instant_peak_contact_force,92156,1789319526.1064768,379.20111083984375,events.out.tfevents.1789319519.zzx23457-System-Product-Name.1927599.0
Metrics/motion/s52_instant_peak_contact_force,92157,1789319526.922548,455.0852966308594,events.out.tfevents.1789319519.zzx23457-System-Product-Name.1927599.0
Metrics/motion/s52_route_safety_clearance_component,92151,1789319521.8088436,0.0,events.out.tfevents.1789319519.zzx23457-System-Product-Name.1927599.0
Metrics/motion/s52_route_safety_clearance_component,92152,1789319522.6025403,0.0,events.out.tfevents.1789319519.zzx23457-System-Product-Name.1927599.0
Metrics/motion/s52_route_safety_clearance_component,92153,1789319523.4180965,0.0,events.out.tfevents.1789319519.zzx23457-System-Product-Name.1927599.0
Metrics/motion/s52_route_safety_clearance_component,92154,1789319524.2337372,0.0,events.out.tfevents.1789319519.zzx23457-System-Product-Name.1927599.0
Metrics/motion/s52_route_safety_clearance_component,92155,1789319525.0347378,0.0,events.out.tfevents.1789319519.zzx23457-System-Product-Name.1927599.0
Metrics/motion/s52_route_safety_clearance_component,92156,1789319526.112883,0.0,events.out.tfevents.1789319519.zzx23457-System-Product-Name.1927599.0
Metrics/motion/s52_route_safety_clearance_component,92157,1789319526.9291017,0.0,events.out.tfevents.1789319519.zzx23457-System-Product-Name.1927599.0
Metrics/motion/s52_route_safety_composite_constraint_active,92151,1789319521.8085353,0.0,events.out.tfevents.1789319519.zzx23457-System-Product-Name.1927599.0
Metrics/motion/s52_route_safety_composite_constraint_active,92152,1789319522.6022727,0.0,events.out.tfevents.1789319519.zzx23457-System-Product-Name.1927599.0
Metrics/motion/s52_route_safety_composite_constraint_active,92153,1789319523.4178174,0.9375,events.out.tfevents.1789319519.zzx23457-System-Product-Name.1927599.0
Metrics/motion/s52_route_safety_composite_constraint_active,92154,1789319524.2334704,0.1458333432674408,events.out.tfevents.1789319519.zzx23457-System-Product-Name.1927599.0
Metrics/motion/s52_route_safety_composite_constraint_active,92155,1789319525.0344636,0.0,events.out.tfevents.1789319519.zzx23457-System-Product-Name.1927599.0
Metrics/motion/s52_route_safety_composite_constraint_active,92156,1789319526.1126149,0.0,events.out.tfevents.1789319519.zzx23457-System-Product-Name.1927599.0
Metrics/motion/s52_route_safety_composite_constraint_active,92157,1789319526.9288292,0.02083333395421505,events.out.tfevents.1789319519.zzx23457-System-Product-Name.1927599.0
Metrics/motion/s52_route_safety_composite_constraint_cost,92151,1789319521.8082187,0.0,events.out.tfevents.1789319519.zzx23457-System-Product-Name.1927599.0
Metrics/motion/s52_route_safety_composite_constraint_cost,92152,1789319522.6019857,0.0,events.out.tfevents.1789319519.zzx23457-System-Product-Name.1927599.0
Metrics/motion/s52_route_safety_composite_constraint_cost,92153,1789319523.4175386,5.400901045504725e-06,events.out.tfevents.1789319519.zzx23457-System-Product-Name.1927599.0
Metrics/motion/s52_route_safety_composite_constraint_cost,92154,1789319524.2331946,0.0,events.out.tfevents.1789319519.zzx23457-System-Product-Name.1927599.0
Metrics/motion/s52_route_safety_composite_constraint_cost,92155,1789319525.0342004,0.0,events.out.tfevents.1789319519.zzx23457-System-Product-Name.1927599.0
Metrics/motion/s52_route_safety_composite_constraint_cost,92156,1789319526.1123424,0.0,events.out.tfevents.1789319519.zzx23457-System-Product-Name.1927599.0
Metrics/motion/s52_route_safety_composite_constraint_cost,92157,1789319526.9285479,0.0,events.out.tfevents.1789319519.zzx23457-System-Product-Name.1927599.0
Metrics/motion/s52_route_safety_impact_component,92151,1789319521.8091578,0.0,events.out.tfevents.1789319519.zzx23457-System-Product-Name.1927599.0
Metrics/motion/s52_route_safety_impact_component,92152,1789319522.6028073,0.0,events.out.tfevents.1789319519.zzx23457-System-Product-Name.1927599.0
Metrics/motion/s52_route_safety_impact_component,92153,1789319523.4183726,0.0,events.out.tfevents.1789319519.zzx23457-System-Product-Name.1927599.0
Metrics/motion/s52_route_safety_impact_component,92154,1789319524.2340176,0.0,events.out.tfevents.1789319519.zzx23457-System-Product-Name.1927599.0
Metrics/motion/s52_route_safety_impact_component,92155,1789319525.0350118,0.0,events.out.tfevents.1789319519.zzx23457-System-Product-Name.1927599.0
Metrics/motion/s52_route_safety_impact_component,92156,1789319526.1131606,0.0,events.out.tfevents.1789319519.zzx23457-System-Product-Name.1927599.0
Metrics/motion/s52_route_safety_impact_component,92157,1789319526.9293828,0.0,events.out.tfevents.1789319519.zzx23457-System-Product-Name.1927599.0
Metrics/motion/s52_support_foothold_contact_confidence,92151,1789319521.8145301,0.0,events.out.tfevents.1789319519.zzx23457-System-Product-Name.1927599.0
Metrics/motion/s52_support_foothold_contact_confidence,92152,1789319522.6074443,0.0,events.out.tfevents.1789319519.zzx23457-System-Product-Name.1927599.0
Metrics/motion/s52_support_foothold_contact_confidence,92153,1789319523.423053,0.37556779384613037,events.out.tfevents.1789319519.zzx23457-System-Product-Name.1927599.0
Metrics/motion/s52_support_foothold_contact_confidence,92154,1789319524.2386692,0.0,events.out.tfevents.1789319519.zzx23457-System-Product-Name.1927599.0
Metrics/motion/s52_support_foothold_contact_confidence,92155,1789319525.0396652,0.0,events.out.tfevents.1789319519.zzx23457-System-Product-Name.1927599.0
Metrics/motion/s52_support_foothold_contact_confidence,92156,1789319526.1178114,0.0,events.out.tfevents.1789319519.zzx23457-System-Product-Name.1927599.0
Metrics/motion/s52_support_foothold_contact_confidence,92157,1789319526.9341698,0.125,events.out.tfevents.1789319519.zzx23457-System-Product-Name.1927599.0
Metrics/motion/s52_support_foothold_forward_error,92151,1789319521.8136945,0.0,events.out.tfevents.1789319519.zzx23457-System-Product-Name.1927599.0
Metrics/motion/s52_support_foothold_forward_error,92152,1789319522.6066196,0.0,events.out.tfevents.1789319519.zzx23457-System-Product-Name.1927599.0
Metrics/motion/s52_support_foothold_forward_error,92153,1789319523.4222314,0.24978332221508026,events.out.tfevents.1789319519.zzx23457-System-Product-Name.1927599.0
Metrics/motion/s52_support_foothold_forward_error,92154,1789319524.2378652,0.00956769846379757,events.out.tfevents.1789319519.zzx23457-System-Product-Name.1927599.0
Metrics/motion/s52_support_foothold_forward_error,92155,1789319525.0388548,0.0,events.out.tfevents.1789319519.zzx23457-System-Product-Name.1927599.0
Metrics/motion/s52_support_foothold_forward_error,92156,1789319526.1169746,0.0,events.out.tfevents.1789319519.zzx23457-System-Product-Name.1927599.0
Metrics/motion/s52_support_foothold_forward_error,92157,1789319526.933332,0.018844127655029297,events.out.tfevents.1789319519.zzx23457-System-Product-Name.1927599.0
Metrics/motion/s52_support_foothold_lateral_error,92151,1789319521.813978,0.0,events.out.tfevents.1789319519.zzx23457-System-Product-Name.1927599.0
Metrics/motion/s52_support_foothold_lateral_error,92152,1789319522.6068883,0.0,events.out.tfevents.1789319519.zzx23457-System-Product-Name.1927599.0
Metrics/motion/s52_support_foothold_lateral_error,92153,1789319523.4224997,0.0515817329287529,events.out.tfevents.1789319519.zzx23457-System-Product-Name.1927599.0
Metrics/motion/s52_support_foothold_lateral_error,92154,1789319524.2381325,0.008121448568999767,events.out.tfevents.1789319519.zzx23457-System-Product-Name.1927599.0
Metrics/motion/s52_support_foothold_lateral_error,92155,1789319525.0391197,0.0,events.out.tfevents.1789319519.zzx23457-System-Product-Name.1927599.0
Metrics/motion/s52_support_foothold_lateral_error,92156,1789319526.1172569,0.0,events.out.tfevents.1789319519.zzx23457-System-Product-Name.1927599.0
Metrics/motion/s52_support_foothold_lateral_error,92157,1789319526.9336042,0.03316134214401245,events.out.tfevents.1789319519.zzx23457-System-Product-Name.1927599.0
Metrics/motion/s52_support_foothold_planar_active,92151,1789319521.813404,0.0,events.out.tfevents.1789319519.zzx23457-System-Product-Name.1927599.0
Metrics/motion/s52_support_foothold_planar_active,92152,1789319522.6063433,0.0,events.out.tfevents.1789319519.zzx23457-System-Product-Name.1927599.0
Metrics/motion/s52_support_foothold_planar_active,92153,1789319523.4219532,0.9375,events.out.tfevents.1789319519.zzx23457-System-Product-Name.1927599.0
Metrics/motion/s52_support_foothold_planar_active,92154,1789319524.2375946,0.1458333432674408,events.out.tfevents.1789319519.zzx23457-System-Product-Name.1927599.0
Metrics/motion/s52_support_foothold_planar_active,92155,1789319525.0385842,0.0,events.out.tfevents.1789319519.zzx23457-System-Product-Name.1927599.0
Metrics/motion/s52_support_foothold_planar_active,92156,1789319526.1166947,0.0,events.out.tfevents.1789319519.zzx23457-System-Product-Name.1927599.0
Metrics/motion/s52_support_foothold_planar_active,92157,1789319526.9330673,0.125,events.out.tfevents.1789319519.zzx23457-System-Product-Name.1927599.0
Metrics/motion/s52_support_foothold_planar_loss,92151,1789319521.814812,0.0,events.out.tfevents.1789319519.zzx23457-System-Product-Name.1927599.0
Metrics/motion/s52_support_foothold_planar_loss,92152,1789319522.6077132,0.0,events.out.tfevents.1789319519.zzx23457-System-Product-Name.1927599.0
Metrics/motion/s52_support_foothold_planar_loss,92153,1789319523.4233365,0.5790283679962158,events.out.tfevents.1789319519.zzx23457-System-Product-Name.1927599.0
Metrics/motion/s52_support_foothold_planar_loss,92154,1789319524.2389414,0.0,events.out.tfevents.1789319519.zzx23457-System-Product-Name.1927599.0
Metrics/motion/s52_support_foothold_planar_loss,92155,1789319525.039934,0.0,events.out.tfevents.1789319519.zzx23457-System-Product-Name.1927599.0
Metrics/motion/s52_support_foothold_planar_loss,92156,1789319526.1180928,0.0,events.out.tfevents.1789319519.zzx23457-System-Product-Name.1927599.0
Metrics/motion/s52_support_foothold_planar_loss,92157,1789319526.9344387,0.2841833531856537,events.out.tfevents.1789319519.zzx23457-System-Product-Name.1927599.0
Metrics/motion/s52_support_foothold_planar_speed,92151,1789319521.8142529,0.0,events.out.tfevents.1789319519.zzx23457-System-Product-Name.1927599.0
Metrics/motion/s52_support_foothold_planar_speed,92152,1789319522.607165,0.0,events.out.tfevents.1789319519.zzx23457-System-Product-Name.1927599.0
Metrics/motion/s52_support_foothold_planar_speed,92153,1789319523.4227757,0.12413311004638672,events.out.tfevents.1789319519.zzx23457-System-Product-Name.1927599.0
Metrics/motion/s52_support_foothold_planar_speed,92154,1789319524.2384074,0.11883257329463959,events.out.tfevents.1789319519.zzx23457-System-Product-Name.1927599.0
Metrics/motion/s52_support_foothold_planar_speed,92155,1789319525.039399,0.0,events.out.tfevents.1789319519.zzx23457-System-Product-Name.1927599.0
Metrics/motion/s52_support_foothold_planar_speed,92156,1789319526.117544,0.0,events.out.tfevents.1789319519.zzx23457-System-Product-Name.1927599.0
Metrics/motion/s52_support_foothold_planar_speed,92157,1789319526.93389,0.03007643297314644,events.out.tfevents.1789319519.zzx23457-System-Product-Name.1927599.0
Metrics/motion/s52_terminal_lateral_contact_weight,92151,1789319521.8033733,0.0,events.out.tfevents.1789319519.zzx23457-System-Product-Name.1927599.0
Metrics/motion/s52_terminal_lateral_contact_weight,92152,1789319522.5976462,0.0,events.out.tfevents.1789319519.zzx23457-System-Product-Name.1927599.0
Metrics/motion/s52_terminal_lateral_contact_weight,92153,1789319523.413134,0.5160508751869202,events.out.tfevents.1789319519.zzx23457-System-Product-Name.1927599.0
Metrics/motion/s52_terminal_lateral_contact_weight,92154,1789319524.228488,0.6614583730697632,events.out.tfevents.1789319519.zzx23457-System-Product-Name.1927599.0
Metrics/motion/s52_terminal_lateral_contact_weight,92155,1789319525.0295558,0.0,events.out.tfevents.1789319519.zzx23457-System-Product-Name.1927599.0
Metrics/motion/s52_terminal_lateral_contact_weight,92156,1789319526.1078477,0.0,events.out.tfevents.1789319519.zzx23457-System-Product-Name.1927599.0
Metrics/motion/s52_terminal_lateral_contact_weight,92157,1789319526.9239926,0.125,events.out.tfevents.1789319519.zzx23457-System-Product-Name.1927599.0
Metrics/motion/s52_terminal_lateral_double_support,92151,1789319521.8030875,1.0,events.out.tfevents.1789319519.zzx23457-System-Product-Name.1927599.0
Metrics/motion/s52_terminal_lateral_double_support,92152,1789319522.5973804,1.0,events.out.tfevents.1789319519.zzx23457-System-Product-Name.1927599.0
Metrics/motion/s52_terminal_lateral_double_support,92153,1789319523.4128635,0.43806779384613037,events.out.tfevents.1789319519.zzx23457-System-Product-Name.1927599.0
Metrics/motion/s52_terminal_lateral_double_support,92154,1789319524.228214,0.8020285367965698,events.out.tfevents.1789319519.zzx23457-System-Product-Name.1927599.0
Metrics/motion/s52_terminal_lateral_double_support,92155,1789319525.0292761,0.27563002705574036,events.out.tfevents.1789319519.zzx23457-System-Product-Name.1927599.0
Metrics/motion/s52_terminal_lateral_double_support,92156,1789319526.1075644,1.0,events.out.tfevents.1789319519.zzx23457-System-Product-Name.1927599.0
Metrics/motion/s52_terminal_lateral_double_support,92157,1789319526.9237113,0.9225336909294128,events.out.tfevents.1789319519.zzx23457-System-Product-Name.1927599.0
Metrics/motion/s52_terminal_lateral_early_active,92151,1789319521.8050117,0.0,events.out.tfevents.1789319519.zzx23457-System-Product-Name.1927599.0
Metrics/motion/s52_terminal_lateral_early_active,92152,1789319522.5992901,0.0,events.out.tfevents.1789319519.zzx23457-System-Product-Name.1927599.0
Metrics/motion/s52_terminal_lateral_early_active,92153,1789319523.4147923,0.9375,events.out.tfevents.1789319519.zzx23457-System-Product-Name.1927599.0
Metrics/motion/s52_terminal_lateral_early_active,92154,1789319524.230412,0.7708333730697632,events.out.tfevents.1789319519.zzx23457-System-Product-Name.1927599.0
Metrics/motion/s52_terminal_lateral_early_active,92155,1789319525.0312116,0.0,events.out.tfevents.1789319519.zzx23457-System-Product-Name.1927599.0
Metrics/motion/s52_terminal_lateral_early_active,92156,1789319526.1094809,0.0,events.out.tfevents.1789319519.zzx23457-System-Product-Name.1927599.0
Metrics/motion/s52_terminal_lateral_early_active,92157,1789319526.9257045,0.125,events.out.tfevents.1789319519.zzx23457-System-Product-Name.1927599.0
Metrics/motion/s52_terminal_lateral_early_double_support,92151,1789319521.8044784,1.0,events.out.tfevents.1789319519.zzx23457-System-Product-Name.1927599.0
Metrics/motion/s52_terminal_lateral_early_double_support,92152,1789319522.5987318,1.0,events.out.tfevents.1789319519.zzx23457-System-Product-Name.1927599.0
Metrics/motion/s52_terminal_lateral_early_double_support,92153,1789319523.4142375,0.43806779384613037,events.out.tfevents.1789319519.zzx23457-System-Product-Name.1927599.0
Metrics/motion/s52_terminal_lateral_early_double_support,92154,1789319524.2295947,0.8020285367965698,events.out.tfevents.1789319519.zzx23457-System-Product-Name.1927599.0
Metrics/motion/s52_terminal_lateral_early_double_support,92155,1789319525.0306623,0.27563002705574036,events.out.tfevents.1789319519.zzx23457-System-Product-Name.1927599.0
Metrics/motion/s52_terminal_lateral_early_double_support,92156,1789319526.1089323,1.0,events.out.tfevents.1789319519.zzx23457-System-Product-Name.1927599.0
Metrics/motion/s52_terminal_lateral_early_double_support,92157,1789319526.9251387,0.9225336909294128,events.out.tfevents.1789319519.zzx23457-System-Product-Name.1927599.0
Metrics/motion/s52_terminal_lateral_early_error_abs,92151,1789319521.803931,0.020362377166748047,events.out.tfevents.1789319519.zzx23457-System-Product-Name.1927599.0
Metrics/motion/s52_terminal_lateral_early_error_abs,92152,1789319522.598192,0.018888473510742188,events.out.tfevents.1789319519.zzx23457-System-Product-Name.1927599.0
Metrics/motion/s52_terminal_lateral_early_error_abs,92153,1789319523.4136794,0.09760530292987823,events.out.tfevents.1789319519.zzx23457-System-Product-Name.1927599.0
Metrics/motion/s52_terminal_lateral_early_error_abs,92154,1789319524.229029,0.11087241023778915,events.out.tfevents.1789319519.zzx23457-System-Product-Name.1927599.0
Metrics/motion/s52_terminal_lateral_early_error_abs,92155,1789319525.0301135,0.013309672474861145,events.out.tfevents.1789319519.zzx23457-System-Product-Name.1927599.0
Metrics/motion/s52_terminal_lateral_early_error_abs,92156,1789319526.1083894,0.03693445026874542,events.out.tfevents.1789319519.zzx23457-System-Product-Name.1927599.0
Metrics/motion/s52_terminal_lateral_early_error_abs,92157,1789319526.9245636,0.04421907663345337,events.out.tfevents.1789319519.zzx23457-System-Product-Name.1927599.0
Metrics/motion/s52_terminal_lateral_early_excess,92151,1789319521.8042095,0.0,events.out.tfevents.1789319519.zzx23457-System-Product-Name.1927599.0
Metrics/motion/s52_terminal_lateral_early_excess,92152,1789319522.5984602,0.0,events.out.tfevents.1789319519.zzx23457-System-Product-Name.1927599.0
Metrics/motion/s52_terminal_lateral_early_excess,92153,1789319523.4139645,0.059911828488111496,events.out.tfevents.1789319519.zzx23457-System-Product-Name.1927599.0
Metrics/motion/s52_terminal_lateral_early_excess,92154,1789319524.2293046,0.07803083956241608,events.out.tfevents.1789319519.zzx23457-System-Product-Name.1927599.0
Metrics/motion/s52_terminal_lateral_early_excess,92155,1789319525.0303886,0.0,events.out.tfevents.1789319519.zzx23457-System-Product-Name.1927599.0
Metrics/motion/s52_terminal_lateral_early_excess,92156,1789319526.1086578,0.004509160295128822,events.out.tfevents.1789319519.zzx23457-System-Product-Name.1927599.0
Metrics/motion/s52_terminal_lateral_early_excess,92157,1789319526.9248478,0.012377100996673107,events.out.tfevents.1789319519.zzx23457-System-Product-Name.1927599.0
Metrics/motion/s52_terminal_lateral_early_progress,92151,1789319521.804743,0.0,events.out.tfevents.1789319519.zzx23457-System-Product-Name.1927599.0
Metrics/motion/s52_terminal_lateral_early_progress,92152,1789319522.5990117,0.0,events.out.tfevents.1789319519.zzx23457-System-Product-Name.1927599.0
Metrics/motion/s52_terminal_lateral_early_progress,92153,1789319523.4145095,0.04743329808115959,events.out.tfevents.1789319519.zzx23457-System-Product-Name.1927599.0
Metrics/motion/s52_terminal_lateral_early_progress,92154,1789319524.2301216,0.05621246621012688,events.out.tfevents.1789319519.zzx23457-System-Product-Name.1927599.0
Metrics/motion/s52_terminal_lateral_early_progress,92155,1789319525.0309389,0.0,events.out.tfevents.1789319519.zzx23457-System-Product-Name.1927599.0
Metrics/motion/s52_terminal_lateral_early_progress,92156,1789319526.1091967,0.0,events.out.tfevents.1789319519.zzx23457-System-Product-Name.1927599.0
Metrics/motion/s52_terminal_lateral_early_progress,92157,1789319526.925424,0.12235849350690842,events.out.tfevents.1789319519.zzx23457-System-Product-Name.1927599.0
Metrics/motion/s52_terminal_lateral_error_abs,92151,1789319521.8022552,0.020362377166748047,events.out.tfevents.1789319519.zzx23457-System-Product-Name.1927599.0
Metrics/motion/s52_terminal_lateral_error_abs,92152,1789319522.5965726,0.018888473510742188,events.out.tfevents.1789319519.zzx23457-System-Product-Name.1927599.0
Metrics/motion/s52_terminal_lateral_error_abs,92153,1789319523.4120274,0.09760530292987823,events.out.tfevents.1789319519.zzx23457-System-Product-Name.1927599.0
Metrics/motion/s52_terminal_lateral_error_abs,92154,1789319524.2273848,0.11087241023778915,events.out.tfevents.1789319519.zzx23457-System-Product-Name.1927599.0
Metrics/motion/s52_terminal_lateral_error_abs,92155,1789319525.0284553,0.013309672474861145,events.out.tfevents.1789319519.zzx23457-System-Product-Name.1927599.0
Metrics/motion/s52_terminal_lateral_error_abs,92156,1789319526.1067445,0.03693445026874542,events.out.tfevents.1789319519.zzx23457-System-Product-Name.1927599.0
Metrics/motion/s52_terminal_lateral_error_abs,92157,1789319526.9228296,0.04421907663345337,events.out.tfevents.1789319519.zzx23457-System-Product-Name.1927599.0
Metrics/motion/s52_terminal_lateral_position_excess,92151,1789319521.802533,0.0,events.out.tfevents.1789319519.zzx23457-System-Product-Name.1927599.0
Metrics/motion/s52_terminal_lateral_position_excess,92152,1789319522.596833,0.0,events.out.tfevents.1789319519.zzx23457-System-Product-Name.1927599.0
Metrics/motion/s52_terminal_lateral_position_excess,92153,1789319523.4123082,0.059911828488111496,events.out.tfevents.1789319519.zzx23457-System-Product-Name.1927599.0
Metrics/motion/s52_terminal_lateral_position_excess,92154,1789319524.2276492,0.07803083956241608,events.out.tfevents.1789319519.zzx23457-System-Product-Name.1927599.0
Metrics/motion/s52_terminal_lateral_position_excess,92155,1789319525.0287259,0.0,events.out.tfevents.1789319519.zzx23457-System-Product-Name.1927599.0
Metrics/motion/s52_terminal_lateral_position_excess,92156,1789319526.1070182,0.004509160295128822,events.out.tfevents.1789319519.zzx23457-System-Product-Name.1927599.0
Metrics/motion/s52_terminal_lateral_position_excess,92157,1789319526.9231184,0.012377100996673107,events.out.tfevents.1789319519.zzx23457-System-Product-Name.1927599.0
Metrics/motion/s52_terminal_lateral_residual_loss,92151,1789319521.8036494,0.0,events.out.tfevents.1789319519.zzx23457-System-Product-Name.1927599.0
Metrics/motion/s52_terminal_lateral_residual_loss,92152,1789319522.5979137,0.0,events.out.tfevents.1789319519.zzx23457-System-Product-Name.1927599.0
Metrics/motion/s52_terminal_lateral_residual_loss,92153,1789319523.4134085,0.45637354254722595,events.out.tfevents.1789319519.zzx23457-System-Product-Name.1927599.0
Metrics/motion/s52_terminal_lateral_residual_loss,92154,1789319524.2287617,0.5899975299835205,events.out.tfevents.1789319519.zzx23457-System-Product-Name.1927599.0
Metrics/motion/s52_terminal_lateral_residual_loss,92155,1789319525.0298338,0.0,events.out.tfevents.1789319519.zzx23457-System-Product-Name.1927599.0
Metrics/motion/s52_terminal_lateral_residual_loss,92156,1789319526.1081195,0.0,events.out.tfevents.1789319519.zzx23457-System-Product-Name.1927599.0
Metrics/motion/s52_terminal_lateral_residual_loss,92157,1789319526.924279,0.5199960470199585,events.out.tfevents.1789319519.zzx23457-System-Product-Name.1927599.0
Metrics/motion/s52_terminal_lateral_velocity_error_abs,92151,1789319521.802809,0.05234406888484955,events.out.tfevents.1789319519.zzx23457-System-Product-Name.1927599.0
Metrics/motion/s52_terminal_lateral_velocity_error_abs,92152,1789319522.5970984,0.056196920573711395,events.out.tfevents.1789319519.zzx23457-System-Product-Name.1927599.0
Metrics/motion/s52_terminal_lateral_velocity_error_abs,92153,1789319523.4125834,0.16133742034435272,events.out.tfevents.1789319519.zzx23457-System-Product-Name.1927599.0
Metrics/motion/s52_terminal_lateral_velocity_error_abs,92154,1789319524.2279375,0.18448540568351746,events.out.tfevents.1789319519.zzx23457-System-Product-Name.1927599.0
Metrics/motion/s52_terminal_lateral_velocity_error_abs,92155,1789319525.0290034,0.02960236370563507,events.out.tfevents.1789319519.zzx23457-System-Product-Name.1927599.0
Metrics/motion/s52_terminal_lateral_velocity_error_abs,92156,1789319526.1072893,0.03047734498977661,events.out.tfevents.1789319519.zzx23457-System-Product-Name.1927599.0
Metrics/motion/s52_terminal_lateral_velocity_error_abs,92157,1789319526.9234164,0.12807320058345795,events.out.tfevents.1789319519.zzx23457-System-Product-Name.1927599.0
Metrics/motion/s52_terminal_missing_double_support,92151,1789319521.8000553,0.0,events.out.tfevents.1789319519.zzx23457-System-Product-Name.1927599.0
Metrics/motion/s52_terminal_missing_double_support,92152,1789319522.5943942,0.0,events.out.tfevents.1789319519.zzx23457-System-Product-Name.1927599.0
Metrics/motion/s52_terminal_missing_double_support,92153,1789319523.409567,0.0,events.out.tfevents.1789319519.zzx23457-System-Product-Name.1927599.0
Metrics/motion/s52_terminal_missing_double_support,92154,1789319524.2251744,0.0,events.out.tfevents.1789319519.zzx23457-System-Product-Name.1927599.0
Metrics/motion/s52_terminal_missing_double_support,92155,1789319525.0262344,0.0,events.out.tfevents.1789319519.zzx23457-System-Product-Name.1927599.0
Metrics/motion/s52_terminal_missing_double_support,92156,1789319526.1044874,0.0,events.out.tfevents.1789319519.zzx23457-System-Product-Name.1927599.0
Metrics/motion/s52_terminal_missing_double_support,92157,1789319526.9203217,0.0,events.out.tfevents.1789319519.zzx23457-System-Product-Name.1927599.0
Metrics/motion/s52_terminal_soft_progress_active,92151,1789319521.811757,0.0,events.out.tfevents.1789319519.zzx23457-System-Product-Name.1927599.0
Metrics/motion/s52_terminal_soft_progress_active,92152,1789319522.6047194,0.0,events.out.tfevents.1789319519.zzx23457-System-Product-Name.1927599.0
Metrics/motion/s52_terminal_soft_progress_active,92153,1789319523.4202974,0.9375,events.out.tfevents.1789319519.zzx23457-System-Product-Name.1927599.0
Metrics/motion/s52_terminal_soft_progress_active,92154,1789319524.235929,0.7708333730697632,events.out.tfevents.1789319519.zzx23457-System-Product-Name.1927599.0
Metrics/motion/s52_terminal_soft_progress_active,92155,1789319525.0369394,0.0,events.out.tfevents.1789319519.zzx23457-System-Product-Name.1927599.0
Metrics/motion/s52_terminal_soft_progress_active,92156,1789319526.1150742,0.0,events.out.tfevents.1789319519.zzx23457-System-Product-Name.1927599.0
Metrics/motion/s52_terminal_soft_progress_active,92157,1789319526.9313815,0.125,events.out.tfevents.1789319519.zzx23457-System-Product-Name.1927599.0
Metrics/motion/s52_terminal_soft_progress_contact_confidence,92151,1789319521.812859,0.0,events.out.tfevents.1789319519.zzx23457-System-Product-Name.1927599.0
Metrics/motion/s52_terminal_soft_progress_contact_confidence,92152,1789319522.6057992,0.0,events.out.tfevents.1789319519.zzx23457-System-Product-Name.1927599.0
Metrics/motion/s52_terminal_soft_progress_contact_confidence,92153,1789319523.421408,0.8443177938461304,events.out.tfevents.1789319519.zzx23457-System-Product-Name.1927599.0
Metrics/motion/s52_terminal_soft_progress_contact_confidence,92154,1789319524.2370222,0.6979166865348816,events.out.tfevents.1789319519.zzx23457-System-Product-Name.1927599.0
Metrics/motion/s52_terminal_soft_progress_contact_confidence,92155,1789319525.0380368,0.0,events.out.tfevents.1789319519.zzx23457-System-Product-Name.1927599.0
Metrics/motion/s52_terminal_soft_progress_contact_confidence,92156,1789319526.1161513,0.0,events.out.tfevents.1789319519.zzx23457-System-Product-Name.1927599.0
Metrics/motion/s52_terminal_soft_progress_contact_confidence,92157,1789319526.9325163,0.125,events.out.tfevents.1789319519.zzx23457-System-Product-Name.1927599.0
Metrics/motion/s52_terminal_soft_progress_floor,92151,1789319521.81258,0.0,events.out.tfevents.1789319519.zzx23457-System-Product-Name.1927599.0
Metrics/motion/s52_terminal_soft_progress_floor,92152,1789319522.6055384,0.0,events.out.tfevents.1789319519.zzx23457-System-Product-Name.1927599.0
Metrics/motion/s52_terminal_soft_progress_floor,92153,1789319523.4211204,0.0032879095524549484,events.out.tfevents.1789319519.zzx23457-System-Product-Name.1927599.0
Metrics/motion/s52_terminal_soft_progress_floor,92154,1789319524.2367575,0.0,events.out.tfevents.1789319519.zzx23457-System-Product-Name.1927599.0
Metrics/motion/s52_terminal_soft_progress_floor,92155,1789319525.037764,0.0,events.out.tfevents.1789319519.zzx23457-System-Product-Name.1927599.0
Metrics/motion/s52_terminal_soft_progress_floor,92156,1789319526.1158812,0.0,events.out.tfevents.1789319519.zzx23457-System-Product-Name.1927599.0
Metrics/motion/s52_terminal_soft_progress_floor,92157,1789319526.9322333,0.0,events.out.tfevents.1789319519.zzx23457-System-Product-Name.1927599.0
Metrics/motion/s52_terminal_soft_progress_position_error,92151,1789319521.8120282,3.194125175476074,events.out.tfevents.1789319519.zzx23457-System-Product-Name.1927599.0
Metrics/motion/s52_terminal_soft_progress_position_error,92152,1789319522.6049893,3.1923627853393555,events.out.tfevents.1789319519.zzx23457-System-Product-Name.1927599.0
Metrics/motion/s52_terminal_soft_progress_position_error,92153,1789319523.4205768,0.4873177707195282,events.out.tfevents.1789319519.zzx23457-System-Product-Name.1927599.0
Metrics/motion/s52_terminal_soft_progress_position_error,92154,1789319524.2362032,0.8504449725151062,events.out.tfevents.1789319519.zzx23457-System-Product-Name.1927599.0
Metrics/motion/s52_terminal_soft_progress_position_error,92155,1789319525.0372038,3.1239490509033203,events.out.tfevents.1789319519.zzx23457-System-Product-Name.1927599.0
Metrics/motion/s52_terminal_soft_progress_position_error,92156,1789319526.115346,3.0353455543518066,events.out.tfevents.1789319519.zzx23457-System-Product-Name.1927599.0
Metrics/motion/s52_terminal_soft_progress_position_error,92157,1789319526.9316733,2.65653133392334,events.out.tfevents.1789319519.zzx23457-System-Product-Name.1927599.0
Metrics/motion/s52_terminal_soft_progress_speed,92151,1789319521.8123062,0.011163761839270592,events.out.tfevents.1789319519.zzx23457-System-Product-Name.1927599.0
Metrics/motion/s52_terminal_soft_progress_speed,92152,1789319522.6052732,0.014235896989703178,events.out.tfevents.1789319519.zzx23457-System-Product-Name.1927599.0
Metrics/motion/s52_terminal_soft_progress_speed,92153,1789319523.4208448,0.2866722047328949,events.out.tfevents.1789319519.zzx23457-System-Product-Name.1927599.0
Metrics/motion/s52_terminal_soft_progress_speed,92154,1789319524.2364814,0.22176343202590942,events.out.tfevents.1789319519.zzx23457-System-Product-Name.1927599.0
Metrics/motion/s52_terminal_soft_progress_speed,92155,1789319525.0374894,0.4587949514389038,events.out.tfevents.1789319519.zzx23457-System-Product-Name.1927599.0
Metrics/motion/s52_terminal_soft_progress_speed,92156,1789319526.1156075,0.35791537165641785,events.out.tfevents.1789319519.zzx23457-System-Product-Name.1927599.0
Metrics/motion/s52_terminal_soft_progress_speed,92157,1789319526.931944,0.4132010340690613,events.out.tfevents.1789319519.zzx23457-System-Product-Name.1927599.0
Metrics/motion/s52_terminal_soft_progress_touchdown_fraction,92151,1789319521.8131273,0.0,events.out.tfevents.1789319519.zzx23457-System-Product-Name.1927599.0
Metrics/motion/s52_terminal_soft_progress_touchdown_fraction,92152,1789319522.6060703,0.0,events.out.tfevents.1789319519.zzx23457-System-Product-Name.1927599.0
Metrics/motion/s52_terminal_soft_progress_touchdown_fraction,92153,1789319523.4216843,0.0,events.out.tfevents.1789319519.zzx23457-System-Product-Name.1927599.0
Metrics/motion/s52_terminal_soft_progress_touchdown_fraction,92154,1789319524.2373116,0.0,events.out.tfevents.1789319519.zzx23457-System-Product-Name.1927599.0
Metrics/motion/s52_terminal_soft_progress_touchdown_fraction,92155,1789319525.0383103,0.0,events.out.tfevents.1789319519.zzx23457-System-Product-Name.1927599.0
Metrics/motion/s52_terminal_soft_progress_touchdown_fraction,92156,1789319526.1164334,0.0,events.out.tfevents.1789319519.zzx23457-System-Product-Name.1927599.0
Metrics/motion/s52_terminal_soft_progress_touchdown_fraction,92157,1789319526.9327946,0.0,events.out.tfevents.1789319519.zzx23457-System-Product-Name.1927599.0
Metrics/motion/s52_terminal_support_penalty_active,92151,1789319521.8003237,0.0,events.out.tfevents.1789319519.zzx23457-System-Product-Name.1927599.0
Metrics/motion/s52_terminal_support_penalty_active,92152,1789319522.5946722,0.0,events.out.tfevents.1789319519.zzx23457-System-Product-Name.1927599.0
Metrics/motion/s52_terminal_support_penalty_active,92153,1789319523.4098368,0.0,events.out.tfevents.1789319519.zzx23457-System-Product-Name.1927599.0
Metrics/motion/s52_terminal_support_penalty_active,92154,1789319524.2254558,0.625,events.out.tfevents.1789319519.zzx23457-System-Product-Name.1927599.0
Metrics/motion/s52_terminal_support_penalty_active,92155,1789319525.0265098,0.0,events.out.tfevents.1789319519.zzx23457-System-Product-Name.1927599.0
Metrics/motion/s52_terminal_support_penalty_active,92156,1789319526.1047957,0.0,events.out.tfevents.1789319519.zzx23457-System-Product-Name.1927599.0
Metrics/motion/s52_terminal_support_penalty_active,92157,1789319526.9206073,0.125,events.out.tfevents.1789319519.zzx23457-System-Product-Name.1927599.0
Metrics/motion/sampling_entropy,92150,1789319520.760279,0.125,events.out.tfevents.1789319519.zzx23457-System-Product-Name.1927599.0
Metrics/motion/sampling_entropy,92151,1789319521.7964873,1.0,events.out.tfevents.1789319519.zzx23457-System-Product-Name.1927599.0
Metrics/motion/sampling_entropy,92152,1789319522.5901353,1.0,events.out.tfevents.1789319519.zzx23457-System-Product-Name.1927599.0
Metrics/motion/sampling_entropy,92153,1789319523.406012,1.0,events.out.tfevents.1789319519.zzx23457-System-Product-Name.1927599.0
Metrics/motion/sampling_entropy,92154,1789319524.2216313,0.9995718002319336,events.out.tfevents.1789319519.zzx23457-System-Product-Name.1927599.0
Metrics/motion/sampling_entropy,92155,1789319525.0226605,0.9983428716659546,events.out.tfevents.1789319519.zzx23457-System-Product-Name.1927599.0
Metrics/motion/sampling_entropy,92156,1789319526.100617,0.9984409213066101,events.out.tfevents.1789319519.zzx23457-System-Product-Name.1927599.0
Metrics/motion/sampling_entropy,92157,1789319526.9165874,0.9984399676322937,events.out.tfevents.1789319519.zzx23457-System-Product-Name.1927599.0
Metrics/motion/sampling_terrain_focus_fraction,92150,1789319520.7614424,0.0361328125,events.out.tfevents.1789319519.zzx23457-System-Product-Name.1927599.0
Metrics/motion/sampling_terrain_focus_fraction,92151,1789319521.7975976,0.072265625,events.out.tfevents.1789319519.zzx23457-System-Product-Name.1927599.0
Metrics/motion/sampling_terrain_focus_fraction,92152,1789319522.5913048,0.0,events.out.tfevents.1789319519.zzx23457-System-Product-Name.1927599.0
Metrics/motion/sampling_terrain_focus_fraction,92153,1789319523.4070923,0.0,events.out.tfevents.1789319519.zzx23457-System-Product-Name.1927599.0
Metrics/motion/sampling_terrain_focus_fraction,92154,1789319524.2227328,0.3958333432674408,events.out.tfevents.1789319519.zzx23457-System-Product-Name.1927599.0
Metrics/motion/sampling_terrain_focus_fraction,92155,1789319525.0237575,0.625,events.out.tfevents.1789319519.zzx23457-System-Product-Name.1927599.0
Metrics/motion/sampling_terrain_focus_fraction,92156,1789319526.1017067,0.0,events.out.tfevents.1789319519.zzx23457-System-Product-Name.1927599.0
Metrics/motion/sampling_terrain_focus_fraction,92157,1789319526.9177246,0.0625,events.out.tfevents.1789319519.zzx23457-System-Product-Name.1927599.0
Metrics/motion/sampling_top1_bin,92150,1789319520.760865,0.0,events.out.tfevents.1789319519.zzx23457-System-Product-Name.1927599.0
Metrics/motion/sampling_top1_bin,92151,1789319521.7970412,0.0,events.out.tfevents.1789319519.zzx23457-System-Product-Name.1927599.0
Metrics/motion/sampling_top1_bin,92152,1789319522.5907252,0.0,events.out.tfevents.1789319519.zzx23457-System-Product-Name.1927599.0
Metrics/motion/sampling_top1_bin,92153,1789319523.4065433,0.0,events.out.tfevents.1789319519.zzx23457-System-Product-Name.1927599.0
Metrics/motion/sampling_top1_bin,92154,1789319524.2221713,0.6296296119689941,events.out.tfevents.1789319519.zzx23457-System-Product-Name.1927599.0
Metrics/motion/sampling_top1_bin,92155,1789319525.0232031,0.888888955116272,events.out.tfevents.1789319519.zzx23457-System-Product-Name.1927599.0
Metrics/motion/sampling_top1_bin,92156,1789319526.1011577,0.888888955116272,events.out.tfevents.1789319519.zzx23457-System-Product-Name.1927599.0
Metrics/motion/sampling_top1_bin,92157,1789319526.9171445,0.888888955116272,events.out.tfevents.1789319519.zzx23457-System-Product-Name.1927599.0
Metrics/motion/sampling_top1_prob,92150,1789319520.7605731,0.004629629664123058,events.out.tfevents.1789319519.zzx23457-System-Product-Name.1927599.0
Metrics/motion/sampling_top1_prob,92151,1789319521.796759,0.03703703731298447,events.out.tfevents.1789319519.zzx23457-System-Product-Name.1927599.0
Metrics/motion/sampling_top1_prob,92152,1789319522.5904357,0.03703703731298447,events.out.tfevents.1789319519.zzx23457-System-Product-Name.1927599.0
Metrics/motion/sampling_top1_prob,92153,1789319523.4062796,0.03703703731298447,events.out.tfevents.1789319519.zzx23457-System-Product-Name.1927599.0
Metrics/motion/sampling_top1_prob,92154,1789319524.2219055,0.04278964921832085,events.out.tfevents.1789319519.zzx23457-System-Product-Name.1927599.0
Metrics/motion/sampling_top1_prob,92155,1789319525.022939,0.05115913972258568,events.out.tfevents.1789319519.zzx23457-System-Product-Name.1927599.0
Metrics/motion/sampling_top1_prob,92156,1789319526.1008918,0.05071818828582764,events.out.tfevents.1789319519.zzx23457-System-Product-Name.1927599.0
Metrics/motion/sampling_top1_prob,92157,1789319526.9168708,0.049997564405202866,events.out.tfevents.1789319519.zzx23457-System-Product-Name.1927599.0
Metrics/motion/sampling_zero_start_fraction,92150,1789319520.7611487,0.0849609375,events.out.tfevents.1789319519.zzx23457-System-Product-Name.1927599.0
Metrics/motion/sampling_zero_start_fraction,92151,1789319521.7973163,0.919921875,events.out.tfevents.1789319519.zzx23457-System-Product-Name.1927599.0
Metrics/motion/sampling_zero_start_fraction,92152,1789319522.5910041,1.0,events.out.tfevents.1789319519.zzx23457-System-Product-Name.1927599.0
Metrics/motion/sampling_zero_start_fraction,92153,1789319523.4068215,0.875,events.out.tfevents.1789319519.zzx23457-System-Product-Name.1927599.0
Metrics/motion/sampling_zero_start_fraction,92154,1789319524.2224479,0.3125,events.out.tfevents.1789319519.zzx23457-System-Product-Name.1927599.0
Metrics/motion/sampling_zero_start_fraction,92155,1789319525.0234802,0.375,events.out.tfevents.1789319519.zzx23457-System-Product-Name.1927599.0
Metrics/motion/sampling_zero_start_fraction,92156,1789319526.1014378,1.0,events.out.tfevents.1789319519.zzx23457-System-Product-Name.1927599.0
Metrics/motion/sampling_zero_start_fraction,92157,1789319526.9174352,0.9375,events.out.tfevents.1789319519.zzx23457-System-Product-Name.1927599.0
Metrics/motion/shared_clearance_active_fraction,92151,1789319521.8055525,0.0,events.out.tfevents.1789319519.zzx23457-System-Product-Name.1927599.0
Metrics/motion/shared_clearance_active_fraction,92152,1789319522.5998273,0.0,events.out.tfevents.1789319519.zzx23457-System-Product-Name.1927599.0
Metrics/motion/shared_clearance_active_fraction,92153,1789319523.4153411,0.5,events.out.tfevents.1789319519.zzx23457-System-Product-Name.1927599.0
Metrics/motion/shared_clearance_active_fraction,92154,1789319524.230984,0.1458333432674408,events.out.tfevents.1789319519.zzx23457-System-Product-Name.1927599.0
Metrics/motion/shared_clearance_active_fraction,92155,1789319525.0317588,0.0,events.out.tfevents.1789319519.zzx23457-System-Product-Name.1927599.0
Metrics/motion/shared_clearance_active_fraction,92156,1789319526.1100214,0.0,events.out.tfevents.1789319519.zzx23457-System-Product-Name.1927599.0
Metrics/motion/shared_clearance_active_fraction,92157,1789319526.9262722,0.010416666977107525,events.out.tfevents.1789319519.zzx23457-System-Product-Name.1927599.0
Metrics/motion/shared_clearance_actual_swing_fraction,92151,1789319521.806072,0.375,events.out.tfevents.1789319519.zzx23457-System-Product-Name.1927599.0
Metrics/motion/shared_clearance_actual_swing_fraction,92152,1789319522.6001012,0.5,events.out.tfevents.1789319519.zzx23457-System-Product-Name.1927599.0
Metrics/motion/shared_clearance_actual_swing_fraction,92153,1789319523.415615,0.9375,events.out.tfevents.1789319519.zzx23457-System-Product-Name.1927599.0
Metrics/motion/shared_clearance_actual_swing_fraction,92154,1789319524.2312553,0.1875,events.out.tfevents.1789319519.zzx23457-System-Product-Name.1927599.0
Metrics/motion/shared_clearance_actual_swing_fraction,92155,1789319525.0320337,0.5208333730697632,events.out.tfevents.1789319519.zzx23457-System-Product-Name.1927599.0
Metrics/motion/shared_clearance_actual_swing_fraction,92156,1789319526.110303,0.7083333730697632,events.out.tfevents.1789319519.zzx23457-System-Product-Name.1927599.0
Metrics/motion/shared_clearance_actual_swing_fraction,92157,1789319526.926564,0.34375,events.out.tfevents.1789319519.zzx23457-System-Product-Name.1927599.0
Metrics/motion/shared_clearance_cost,92151,1789319521.8052804,0.0,events.out.tfevents.1789319519.zzx23457-System-Product-Name.1927599.0
Metrics/motion/shared_clearance_cost,92152,1789319522.5995636,0.0,events.out.tfevents.1789319519.zzx23457-System-Product-Name.1927599.0
Metrics/motion/shared_clearance_cost,92153,1789319523.4150589,0.0,events.out.tfevents.1789319519.zzx23457-System-Product-Name.1927599.0
Metrics/motion/shared_clearance_cost,92154,1789319524.230697,0.0,events.out.tfevents.1789319519.zzx23457-System-Product-Name.1927599.0
Metrics/motion/shared_clearance_cost,92155,1789319525.0314803,0.0,events.out.tfevents.1789319519.zzx23457-System-Product-Name.1927599.0
Metrics/motion/shared_clearance_cost,92156,1789319526.1097517,0.0,events.out.tfevents.1789319519.zzx23457-System-Product-Name.1927599.0
Metrics/motion/shared_clearance_cost,92157,1789319526.9259799,0.0,events.out.tfevents.1789319519.zzx23457-System-Product-Name.1927599.0
Metrics/motion/shared_clearance_hard_fraction,92151,1789319521.807002,0.0,events.out.tfevents.1789319519.zzx23457-System-Product-Name.1927599.0
Metrics/motion/shared_clearance_hard_fraction,92152,1789319522.6009152,0.0,events.out.tfevents.1789319519.zzx23457-System-Product-Name.1927599.0
Metrics/motion/shared_clearance_hard_fraction,92153,1789319523.416435,0.0,events.out.tfevents.1789319519.zzx23457-System-Product-Name.1927599.0
Metrics/motion/shared_clearance_hard_fraction,92154,1789319524.2320793,0.0,events.out.tfevents.1789319519.zzx23457-System-Product-Name.1927599.0
Metrics/motion/shared_clearance_hard_fraction,92155,1789319525.0330815,0.0,events.out.tfevents.1789319519.zzx23457-System-Product-Name.1927599.0
Metrics/motion/shared_clearance_hard_fraction,92156,1789319526.1111214,0.0,events.out.tfevents.1789319519.zzx23457-System-Product-Name.1927599.0
Metrics/motion/shared_clearance_hard_fraction,92157,1789319526.9274259,0.0,events.out.tfevents.1789319519.zzx23457-System-Product-Name.1927599.0
Metrics/motion/shared_clearance_min_distance,92151,1789319521.807307,0.003000000026077032,events.out.tfevents.1789319519.zzx23457-System-Product-Name.1927599.0
Metrics/motion/shared_clearance_min_distance,92152,1789319522.6011863,0.003000000026077032,events.out.tfevents.1789319519.zzx23457-System-Product-Name.1927599.0
Metrics/motion/shared_clearance_min_distance,92153,1789319523.4167142,0.005390163045376539,events.out.tfevents.1789319519.zzx23457-System-Product-Name.1927599.0
Metrics/motion/shared_clearance_min_distance,92154,1789319524.232355,0.008577045984566212,events.out.tfevents.1789319519.zzx23457-System-Product-Name.1927599.0
Metrics/motion/shared_clearance_min_distance,92155,1789319525.0333672,0.003000000026077032,events.out.tfevents.1789319519.zzx23457-System-Product-Name.1927599.0
Metrics/motion/shared_clearance_min_distance,92156,1789319526.1115372,0.003000000026077032,events.out.tfevents.1789319519.zzx23457-System-Product-Name.1927599.0
Metrics/motion/shared_clearance_min_distance,92157,1789319526.9277008,0.003000000026077032,events.out.tfevents.1789319519.zzx23457-System-Product-Name.1927599.0
Metrics/motion/shared_clearance_planned_swing_fraction,92151,1789319521.8063862,0.0,events.out.tfevents.1789319519.zzx23457-System-Product-Name.1927599.0
Metrics/motion/shared_clearance_planned_swing_fraction,92152,1789319522.600379,0.0,events.out.tfevents.1789319519.zzx23457-System-Product-Name.1927599.0
Metrics/motion/shared_clearance_planned_swing_fraction,92153,1789319523.4158885,0.0520833358168602,events.out.tfevents.1789319519.zzx23457-System-Product-Name.1927599.0
Metrics/motion/shared_clearance_planned_swing_fraction,92154,1789319524.2315254,0.1145833358168602,events.out.tfevents.1789319519.zzx23457-System-Product-Name.1927599.0
Metrics/motion/shared_clearance_planned_swing_fraction,92155,1789319525.032306,0.5,events.out.tfevents.1789319519.zzx23457-System-Product-Name.1927599.0
Metrics/motion/shared_clearance_planned_swing_fraction,92156,1789319526.1105728,0.3541666865348816,events.out.tfevents.1789319519.zzx23457-System-Product-Name.1927599.0
Metrics/motion/shared_clearance_planned_swing_fraction,92157,1789319526.9268491,0.2083333432674408,events.out.tfevents.1789319519.zzx23457-System-Product-Name.1927599.0
Metrics/motion/shared_clearance_violation_fraction,92151,1789319521.8066986,0.0,events.out.tfevents.1789319519.zzx23457-System-Product-Name.1927599.0
Metrics/motion/shared_clearance_violation_fraction,92152,1789319522.6006415,0.0,events.out.tfevents.1789319519.zzx23457-System-Product-Name.1927599.0
Metrics/motion/shared_clearance_violation_fraction,92153,1789319523.4161596,0.0,events.out.tfevents.1789319519.zzx23457-System-Product-Name.1927599.0
Metrics/motion/shared_clearance_violation_fraction,92154,1789319524.2318094,0.0,events.out.tfevents.1789319519.zzx23457-System-Product-Name.1927599.0
Metrics/motion/shared_clearance_violation_fraction,92155,1789319525.0325875,0.0,events.out.tfevents.1789319519.zzx23457-System-Product-Name.1927599.0
Metrics/motion/shared_clearance_violation_fraction,92156,1789319526.1108432,0.0,events.out.tfevents.1789319519.zzx23457-System-Product-Name.1927599.0
Metrics/motion/shared_clearance_violation_fraction,92157,1789319526.927129,0.0,events.out.tfevents.1789319519.zzx23457-System-Product-Name.1927599.0
Metrics/motion/sole_support_bad_fraction,92151,1789319521.7997825,0.0,events.out.tfevents.1789319519.zzx23457-System-Product-Name.1927599.0
Metrics/motion/sole_support_bad_fraction,92152,1789319522.5941043,0.0,events.out.tfevents.1789319519.zzx23457-System-Product-Name.1927599.0
Metrics/motion/sole_support_bad_fraction,92153,1789319523.4092891,0.46875,events.out.tfevents.1789319519.zzx23457-System-Product-Name.1927599.0
Metrics/motion/sole_support_bad_fraction,92154,1789319524.2249012,0.3854166865348816,events.out.tfevents.1789319519.zzx23457-System-Product-Name.1927599.0
Metrics/motion/sole_support_bad_fraction,92155,1789319525.0259542,0.02083333395421505,events.out.tfevents.1789319519.zzx23457-System-Product-Name.1927599.0
Metrics/motion/sole_support_bad_fraction,92156,1789319526.1041648,0.3541666865348816,events.out.tfevents.1789319519.zzx23457-System-Product-Name.1927599.0
Metrics/motion/sole_support_bad_fraction,92157,1789319526.9200447,0.3333333432674408,events.out.tfevents.1789319519.zzx23457-System-Product-Name.1927599.0
Metrics/motion/sole_support_max_gap,92151,1789319521.7995017,0.005035060457885265,events.out.tfevents.1789319519.zzx23457-System-Product-Name.1927599.0
Metrics/motion/sole_support_max_gap,92152,1789319522.5938048,0.005009934306144714,events.out.tfevents.1789319519.zzx23457-System-Product-Name.1927599.0
Metrics/motion/sole_support_max_gap,92153,1789319523.4090238,0.23277044296264648,events.out.tfevents.1789319519.zzx23457-System-Product-Name.1927599.0
Metrics/motion/sole_support_max_gap,92154,1789319524.2246327,0.10720594972372055,events.out.tfevents.1789319519.zzx23457-System-Product-Name.1927599.0
Metrics/motion/sole_support_max_gap,92155,1789319525.0256858,0.005843582563102245,events.out.tfevents.1789319519.zzx23457-System-Product-Name.1927599.0
Metrics/motion/sole_support_max_gap,92156,1789319526.1038964,0.017266562208533287,events.out.tfevents.1789319519.zzx23457-System-Product-Name.1927599.0
Metrics/motion/sole_support_max_gap,92157,1789319526.9197607,0.09283345937728882,events.out.tfevents.1789319519.zzx23457-System-Product-Name.1927599.0
Metrics/motion/tgmp_toe_min_distance,92151,1789319521.7989583,0.03318406641483307,events.out.tfevents.1789319519.zzx23457-System-Product-Name.1927599.0
Metrics/motion/tgmp_toe_min_distance,92152,1789319522.593128,0.030853290110826492,events.out.tfevents.1789319519.zzx23457-System-Product-Name.1927599.0
Metrics/motion/tgmp_toe_min_distance,92153,1789319523.4084733,0.052334096282720566,events.out.tfevents.1789319519.zzx23457-System-Product-Name.1927599.0
Metrics/motion/tgmp_toe_min_distance,92154,1789319524.224091,0.042898595333099365,events.out.tfevents.1789319519.zzx23457-System-Product-Name.1927599.0
Metrics/motion/tgmp_toe_min_distance,92155,1789319525.025138,0.015797052532434464,events.out.tfevents.1789319519.zzx23457-System-Product-Name.1927599.0
Metrics/motion/tgmp_toe_min_distance,92156,1789319526.103346,0.005538435187190771,events.out.tfevents.1789319519.zzx23457-System-Product-Name.1927599.0
Metrics/motion/tgmp_toe_min_distance,92157,1789319526.9191859,0.04782754182815552,events.out.tfevents.1789319519.zzx23457-System-Product-Name.1927599.0
Metrics/motion/tgmp_toe_safe_fraction,92151,1789319521.7992375,1.0,events.out.tfevents.1789319519.zzx23457-System-Product-Name.1927599.0
Metrics/motion/tgmp_toe_safe_fraction,92152,1789319522.5934756,1.0,events.out.tfevents.1789319519.zzx23457-System-Product-Name.1927599.0
Metrics/motion/tgmp_toe_safe_fraction,92153,1789319523.408756,1.0,events.out.tfevents.1789319519.zzx23457-System-Product-Name.1927599.0
Metrics/motion/tgmp_toe_safe_fraction,92154,1789319524.2243648,0.9583333730697632,events.out.tfevents.1789319519.zzx23457-System-Product-Name.1927599.0
Metrics/motion/tgmp_toe_safe_fraction,92155,1789319525.0254095,0.6875,events.out.tfevents.1789319519.zzx23457-System-Product-Name.1927599.0
Metrics/motion/tgmp_toe_safe_fraction,92156,1789319526.103614,1.0,events.out.tfevents.1789319519.zzx23457-System-Product-Name.1927599.0
Metrics/motion/tgmp_toe_safe_fraction,92157,1789319526.9194734,1.0,events.out.tfevents.1789319519.zzx23457-System-Product-Name.1927599.0
Perf/collection time,92150,1789319520.7644827,1.630821943283081,events.out.tfevents.1789319519.zzx23457-System-Product-Name.1927599.0
Perf/collection time,92151,1789319521.816898,0.9331498146057129,events.out.tfevents.1789319519.zzx23457-System-Product-Name.1927599.0
Perf/collection time,92152,1789319522.6102164,0.6934537887573242,events.out.tfevents.1789319519.zzx23457-System-Product-Name.1927599.0
Perf/collection time,92153,1789319523.4254282,0.7181334495544434,events.out.tfevents.1789319519.zzx23457-System-Product-Name.1927599.0
Perf/collection time,92154,1789319524.2410467,0.7203881740570068,events.out.tfevents.1789319519.zzx23457-System-Product-Name.1927599.0
Perf/collection time,92155,1789319525.042031,0.7059206962585449,events.out.tfevents.1789319519.zzx23457-System-Product-Name.1927599.0
Perf/collection time,92156,1789319526.120446,0.9822041988372803,events.out.tfevents.1789319519.zzx23457-System-Product-Name.1927599.0
Perf/collection time,92157,1789319526.9365695,0.718449592590332,events.out.tfevents.1789319519.zzx23457-System-Product-Name.1927599.0
Perf/learning_time,92150,1789319520.7645185,0.10819387435913086,events.out.tfevents.1789319519.zzx23457-System-Product-Name.1927599.0
Perf/learning_time,92151,1789319521.8169167,0.038817405700683594,events.out.tfevents.1789319519.zzx23457-System-Product-Name.1927599.0
Perf/learning_time,92152,1789319522.6102378,0.03763437271118164,events.out.tfevents.1789319519.zzx23457-System-Product-Name.1927599.0
Perf/learning_time,92153,1789319523.425448,0.03735971450805664,events.out.tfevents.1789319519.zzx23457-System-Product-Name.1927599.0
Perf/learning_time,92154,1789319524.2410662,0.03698563575744629,events.out.tfevents.1789319519.zzx23457-System-Product-Name.1927599.0
Perf/learning_time,92155,1789319525.0420492,0.03716230392456055,events.out.tfevents.1789319519.zzx23457-System-Product-Name.1927599.0
Perf/learning_time,92156,1789319526.1204648,0.03646111488342285,events.out.tfevents.1789319519.zzx23457-System-Product-Name.1927599.0
Perf/learning_time,92157,1789319526.936591,0.0374600887298584,events.out.tfevents.1789319519.zzx23457-System-Product-Name.1927599.0
Perf/total_fps,92150,1789319520.7644773,1766.0,events.out.tfevents.1789319519.zzx23457-System-Product-Name.1927599.0
Perf/total_fps,92151,1789319521.816878,3160.0,events.out.tfevents.1789319519.zzx23457-System-Product-Name.1927599.0
Perf/total_fps,92152,1789319522.610196,4201.0,events.out.tfevents.1789319519.zzx23457-System-Product-Name.1927599.0
Perf/total_fps,92153,1789319523.4254088,4066.0,events.out.tfevents.1789319519.zzx23457-System-Product-Name.1927599.0
Perf/total_fps,92154,1789319524.2410264,4056.0,events.out.tfevents.1789319519.zzx23457-System-Product-Name.1927599.0
Perf/total_fps,92155,1789319525.042011,4134.0,events.out.tfevents.1789319519.zzx23457-System-Product-Name.1927599.0
Perf/total_fps,92156,1789319526.1204264,3015.0,events.out.tfevents.1789319519.zzx23457-System-Product-Name.1927599.0
Perf/total_fps,92157,1789319526.9365492,4063.0,events.out.tfevents.1789319519.zzx23457-System-Product-Name.1927599.0
Policy/mean_noise_std,92150,1789319520.7644668,0.01999983936548233,events.out.tfevents.1789319519.zzx23457-System-Product-Name.1927599.0
Policy/mean_noise_std,92151,1789319521.8168707,0.019999710842967033,events.out.tfevents.1789319519.zzx23457-System-Product-Name.1927599.0
Policy/mean_noise_std,92152,1789319522.610185,0.01999959535896778,events.out.tfevents.1789319519.zzx23457-System-Product-Name.1927599.0
Policy/mean_noise_std,92153,1789319523.4254017,0.01999938115477562,events.out.tfevents.1789319519.zzx23457-System-Product-Name.1927599.0
Policy/mean_noise_std,92154,1789319524.2410183,0.019999254494905472,events.out.tfevents.1789319519.zzx23457-System-Product-Name.1927599.0
Policy/mean_noise_std,92155,1789319525.0420036,0.019999297335743904,events.out.tfevents.1789319519.zzx23457-System-Product-Name.1927599.0
Policy/mean_noise_std,92156,1789319526.1204185,0.019999433308839798,events.out.tfevents.1789319519.zzx23457-System-Product-Name.1927599.0
Policy/mean_noise_std,92157,1789319526.9365416,0.019999543204903603,events.out.tfevents.1789319519.zzx23457-System-Product-Name.1927599.0
Train/mean_episode_length,92150,1789319520.7646184,22.0,events.out.tfevents.1789319519.zzx23457-System-Product-Name.1927599.0
Train/mean_episode_length,92151,1789319521.8169987,26.5,events.out.tfevents.1789319519.zzx23457-System-Product-Name.1927599.0
Train/mean_episode_length,92152,1789319522.6103258,26.5,events.out.tfevents.1789319519.zzx23457-System-Product-Name.1927599.0
Train/mean_episode_length,92153,1789319523.425536,67.83333587646484,events.out.tfevents.1789319519.zzx23457-System-Product-Name.1927599.0
Train/mean_episode_length,92154,1789319524.2411587,78.75,events.out.tfevents.1789319519.zzx23457-System-Product-Name.1927599.0
Train/mean_episode_length,92155,1789319525.0421433,91.0,events.out.tfevents.1789319519.zzx23457-System-Product-Name.1927599.0
Train/mean_episode_length,92156,1789319526.1205559,97.45454406738281,events.out.tfevents.1789319519.zzx23457-System-Product-Name.1927599.0
Train/mean_episode_length,92157,1789319526.9366856,119.80000305175781,events.out.tfevents.1789319519.zzx23457-System-Product-Name.1927599.0
Train/mean_episode_length/time,1,1789319520.7646837,22.0,events.out.tfevents.1789319519.zzx23457-System-Product-Name.1927599.0
Train/mean_episode_length/time,2,1789319521.8170545,26.5,events.out.tfevents.1789319519.zzx23457-System-Product-Name.1927599.0
Train/mean_episode_length/time,3,1789319522.6103823,26.5,events.out.tfevents.1789319519.zzx23457-System-Product-Name.1927599.0
Train/mean_episode_length/time,4,1789319523.425595,67.83333587646484,events.out.tfevents.1789319519.zzx23457-System-Product-Name.1927599.0
Train/mean_episode_length/time,4,1789319524.241304,78.75,events.out.tfevents.1789319519.zzx23457-System-Product-Name.1927599.0
Train/mean_episode_length/time,5,1789319525.0422158,91.0,events.out.tfevents.1789319519.zzx23457-System-Product-Name.1927599.0
Train/mean_episode_length/time,6,1789319526.1206172,97.45454406738281,events.out.tfevents.1789319519.zzx23457-System-Product-Name.1927599.0
Train/mean_episode_length/time,7,1789319526.936755,119.80000305175781,events.out.tfevents.1789319519.zzx23457-System-Product-Name.1927599.0
Train/mean_reward,92150,1789319520.764604,6.602383613586426,events.out.tfevents.1789319519.zzx23457-System-Product-Name.1927599.0
Train/mean_reward,92151,1789319521.8169699,8.157184600830078,events.out.tfevents.1789319519.zzx23457-System-Product-Name.1927599.0
Train/mean_reward,92152,1789319522.610291,8.157184600830078,events.out.tfevents.1789319519.zzx23457-System-Product-Name.1927599.0
Train/mean_reward,92153,1789319523.425506,-7.628999710083008,events.out.tfevents.1789319519.zzx23457-System-Product-Name.1927599.0
Train/mean_reward,92154,1789319524.241125,1.4618669748306274,events.out.tfevents.1789319519.zzx23457-System-Product-Name.1927599.0
Train/mean_reward,92155,1789319525.0421076,9.698859214782715,events.out.tfevents.1789319519.zzx23457-System-Product-Name.1927599.0
Train/mean_reward,92156,1789319526.120525,13.142294883728027,events.out.tfevents.1789319519.zzx23457-System-Product-Name.1927599.0
Train/mean_reward,92157,1789319526.9366677,13.450217247009277,events.out.tfevents.1789319519.zzx23457-System-Product-Name.1927599.0
Train/mean_reward/time,1,1789319520.7646723,6.602383613586426,events.out.tfevents.1789319519.zzx23457-System-Product-Name.1927599.0
Train/mean_reward/time,2,1789319521.8170316,8.157184600830078,events.out.tfevents.1789319519.zzx23457-System-Product-Name.1927599.0
Train/mean_reward/time,3,1789319522.6103547,8.157184600830078,events.out.tfevents.1789319519.zzx23457-System-Product-Name.1927599.0
Train/mean_reward/time,4,1789319523.425568,-7.628999710083008,events.out.tfevents.1789319519.zzx23457-System-Product-Name.1927599.0
Train/mean_reward/time,4,1789319524.2412221,1.4618669748306274,events.out.tfevents.1789319519.zzx23457-System-Product-Name.1927599.0
Train/mean_reward/time,5,1789319525.0421863,9.698859214782715,events.out.tfevents.1789319519.zzx23457-System-Product-Name.1927599.0
Train/mean_reward/time,6,1789319526.1205904,13.142294883728027,events.out.tfevents.1789319519.zzx23457-System-Product-Name.1927599.0
Train/mean_reward/time,7,1789319526.9367244,13.450217247009277,events.out.tfevents.1789319519.zzx23457-System-Product-Name.1927599.0
